Date,Open,High,Low,Close,Volume
2010-01-04,49.8,50.08,49.74,50.0,24657
2010-01-05,49.86,50.02,49.84,49.94,16727
2010-01-06,50.0,50.26,49.76,50.0,19648
2010-01-07,49.72,50.26,49.27,49.91,23990
2010-01-08,49.73,50.84,49.59,50.58,25067
2010-01-11,50.82,51.05,50.65,50.69,15051
2010-01-12,50.71,51.22,50.16,51.12,34766
2010-01-13,51.57,51.75,49.96,50.07,24541
2010-01-14,49.97,50.66,49.65,50.37,33538
2010-01-15,50.48,50.9,49.89,50.73,45122
2010-01-18,50.86,51.92,50.62,51.68,31807
2010-01-19,51.81,52.07,50.86,51.15,30941
2010-01-20,50.92,51.2,50.52,50.88,14404
2010-01-21,50.97,51.41,50.69,50.79,16864
2010-01-22,51.15,51.27,51.01,51.13,24789
2010-01-25,51.46,51.88,51.01,51.08,25160
2010-01-26,51.6,51.75,50.68,51.03,28634
2010-01-27,50.97,51.19,50.59,50.68,14974
2010-01-28,50.5,51.42,50.45,51.16,50785
2010-01-29,50.96,51.46,50.9,51.36,39525
2010-02-01,51.24,52.67,50.86,52.15,47767
2010-02-02,52.16,52.17,51.72,51.87,27955
2010-02-03,52.06,52.09,51.69,52.04,10612
2010-02-04,51.91,52.26,51.87,52.03,15662
2010-02-05,51.63,52.06,51.15,51.32,40341
2010-02-08,51.28,51.42,49.93,50.11,26532
2010-02-09,49.97,50.49,49.46,49.53,22796
2010-02-10,49.73,50.26,49.58,50.09,23331
2010-02-11,50.0,50.26,49.33,49.78,14863
2010-02-12,49.72,50.03,49.53,49.98,17348
2010-02-15,50.01,50.23,49.89,50.2,18170
2010-02-16,50.24,50.34,48.9,49.71,27518
2010-02-17,49.89,50.34,49.59,49.87,46949
2010-02-18,50.04,50.35,49.48,50.16,14559
2010-02-19,50.2,50.69,49.66,50.03,8508
2010-02-22,50.1,50.64,50.07,50.4,21368
2010-02-23,50.17,50.91,50.12,50.49,18903
2010-02-24,50.62,50.67,50.1,50.22,8533
2010-02-25,50.03,50.6,49.88,50.2,33367
2010-02-26,50.02,50.34,49.66,49.86,46442
2010-03-01,50.03,50.07,49.36,49.73,20902
2010-03-02,50.0,50.21,49.22,49.63,50570
2010-03-03,49.49,49.78,49.47,49.66,18315
2010-03-04,49.66,49.87,49.6,49.77,25863
2010-03-05,49.75,50.29,49.69,49.9,44319
2010-03-08,49.95,50.0,49.73,49.95,24932
2010-03-09,49.98,50.43,49.61,50.11,24975
2010-03-10,50.21,50.44,49.99,50.16,48762
2010-03-11,49.99,50.44,49.88,50.24,40437
2010-03-12,50.0,50.62,49.84,50.6,24243
2010-03-15,50.66,51.18,50.21,51.0,12972
2010-03-16,51.11,51.24,50.69,50.81,20021
2010-03-17,51.08,51.32,50.72,50.8,8499
2010-03-18,50.77,51.35,50.61,51.28,48830
2010-03-19,51.58,51.67,51.49,51.64,28045
2010-03-22,51.96,52.15,51.63,51.65,14858
2010-03-23,51.86,52.05,51.86,51.93,25848
2010-03-24,51.86,52.01,50.93,51.29,16794
2010-03-25,51.16,52.04,50.82,51.65,24783
2010-03-26,51.84,52.32,51.77,52.08,14133
2010-03-29,52.07,52.41,51.28,51.65,17140
2010-03-30,51.84,51.99,51.43,51.57,20386
2010-03-31,51.88,52.04,51.7,51.8,17619
2010-04-01,51.77,51.93,51.59,51.86,12329
2010-04-02,51.91,52.07,50.38,51.01,15337
2010-04-05,50.67,51.25,50.4,51.21,15743
2010-04-06,51.48,51.63,50.62,50.73,10570
2010-04-07,50.78,51.28,50.57,51.12,35223
2010-04-08,51.16,51.96,51.1,51.55,15019
2010-04-09,51.57,51.69,50.9,51.25,28354
2010-04-12,51.03,51.88,50.99,51.69,24193
2010-04-13,51.9,52.1,51.77,52.09,25270
2010-04-14,52.1,53.51,52.05,52.95,9917
2010-04-15,52.94,53.41,52.78,53.23,28365
2010-04-16,53.2,53.42,52.67,53.02,16409
2010-04-19,52.85,53.16,52.58,52.91,34028
2010-04-20,52.85,53.61,52.59,53.01,42829
2010-04-21,52.92,53.16,52.32,52.5,12228
2010-04-22,52.93,53.34,52.82,52.99,56348
2010-04-23,52.85,53.37,52.63,53.23,30560
2010-04-26,53.25,53.25,52.65,53.15,23870
2010-04-27,53.32,54.08,53.1,53.93,31812
2010-04-28,53.75,53.96,53.67,53.89,17294
2010-04-29,53.81,53.97,53.8,53.89,19823
2010-04-30,54.49,54.83,54.44,54.46,14113
2010-05-03,54.26,55.18,54.08,54.61,19808
2010-05-04,54.54,54.59,53.96,54.25,16761
2010-05-05,54.35,54.56,54.29,54.44,30170
2010-05-06,54.37,54.88,54.2,54.8,16309
2010-05-07,54.99,55.02,54.5,54.69,17961
2010-05-10,54.04,55.27,53.75,55.04,18381
2010-05-11,55.01,55.49,54.51,55.33,23608
2010-05-12,55.48,55.7,54.36,54.83,22967
2010-05-13,54.65,55.21,54.56,54.66,36025
2010-05-14,54.57,55.33,54.5,54.62,38274
2010-05-17,54.47,55.56,54.43,55.55,38403
2010-05-18,55.49,55.63,55.24,55.29,21777
2010-05-19,55.12,55.72,55.06,55.35,42963
2010-05-20,55.5,55.51,55.0,55.08,16299
2010-05-21,54.83,54.84,54.05,54.34,41888
2010-05-24,54.66,57.98,54.61,57.82,18648
2010-05-25,58.02,58.69,57.65,58.13,33791
2010-05-26,58.08,58.56,57.23,57.32,24566
2010-05-27,57.36,57.88,57.14,57.55,15755
2010-05-28,57.84,58.35,57.54,58.13,48927
2010-05-31,58.14,58.26,58.09,58.17,15470
2010-06-01,58.38,58.94,58.02,58.64,28270
2010-06-02,58.83,59.05,58.71,58.74,11292
2010-06-03,58.71,58.97,57.88,58.42,16237
2010-06-04,58.35,58.91,58.03,58.03,21864
2010-06-07,57.93,58.33,57.73,57.96,38219
2010-06-08,57.92,58.17,57.57,58.1,11518
2010-06-09,57.87,58.04,57.05,57.41,26132
2010-06-10,57.39,57.9,57.07,57.43,31989
2010-06-11,57.24,57.54,56.66,56.99,19960
2010-06-14,56.88,57.6,56.81,57.29,25166
2010-06-15,57.78,57.92,57.17,57.31,13224
2010-06-16,57.58,57.69,56.98,57.11,37634
2010-06-17,57.18,58.69,57.15,58.16,27014
2010-06-18,58.14,59.34,57.9,59.3,26719
2010-06-21,59.2,59.26,58.94,59.13,20548
2010-06-22,59.52,59.76,59.43,59.69,27211
2010-06-23,59.37,60.85,59.09,60.77,20744
2010-06-24,60.83,61.36,60.76,61.07,18391
2010-06-25,60.82,61.12,60.33,60.9,17799
2010-06-28,60.74,61.41,60.49,61.29,13774
2010-06-29,61.09,61.77,60.27,60.64,21673
2010-06-30,60.92,61.0,59.77,60.31,21566
2010-07-01,60.42,60.72,60.32,60.64,41453
2010-07-02,60.91,61.13,60.36,60.71,12352
2010-07-05,60.76,60.78,60.52,60.56,27017
2010-07-06,60.77,61.1,60.1,60.46,31458
2010-07-07,60.25,61.06,59.54,60.57,37209
2010-07-08,60.4,61.04,59.88,60.82,47258
2010-07-09,60.66,60.99,60.0,60.43,15375
2010-07-12,60.54,60.69,60.2,60.47,14942
2010-07-13,60.92,61.1,59.8,59.87,28081
2010-07-14,59.74,60.2,59.56,60.19,35992
2010-07-15,60.04,60.1,59.32,59.65,23999
2010-07-16,60.08,60.23,60.01,60.09,37936
2010-07-19,59.98,60.65,59.26,60.27,20623
2010-07-20,60.75,60.9,59.66,60.26,26950
2010-07-21,60.28,60.38,59.8,60.06,19387
2010-07-22,60.12,60.78,59.66,60.61,17409
2010-07-23,60.48,61.46,60.31,61.12,17967
2010-07-26,61.35,61.5,60.78,61.1,14513
2010-07-27,61.34,61.65,61.1,61.49,13589
2010-07-28,61.21,63.03,60.9,62.68,34156
2010-07-29,62.29,62.97,61.93,62.85,40829
2010-07-30,62.84,63.34,62.64,62.83,38394
2010-08-02,62.5,63.55,62.45,62.99,12496
2010-08-03,63.38,64.48,62.5,64.01,17916
2010-08-04,64.03,64.32,61.48,61.55,47922
2010-08-05,62.25,62.28,61.67,61.93,25063
2010-08-06,61.88,62.47,61.66,62.45,48752
2010-08-09,62.54,62.81,61.89,62.0,17233
2010-08-10,61.69,62.57,61.62,62.54,13058
2010-08-11,62.6,62.82,62.04,62.46,20973
2010-08-12,62.61,63.41,62.58,63.18,9053
2010-08-13,62.87,63.01,62.44,62.83,26434
2010-08-16,62.74,63.54,62.24,62.77,40433
2010-08-17,62.82,62.95,61.71,62.31,44337
2010-08-18,62.09,62.74,61.76,62.53,17314
2010-08-19,62.47,62.59,61.94,62.54,18641
2010-08-20,62.65,62.7,61.28,61.81,39248
2010-08-23,61.55,61.92,61.2,61.21,20145
2010-08-24,60.98,61.16,60.64,60.73,19709
2010-08-25,60.46,67.68,60.44,67.5,25844
2010-08-26,67.5,67.66,67.37,67.57,24709
2010-08-27,67.55,67.86,67.5,67.74,35648
2010-08-30,67.87,68.07,66.83,68.04,28521
2010-08-31,67.89,68.53,67.58,68.04,15409
2010-09-01,68.19,68.28,68.17,68.25,52995
2010-09-02,68.52,69.16,68.17,68.98,25976
2010-09-03,69.29,69.48,69.15,69.26,45948
2010-09-06,69.08,70.26,68.9,70.08,27901
2010-09-07,70.25,70.68,69.81,70.46,20452
2010-09-08,70.68,71.33,70.6,71.1,18968
2010-09-09,70.8,71.62,70.69,71.28,18322
2010-09-10,70.7,71.67,70.37,71.41,15778
2010-09-13,71.31,71.75,70.89,71.2,19936
2010-09-14,71.19,71.84,70.1,71.11,24192
2010-09-15,71.09,71.4,70.84,71.24,20704
2010-09-16,71.26,71.3,70.77,70.97,19740
2010-09-17,70.92,72.43,70.85,71.55,12914
2010-09-20,71.4,71.66,70.63,70.78,27024
2010-09-21,70.87,71.2,70.65,70.7,24574
2010-09-22,70.9,70.95,70.19,70.31,32134
2010-09-23,69.89,70.12,69.6,69.66,22540
2010-09-24,69.52,70.48,68.59,70.17,10632
2010-09-27,70.32,71.17,70.02,71.0,50005
2010-09-28,71.24,71.3,70.57,70.91,23613
2010-09-29,70.77,71.25,70.32,71.07,32480
2010-09-30,70.81,71.57,70.75,71.43,16291
2010-10-01,71.37,71.94,71.32,71.62,30529
2010-10-04,71.61,72.2,71.24,71.77,27599
2010-10-05,71.66,72.17,70.48,70.7,17019
2010-10-06,70.25,71.11,70.18,70.78,32071
2010-10-07,71.07,71.48,70.55,70.8,20038
2010-10-08,70.99,71.13,69.84,69.93,15588
2010-10-11,70.0,70.05,69.93,70.02,38582
2010-10-12,69.86,70.4,69.62,69.88,13451
2010-10-13,70.07,70.67,69.33,69.34,19945
2010-10-14,69.83,70.58,68.85,69.12,27952
2010-10-15,68.89,69.44,68.84,69.4,25773
2010-10-18,69.05,69.13,68.92,68.94,21858
2010-10-19,68.73,69.6,68.61,69.13,18330
2010-10-20,69.16,69.87,68.83,69.63,28297
2010-10-21,69.22,70.23,68.97,69.89,32812
2010-10-22,70.15,70.32,69.91,70.05,25182
2010-10-25,70.29,70.43,69.12,69.17,14810
2010-10-26,68.94,70.23,68.55,69.9,15469
2010-10-27,70.1,70.2,69.07,69.45,29664
2010-10-28,69.03,69.99,68.95,69.86,23503
2010-10-29,69.82,70.16,69.39,70.08,12852
2010-11-01,69.66,70.1,69.62,70.07,30179
2010-11-02,70.29,70.31,69.48,69.5,28379
2010-11-03,70.0,70.62,69.69,69.95,14808
2010-11-04,69.95,70.85,69.85,70.75,29324
2010-11-05,71.01,71.03,70.2,70.57,21805
2010-11-08,70.52,70.89,70.41,70.82,21014
2010-11-09,70.88,71.09,70.47,70.78,26044
2010-11-10,71.14,71.61,70.7,70.72,28219
2010-11-11,70.6,71.48,70.59,71.44,12467
2010-11-12,71.03,71.57,70.33,71.57,14280
2010-11-15,71.73,73.12,70.96,72.96,23167
2010-11-16,73.37,73.86,72.72,73.18,16684
2010-11-17,73.31,73.49,72.78,72.93,41112
2010-11-18,73.4,73.76,73.31,73.68,40154
2010-11-19,73.95,74.04,73.14,73.25,14597
2010-11-22,73.42,73.69,73.29,73.57,17253
2010-11-23,73.41,73.83,73.07,73.69,17345
2010-11-24,73.42,74.06,73.09,73.24,20393
2010-11-25,73.28,73.62,72.16,72.64,17544
2010-11-26,72.75,73.73,72.29,73.54,42209
2010-11-29,73.75,74.05,73.36,73.43,20943
2010-11-30,73.41,73.94,72.45,73.15,36138
2010-12-01,73.01,73.33,72.42,72.47,21523
2010-12-02,72.31,72.79,72.31,72.56,54606
2010-12-03,72.56,72.63,71.82,72.48,16457
2010-12-06,72.62,72.66,71.58,72.11,18753
2010-12-07,72.61,72.92,72.21,72.29,17502
2010-12-08,72.32,73.04,71.83,72.92,21598
2010-12-09,73.33,74.62,73.3,74.55,21842
2010-12-10,75.02,75.07,74.79,74.88,17514
2010-12-13,74.64,75.88,74.45,75.44,39585
2010-12-14,75.79,75.95,74.8,74.89,19284
2010-12-15,74.86,75.3,73.5,73.94,28453
2010-12-16,73.89,74.19,73.02,73.19,29026
2010-12-17,73.51,74.79,73.28,74.01,23710
2010-12-20,73.92,74.61,73.73,74.48,25879
2010-12-21,74.29,74.56,73.4,73.93,29767
2010-12-22,73.59,74.29,73.55,74.1,18912
2010-12-23,73.75,74.14,71.77,72.83,25043
2010-12-24,72.61,73.4,72.53,73.27,24383
2010-12-27,73.76,73.8,72.29,72.33,29899
2010-12-28,72.55,73.44,72.38,73.35,44930
2010-12-29,73.38,73.76,72.63,73.08,38087
2010-12-30,72.71,72.94,72.17,72.56,14457
2010-12-31,72.75,73.5,72.63,73.48,19444
2011-01-03,73.52,74.09,73.2,73.92,33640
2011-01-04,74.11,74.58,73.32,73.74,26535
2011-01-05,73.41,74.45,73.32,74.21,23383
2011-01-06,74.59,74.82,73.07,73.73,26325
2011-01-07,73.69,73.94,73.16,73.32,47721
2011-01-10,73.49,74.07,71.76,72.27,22458
2011-01-11,72.21,72.63,69.98,70.12,41479
2011-01-12,70.17,71.04,68.73,69.24,33606
2011-01-13,68.74,69.44,68.45,69.14,19257
2011-01-14,68.83,69.48,68.58,69.19,33824
2011-01-17,69.42,70.83,69.39,70.57,26540
2011-01-18,70.33,70.76,70.31,70.58,33948
2011-01-19,70.88,71.41,70.78,70.85,28556
2011-01-20,70.32,70.41,69.08,69.21,54158
2011-01-21,69.25,69.77,69.07,69.67,21665
2011-01-24,70.07,70.36,68.95,69.36,13653
2011-01-25,69.47,69.47,68.21,69.02,15875
2011-01-26,68.72,69.92,68.4,69.34,35562
2011-01-27,69.75,69.87,69.17,69.5,17388
2011-01-28,69.11,70.48,68.65,70.14,12599
2011-01-31,69.97,70.57,69.74,70.33,8460
2011-02-01,70.48,70.77,70.03,70.21,21213
2011-02-02,70.5,70.78,69.89,70.17,24359
2011-02-03,70.26,71.59,70.16,70.69,23777
2011-02-04,70.84,71.4,70.75,71.15,34819
2011-02-07,70.95,71.01,70.46,70.6,23135
2011-02-08,70.36,71.04,70.28,70.5,16641
2011-02-09,70.36,70.89,70.28,70.75,30962
2011-02-10,70.18,71.24,70.11,70.73,57278
2011-02-11,71.05,71.58,70.17,70.37,25611
2011-02-14,70.37,71.02,69.9,70.71,27213
2011-02-15,70.35,70.8,70.12,70.31,16210
2011-02-16,70.43,71.37,70.4,70.55,24599
2011-02-17,70.45,71.74,70.36,71.3,8928
2011-02-18,71.15,71.66,70.75,71.46,35093
2011-02-21,70.98,71.51,70.63,71.28,25231
2011-02-22,71.67,72.06,71.02,71.96,14576
2011-02-23,72.05,72.47,71.7,72.3,11158
2011-02-24,72.54,72.84,71.74,71.87,15153
2011-02-25,71.83,72.14,71.79,71.82,39464
2011-02-28,71.42,73.24,71.22,73.02,26074
2011-03-01,73.18,73.3,72.12,72.67,38321
2011-03-02,73.19,73.73,72.57,72.78,16603
2011-03-03,72.54,72.82,71.05,71.49,28233
2011-03-04,71.67,71.76,71.26,71.48,20305
2011-03-07,71.66,71.78,71.42,71.61,19996
2011-03-08,71.24,73.01,71.16,72.67,27137
2011-03-09,72.36,72.65,71.4,71.62,32652
2011-03-10,71.44,72.07,70.93,71.42,22479
2011-03-11,71.89,72.35,71.8,72.02,56564
2011-03-14,71.64,72.81,71.58,72.76,20784
2011-03-15,72.71,72.84,71.46,71.58,9758
2011-03-16,71.47,71.63,69.58,69.63,27284
2011-03-17,69.39,71.25,68.98,70.45,15485
2011-03-18,70.02,70.21,69.08,69.27,26555
2011-03-21,69.27,69.48,68.22,68.79,10603
2011-03-22,68.61,68.75,67.5,67.67,20731
2011-03-23,68.03,69.13,67.5,68.96,12385
2011-03-24,68.67,69.95,68.37,69.43,28794
2011-03-25,69.06,69.88,69.0,69.7,37516
2011-03-28,69.9,70.74,69.55,70.69,27506
2011-03-29,70.94,71.14,68.62,68.96,25997
2011-03-30,68.89,70.98,68.73,70.71,20120
2011-03-31,70.22,70.74,69.53,70.68,12878
2011-04-01,70.38,71.78,69.78,71.52,30378
2011-04-04,72.1,73.38,72.02,73.15,27386
2011-04-05,73.7,73.76,71.77,72.03,15619
2011-04-06,71.82,72.02,71.74,71.87,26045
2011-04-07,71.48,71.76,70.45,70.91,63707
2011-04-08,71.23,71.69,69.86,70.06,14128
2011-04-11,70.07,73.2,70.06,72.68,25193
2011-04-12,72.46,74.14,72.23,73.76,18657
2011-04-13,73.66,73.81,73.11,73.49,23987
2011-04-14,73.69,73.8,73.34,73.65,26670
2011-04-15,74.16,75.0,73.99,74.73,24538
2011-04-18,73.9,76.27,73.87,75.75,30014
2011-04-19,75.89,75.99,75.02,75.27,20038
2011-04-20,75.1,75.59,74.76,75.37,30859
2011-04-21,75.64,76.85,75.46,76.72,23809
2011-04-22,77.37,77.9,76.39,76.57,35469
2011-04-25,76.44,76.8,75.8,76.26,22939
2011-04-26,76.53,77.14,73.84,74.46,18885
2011-04-27,74.21,76.29,73.66,76.23,16751
2011-04-28,75.65,76.56,75.49,75.89,20796
2011-04-29,76.09,76.2,74.02,74.3,23266
2011-05-02,74.19,74.76,73.97,74.72,32231
2011-05-03,74.66,75.45,74.6,75.42,15367
2011-05-04,75.18,75.44,71.15,71.65,40143
2011-05-05,71.09,72.66,71.02,72.38,19834
2011-05-06,72.81,72.95,71.95,72.32,28662
2011-05-09,72.3,72.64,72.06,72.45,15752
2011-05-10,71.93,73.13,71.92,72.73,54956
2011-05-11,72.4,74.59,71.65,74.27,18197
2011-05-12,74.05,74.17,71.46,71.54,20706
2011-05-13,71.28,72.3,71.17,71.85,35810
2011-05-16,71.81,74.39,71.67,74.38,36546
2011-05-17,74.14,74.36,73.03,73.08,25480
2011-05-18,72.46,72.74,72.19,72.44,34769
2011-05-19,72.38,72.72,72.04,72.07,14756
2011-05-20,71.73,74.32,71.43,74.25,28668
2011-05-23,74.76,75.09,73.89,74.02,32018
2011-05-24,73.74,76.99,73.46,76.84,25132
2011-05-25,77.32,77.38,75.94,76.57,20318
2011-05-26,76.15,76.65,76.01,76.52,21684
2011-05-27,76.94,77.24,76.91,77.11,29744
2011-05-30,77.31,77.57,76.5,77.23,15062
2011-05-31,77.33,77.42,75.93,76.03,21313
2011-06-01,75.98,77.41,75.84,76.57,24317
2011-06-02,76.59,77.48,76.22,76.49,19167
2011-06-03,76.7,77.1,76.34,76.72,37375
2011-06-06,76.39,76.73,75.65,76.38,18522
2011-06-07,76.43,76.76,73.9,74.19,28201
2011-06-08,74.18,75.12,73.83,75.05,27941
2011-06-09,74.94,75.14,74.46,74.46,44498
2011-06-10,74.44,75.18,72.26,72.44,47340
2011-06-13,72.24,72.37,71.42,72.35,17205
2011-06-14,72.68,72.92,71.96,72.3,11873
2011-06-15,72.54,73.27,70.93,71.36,13305
2011-06-16,71.44,72.48,71.28,72.19,15568
2011-06-17,71.94,72.34,71.13,71.27,29871
2011-06-20,71.4,71.82,70.62,71.72,29232
2011-06-21,72.22,72.79,72.19,72.56,10902
2011-06-22,72.89,73.12,72.48,72.68,76636
2011-06-23,73.1,73.46,71.94,72.21,19793
2011-06-24,72.17,73.28,71.88,73.18,24667
2011-06-27,72.27,72.77,71.84,72.1,15450
2011-06-28,71.96,72.62,70.3,70.66,24844
2011-06-29,70.98,71.19,69.91,70.79,38172
2011-06-30,70.85,71.1,69.68,70.24,24212
2011-07-01,70.61,71.61,70.26,71.51,21325
2011-07-04,71.25,71.62,69.31,69.59,24118
2011-07-05,69.21,69.42,68.92,69.02,26897
2011-07-06,68.82,70.03,68.56,69.56,12835
2011-07-07,69.89,72.71,69.82,72.55,22799
2011-07-08,72.24,74.01,72.21,73.59,20357
2011-07-11,73.66,74.05,73.61,73.73,35047
2011-07-12,73.96,73.98,73.5,73.9,24589
2011-07-13,73.33,73.64,72.96,73.38,14884
2011-07-14,73.3,73.69,73.08,73.67,18859
2011-07-15,73.73,73.88,72.22,72.74,20795
2011-07-18,73.12,74.21,73.06,73.46,37651
2011-07-19,73.77,75.79,73.47,75.61,15645
2011-07-20,75.6,76.14,73.73,73.86,16791
2011-07-21,73.54,73.96,72.95,73.08,29040
2011-07-22,72.56,76.61,71.99,76.25,19213
2011-07-25,76.66,76.75,75.91,75.93,23252
2011-07-26,75.53,75.65,74.21,74.87,14429
2011-07-27,75.14,75.23,73.93,74.01,25170
2011-07-28,74.17,74.45,72.57,72.57,20945
2011-07-29,72.41,73.98,72.01,73.47,23116
2011-08-01,73.47,73.7,73.38,73.66,29616
2011-08-02,73.47,74.89,72.71,74.41,31316
2011-08-03,74.92,75.22,74.73,74.76,23070
2011-08-04,75.08,75.28,74.49,74.88,15223
2011-08-05,74.62,75.03,74.18,74.18,37089
2011-08-08,74.13,75.55,74.04,75.35,17488
2011-08-09,74.88,76.77,74.87,76.36,20709
2011-08-10,75.79,76.78,75.79,76.57,53773
2011-08-11,76.68,76.68,76.4,76.45,48527
2011-08-12,76.28,76.55,76.26,76.36,38242
2011-08-15,76.76,77.26,75.56,75.62,17290
2011-08-16,75.88,76.56,74.83,75.06,26210
2011-08-17,75.21,76.21,75.18,75.82,19250
2011-08-18,76.36,76.59,75.56,75.88,18080
2011-08-19,75.71,75.88,74.6,74.61,11035
2011-08-22,74.81,74.91,74.59,74.81,33009
2011-08-23,74.54,76.35,73.66,75.89,14109
2011-08-24,76.21,76.22,74.74,74.95,34891
2011-08-25,74.76,75.2,74.49,74.95,47269
2011-08-26,74.74,76.05,74.16,75.48,23886
2011-08-29,75.6,75.82,75.49,75.59,15666
2011-08-30,76.23,77.03,76.16,76.26,25106
2011-08-31,76.23,77.82,75.89,77.79,17458
2011-09-01,78.07,78.64,77.51,77.68,32733
2011-09-02,77.58,78.34,76.98,78.33,14644
2011-09-05,78.37,78.95,77.4,78.63,41172
2011-09-06,78.64,79.56,78.54,79.11,14800
2011-09-07,79.05,81.62,79.04,80.84,18624
2011-09-08,80.96,81.42,80.84,81.41,17605
2011-09-09,81.51,82.29,81.08,82.22,52764
2011-09-12,82.41,82.98,81.49,82.97,27907
2011-09-13,82.83,84.23,82.66,83.63,18282
2011-09-14,83.83,83.85,83.1,83.35,14060
2011-09-15,83.83,84.3,83.77,84.06,28706
2011-09-16,84.81,85.72,83.4,83.81,26291
2011-09-19,83.7,84.18,81.31,81.97,54907
2011-09-20,82.27,82.34,81.51,81.6,29640
2011-09-21,81.31,84.2,81.17,82.84,32776
2011-09-22,82.54,85.95,81.69,85.06,20634
2011-09-23,84.61,84.66,84.22,84.23,19541
2011-09-26,84.04,84.61,83.79,84.42,16779
2011-09-27,84.47,84.86,82.55,82.83,13399
2011-09-28,83.41,83.94,83.25,83.79,17299
2011-09-29,83.71,86.44,83.32,86.28,25345
2011-09-30,86.42,86.54,86.1,86.36,30074
2011-10-03,85.79,85.86,84.43,84.65,14573
2011-10-04,84.74,86.02,84.56,85.89,19658
2011-10-05,85.99,86.12,83.86,84.75,31195
2011-10-06,84.96,85.26,84.3,84.75,19624
2011-10-07,85.18,85.61,84.07,84.24,31080
2011-10-10,84.39,84.61,83.48,83.5,24478
2011-10-11,83.97,84.57,82.57,82.96,17314
2011-10-12,83.38,83.88,81.36,81.43,30010
2011-10-13,80.99,82.27,80.85,81.86,54159
2011-10-14,81.19,81.29,79.57,80.33,20346
2011-10-17,80.36,80.97,79.5,79.67,28962
2011-10-18,80.6,81.07,80.22,80.28,17796
2011-10-19,80.65,80.83,80.01,80.21,19219
2011-10-20,80.49,80.81,79.36,79.45,16764
2011-10-21,79.81,81.59,79.28,81.34,17008
2011-10-24,81.42,84.62,80.98,84.39,8976
2011-10-25,84.78,85.4,84.73,85.02,28220
2011-10-26,85.0,85.36,83.16,83.19,28255
2011-10-27,83.4,83.47,82.84,83.05,20026
2011-10-28,83.42,84.06,81.29,81.92,22489
2011-10-31,81.99,82.07,80.08,80.41,21156
2011-11-01,80.42,80.52,80.11,80.31,17388
2011-11-02,79.75,81.63,79.55,81.33,20743
2011-11-03,81.79,84.67,81.48,84.64,16206
2011-11-04,84.48,86.69,84.45,86.54,30578
2011-11-07,86.24,88.31,86.05,88.31,23672
2011-11-08,88.73,88.78,87.7,87.98,29521
2011-11-09,88.5,90.68,88.47,90.51,8554
2011-11-10,90.76,90.97,89.71,89.77,17688
2011-11-11,89.98,91.36,89.24,91.27,26358
2011-11-14,91.85,92.24,90.98,91.16,26520
2011-11-15,90.85,90.91,88.08,88.28,25528
2011-11-16,87.5,88.68,87.43,88.47,21114
2011-11-17,87.92,88.69,87.66,88.07,31911
2011-11-18,88.36,89.15,87.07,87.37,36806
2011-11-21,87.22,87.41,87.18,87.34,32636
2011-11-22,87.2,88.21,86.2,87.9,29513
2011-11-23,88.0,88.54,87.02,87.6,18733
2011-11-24,87.6,87.63,86.79,87.59,25876
2011-11-25,87.71,87.91,86.62,86.81,11458
2011-11-28,87.25,87.82,86.75,87.11,21153
2011-11-29,86.96,87.57,86.49,87.17,20322
2011-11-30,86.7,88.56,86.19,88.07,17061
2011-12-01,87.92,88.96,87.28,88.06,22486
2011-12-02,88.3,88.82,87.76,87.92,14977
2011-12-05,88.33,88.7,87.57,87.84,21811
2011-12-06,87.97,88.4,87.74,88.1,33564
2011-12-07,88.07,89.58,88.0,89.33,46061
2011-12-08,88.88,88.92,88.63,88.91,34530
2011-12-09,88.19,88.3,88.18,88.21,53029
2011-12-12,88.38,89.11,88.15,88.19,32272
2011-12-13,88.72,89.14,87.84,88.14,16459
2011-12-14,88.11,88.5,87.68,88.15,18130
2011-12-15,88.37,89.5,88.05,88.49,27687
2011-12-16,88.56,89.03,87.83,88.51,14659
2011-12-19,88.75,89.15,88.28,88.86,14998
2011-12-20,88.66,90.32,88.08,90.13,45786
2011-12-21,90.42,90.59,89.7,89.74,13262
2011-12-22,89.4,92.65,89.21,92.38,20172
2011-12-23,92.09,92.85,91.39,92.43,50853
2011-12-26,92.19,93.46,90.94,91.02,32503
2011-12-27,90.79,91.36,90.68,91.01,14746
2011-12-28,90.81,90.91,90.18,90.31,19475
2011-12-29,90.34,92.02,90.04,90.95,15421
2011-12-30,91.42,91.67,91.05,91.35,24193
2012-01-02,91.36,91.78,90.86,91.07,18630
2012-01-03,91.15,93.11,90.79,92.94,10250
2012-01-04,92.6,94.54,91.72,93.86,18573
2012-01-05,93.17,93.86,92.95,93.7,43235
2012-01-06,94.11,94.35,92.14,93.05,11927
2012-01-09,92.6,94.91,91.76,94.36,18996
2012-01-10,94.52,94.81,94.06,94.35,26980
2012-01-11,94.44,95.62,94.17,95.41,30892
2012-01-12,95.46,96.01,94.22,94.64,11131
2012-01-13,94.23,96.45,93.87,95.77,22228
2012-01-16,96.22,96.59,95.34,95.78,17477
2012-01-17,95.94,96.21,94.91,95.89,21991
2012-01-18,95.68,96.08,95.03,95.12,14821
2012-01-19,95.14,95.31,94.07,94.9,15452
2012-01-20,94.67,94.85,93.61,93.95,33125
2012-01-23,94.05,94.48,93.47,93.98,21226
2012-01-24,93.87,94.66,92.42,93.39,28890
2012-01-25,94.11,94.16,93.52,93.74,7863
2012-01-26,94.02,94.61,93.71,94.08,24005
2012-01-27,94.68,95.27,94.32,94.81,31000
2012-01-30,94.57,94.78,93.78,94.33,12555
2012-01-31,94.12,94.15,93.78,93.99,26950
2012-02-01,94.68,95.17,93.6,93.88,34356
2012-02-02,93.69,94.67,93.13,93.9,24408
2012-02-03,93.71,93.95,92.15,93.34,21477
2012-02-06,93.89,94.47,92.42,92.62,19109
2012-02-07,92.54,93.53,91.86,92.33,9270
2012-02-08,92.46,92.98,91.76,91.78,32214
2012-02-09,91.33,91.37,90.45,90.46,27086
2012-02-10,91.14,91.59,90.84,91.13,31210
2012-02-13,90.97,91.0,88.57,88.72,29573
2012-02-14,88.05,89.19,88.01,89.1,41909
2012-02-15,88.66,88.88,85.18,85.83,14075
2012-02-16,85.64,86.45,85.38,85.97,23386
2012-02-17,86.36,86.84,86.01,86.27,49329
2012-02-20,86.21,86.51,85.32,86.35,21492
2012-02-21,86.59,86.74,85.69,85.8,15087
2012-02-22,85.87,86.47,85.52,85.57,31745
2012-02-23,84.88,86.15,84.72,85.78,17462
2012-02-24,86.52,86.92,84.98,85.08,45316
2012-02-27,85.19,85.62,84.11,84.43,29494
2012-02-28,84.44,84.87,84.26,84.42,35144
2012-02-29,84.9,85.2,83.95,84.35,18964
2012-03-01,83.69,84.53,83.05,84.41,17269
2012-03-02,84.24,85.14,84.18,85.07,19985
2012-03-05,85.32,86.3,85.25,85.69,21721
2012-03-06,85.93,86.4,84.52,85.24,28377
2012-03-07,85.5,85.87,84.44,84.6,30328
2012-03-08,83.89,84.38,82.24,82.81,31261
2012-03-09,82.47,84.57,82.14,84.21,22560
2012-03-12,84.29,85.33,84.03,85.0,14984
2012-03-13,85.45,85.54,84.93,85.2,21335
2012-03-14,85.36,85.52,84.62,85.5,16399
2012-03-15,85.61,86.24,85.28,85.32,24363
2012-03-16,85.28,85.39,85.04,85.32,20235
2012-03-19,84.89,85.88,84.04,85.76,23243
2012-03-20,86.32,86.37,85.41,85.85,27873
2012-03-21,84.88,87.1,84.7,86.27,17620
2012-03-22,86.31,86.6,85.98,86.38,24893
2012-03-23,86.27,87.69,85.75,87.12,19703
2012-03-26,87.13,87.4,86.39,86.81,30540
2012-03-27,86.23,86.48,86.0,86.12,31577
2012-03-28,85.93,85.97,85.57,85.79,27746
2012-03-29,85.2,86.21,85.19,85.72,15435
2012-03-30,86.24,86.64,86.22,86.35,28421
2012-04-02,86.23,87.49,86.1,86.98,28202
2012-04-03,86.9,87.4,85.77,86.0,24934
2012-04-04,85.33,88.08,85.25,87.85,11764
2012-04-05,88.11,88.4,86.64,87.34,16309
2012-04-06,87.35,88.61,87.23,87.55,17919
2012-04-09,87.61,87.83,87.38,87.75,39604
2012-04-10,87.44,88.45,86.74,88.32,27834
2012-04-11,88.84,89.62,87.12,87.22,55379
2012-04-12,87.47,88.82,87.31,88.27,33418
2012-04-13,88.0,88.23,87.57,87.61,16701
2012-04-16,87.41,87.87,87.08,87.27,28491
2012-04-17,87.13,88.06,86.58,87.99,16371
2012-04-18,88.48,89.04,88.44,88.76,15306
2012-04-19,89.04,89.18,87.66,87.72,13647
2012-04-20,87.41,87.83,87.09,87.29,23046
2012-04-23,86.87,87.5,86.5,87.15,20674
2012-04-24,87.21,87.73,87.12,87.61,21112
2012-04-25,87.43,87.78,86.85,87.02,15168
2012-04-26,86.43,87.78,86.43,86.98,22852
2012-04-27,87.15,87.27,86.44,87.08,20469
2012-04-30,87.68,88.26,86.59,87.02,24562
2012-05-01,87.04,87.3,86.5,87.11,23752
2012-05-02,87.2,88.23,86.38,88.1,26766
2012-05-03,88.43,89.69,88.36,89.03,19018
2012-05-04,88.82,90.13,88.54,89.55,40310
2012-05-07,89.84,90.58,89.24,89.6,11780
2012-05-08,89.11,89.21,88.76,89.17,28737
2012-05-09,89.11,89.86,87.02,87.3,33422
2012-05-10,87.59,89.52,87.24,88.72,22748
2012-05-11,88.82,89.89,88.8,89.71,27705
2012-05-14,89.59,90.67,89.06,90.54,22872
2012-05-15,90.64,90.69,89.16,89.89,32953
2012-05-16,90.17,91.39,89.87,90.83,18698
2012-05-17,90.07,91.48,89.73,90.48,16474
2012-05-18,89.9,91.34,89.69,91.32,40763
2012-05-21,91.37,91.78,91.34,91.64,18181
2012-05-22,91.61,92.89,91.15,92.6,22034
2012-05-23,92.88,93.39,87.95,88.45,15784
2012-05-24,88.55,89.26,88.1,88.65,12863
2012-05-25,88.93,88.93,87.87,88.29,24920
2012-05-28,88.63,89.57,87.26,87.77,15886
2012-05-29,87.74,87.89,87.46,87.61,22469
2012-05-30,87.77,88.08,87.65,87.88,12235
2012-05-31,87.68,88.44,87.68,88.25,23080
2012-06-01,88.16,88.87,87.98,88.86,30195
2012-06-04,89.07,89.72,89.0,89.51,37603
2012-06-05,89.94,90.72,88.97,90.62,28806
2012-06-06,90.67,91.32,90.1,91.12,16721
2012-06-07,91.21,92.11,90.93,91.95,18883
2012-06-08,91.66,92.01,91.35,91.46,29160
2012-06-11,91.35,92.7,91.16,91.64,9241
2012-06-12,91.14,92.11,90.53,92.05,25107
2012-06-13,92.52,93.24,91.39,91.68,31889
2012-06-14,92.02,92.49,91.47,91.76,27636
2012-06-15,92.86,93.24,91.73,91.77,21345
2012-06-18,91.95,92.38,91.68,91.95,18791
2012-06-19,92.43,92.57,90.39,91.09,17559
2012-06-20,91.46,91.63,90.81,91.28,13268
2012-06-21,91.16,91.66,91.04,91.08,22132
2012-06-22,91.03,91.19,89.51,89.78,15640
2012-06-25,89.75,90.39,88.66,88.75,15736
2012-06-26,88.74,89.3,88.18,89.21,17061
2012-06-27,89.75,89.93,88.91,89.69,18454
2012-06-28,89.78,91.31,89.62,90.95,36633
2012-06-29,90.7,92.13,90.38,91.69,41117
2012-07-02,92.01,92.53,90.96,90.97,15150
2012-07-03,91.36,91.44,90.57,90.8,20375
2012-07-04,90.39,91.37,90.38,91.36,16908
2012-07-05,91.04,91.73,91.0,91.22,19262
2012-07-06,91.35,91.99,90.42,91.66,19165
2012-07-09,91.82,92.91,91.62,91.72,27258
2012-07-10,91.35,91.8,91.22,91.69,26350
2012-07-11,92.01,92.13,91.75,92.04,30735
2012-07-12,91.78,92.56,91.03,92.21,19111
2012-07-13,92.96,93.35,91.66,92.11,15568
2012-07-16,92.71,92.79,92.18,92.25,36246
2012-07-17,92.2,92.57,92.2,92.4,27707
2012-07-18,92.44,92.55,91.9,92.16,20991
2012-07-19,92.03,93.38,91.41,92.25,41060
2012-07-20,92.65,93.34,91.57,91.85,19349
2012-07-23,91.06,91.51,90.79,91.32,36300
2012-07-24,91.99,92.69,91.08,91.59,14928
2012-07-25,91.04,91.21,90.77,90.89,26662
2012-07-26,90.79,90.89,90.35,90.88,41782
2012-07-27,91.37,91.43,90.62,90.74,16112
2012-07-30,90.64,90.7,90.14,90.21,18093
2012-07-31,90.04,90.25,89.81,90.06,11525
2012-08-01,89.43,90.48,89.35,90.38,14405
2012-08-02,90.18,90.99,90.06,90.76,10538
2012-08-03,90.3,90.56,89.64,90.44,19564
2012-08-06,90.4,90.73,89.76,89.9,37024
2012-08-07,89.61,90.73,89.58,90.46,15272
2012-08-08,90.43,91.2,90.2,90.51,8924
2012-08-09,90.13,91.37,89.69,91.07,26501
2012-08-10,91.08,92.02,90.58,91.75,20545
2012-08-13,91.85,92.6,91.06,91.73,21158
2012-08-14,91.41,91.71,91.11,91.15,18846
2012-08-15,91.34,92.72,91.29,92.5,25737
2012-08-16,92.25,92.3,91.93,92.03,21456
2012-08-17,91.91,92.5,91.22,92.46,26368
2012-08-20,92.7,93.09,92.2,92.45,13995
2012-08-21,92.59,92.85,92.51,92.52,24347
2012-08-22,92.74,93.13,92.16,92.26,44847
2012-08-23,91.44,92.11,91.03,91.85,15246
2012-08-24,92.67,92.75,91.31,91.43,27883
2012-08-27,91.43,92.53,90.61,92.11,25454
2012-08-28,92.35,92.54,91.66,91.9,25863
2012-08-29,92.26,92.71,90.76,90.82,20311
2012-08-30,90.5,91.46,89.84,91.25,22508
2012-08-31,91.05,92.46,90.53,91.79,38391
2012-09-03,92.06,92.77,91.32,92.1,20746
2012-09-04,92.33,93.39,92.1,92.58,16947
2012-09-05,92.07,92.84,91.95,92.66,64620
2012-09-06,92.87,92.92,92.35,92.73,20763
2012-09-07,93.37,94.94,92.9,93.97,20246
2012-09-10,93.61,93.63,92.98,93.49,14168
2012-09-11,93.03,93.64,92.12,92.59,21698
2012-09-12,92.81,92.97,92.22,92.94,19626
2012-09-13,92.99,93.69,91.41,91.58,28809
2012-09-14,91.21,91.75,91.02,91.49,31481
2012-09-17,91.51,92.33,90.61,90.69,13323
2012-09-18,90.96,91.45,90.56,91.32,25478
2012-09-19,91.53,91.62,90.81,91.26,19513
2012-09-20,91.6,92.02,90.9,91.06,14579
2012-09-21,90.95,92.12,90.9,91.98,21410
2012-09-24,91.9,92.05,91.18,91.42,25208
2012-09-25,91.44,92.23,90.88,91.08,12542
2012-09-26,91.05,91.42,90.32,91.27,18380
2012-09-27,91.68,92.22,90.44,90.9,20832
2012-09-28,90.82,91.32,90.53,90.87,38625
2012-10-01,91.16,92.5,90.95,91.53,17686
2012-10-02,92.13,94.27,91.95,93.6,33732
2012-10-03,93.11,93.53,92.91,92.98,19084
2012-10-04,92.28,95.19,92.26,94.76,25509
2012-10-05,94.75,95.39,94.62,95.17,35573
2012-10-08,95.51,96.58,94.55,95.01,23550
2012-10-09,95.15,95.77,94.49,94.89,20876
2012-10-10,94.87,95.15,94.5,94.7,25760
2012-10-11,94.86,95.14,94.47,95.07,36273
2012-10-12,94.5,94.97,94.27,94.92,7237
2012-10-15,94.8,96.07,94.59,95.65,25766
2012-10-16,95.95,95.99,95.51,95.54,17072
2012-10-17,95.76,96.1,95.38,95.51,26241
2012-10-18,96.12,96.89,95.16,96.62,22454
2012-10-19,96.36,96.62,95.6,95.73,25697
2012-10-22,95.81,98.53,95.06,98.04,11963
2012-10-23,97.68,99.24,97.67,98.34,20606
2012-10-24,98.2,99.11,97.61,99.1,27080
2012-10-25,98.17,99.76,97.28,99.11,20623
2012-10-26,99.42,99.55,96.18,96.63,20600
2012-10-29,96.63,97.05,95.8,96.03,16035
2012-10-30,96.58,96.59,93.84,94.47,24555
2012-10-31,94.56,95.15,94.12,94.88,22382
2012-11-01,94.62,94.9,94.49,94.62,38072
2012-11-02,94.23,94.92,92.53,92.62,15939
2012-11-05,91.98,92.57,91.94,92.14,14722
2012-11-06,92.21,92.7,92.03,92.46,35133
2012-11-07,92.79,92.99,91.56,92.33,18740
2012-11-08,92.43,92.43,91.68,91.82,15450
2012-11-09,91.72,92.32,90.94,91.47,15447
2012-11-12,91.24,93.19,90.99,93.09,12851
2012-11-13,92.37,92.96,91.25,92.71,13350
2012-11-14,92.56,93.45,92.26,92.81,21906
2012-11-15,92.58,94.54,92.16,94.14,34166
2012-11-16,93.47,93.78,92.9,93.38,12257
2012-11-19,93.58,94.44,92.39,92.9,9067
2012-11-20,93.28,93.74,92.82,93.26,25227
2012-11-21,93.41,94.16,92.67,93.03,17388
2012-11-22,92.72,93.06,91.75,92.41,22867
2012-11-23,92.22,96.21,91.88,95.89,48916
2012-11-26,95.31,95.48,93.5,94.45,16574
2012-11-27,94.58,95.01,94.55,94.67,17472
2012-11-28,94.03,95.15,91.98,92.73,28483
2012-11-29,92.44,94.78,92.21,94.43,21037
2012-11-30,94.19,94.41,93.68,93.92,24470
2012-12-03,93.9,95.04,93.57,94.64,24509
2012-12-04,94.11,94.5,93.97,94.47,28038
2012-12-05,94.55,94.73,94.09,94.42,21167
2012-12-06,95.02,95.21,93.92,94.16,28109
2012-12-07,94.0,94.75,93.89,94.24,20479
2012-12-10,94.23,94.82,93.57,94.62,35073
2012-12-11,94.16,94.87,93.87,94.32,15272
2012-12-12,94.31,94.8,93.93,94.04,17549
2012-12-13,94.14,95.1,93.94,94.26,15702
2012-12-14,93.95,94.46,93.32,93.79,14167
2012-12-17,93.59,94.33,93.4,94.3,40762
2012-12-18,94.12,96.25,93.33,96.1,20818
2012-12-19,96.1,96.45,95.29,95.65,16994
2012-12-20,95.48,96.27,95.17,95.56,10244
2012-12-21,95.82,96.72,95.23,95.24,12014
2012-12-24,95.25,96.01,94.66,95.06,40466
2012-12-25,94.73,95.06,93.65,94.95,35667
2012-12-26,94.5,95.31,94.48,95.27,36784
2012-12-27,94.44,95.85,94.27,95.04,20586
2012-12-28,94.83,95.27,93.64,94.37,29025
2012-12-31,94.7,95.18,93.91,94.26,26498
2013-01-01,93.56,94.5,93.48,94.31,21298
2013-01-02,94.6,96.0,93.88,95.79,16980
2013-01-03,95.13,95.53,94.75,95.08,16060
2013-01-04,94.79,95.38,93.98,94.24,20222
2013-01-07,94.64,94.71,93.84,94.17,24970
2013-01-08,94.17,94.7,94.08,94.51,24647
2013-01-09,94.19,95.12,93.4,93.63,30076
2013-01-10,94.29,94.39,91.46,91.98,27356
2013-01-11,92.26,92.6,91.28,91.66,18976
2013-01-14,92.0,92.22,91.49,91.57,15470
2013-01-15,91.34,94.88,91.11,94.81,43489
2013-01-16,95.24,95.69,94.03,94.52,18840
2013-01-17,94.3,94.73,94.3,94.57,13999
2013-01-18,94.49,94.49,93.91,94.39,20268
2013-01-21,94.29,94.74,94.23,94.6,46993
2013-01-22,94.0,95.94,93.75,95.3,18851
2013-01-23,94.82,96.36,94.62,95.56,11961
2013-01-24,96.22,96.35,93.75,94.06,17025
2013-01-25,93.46,94.87,93.19,94.34,8803
2013-01-28,94.74,94.86,93.46,93.97,16466
2013-01-29,93.35,94.19,93.2,94.02,20075
2013-01-30,93.69,94.59,93.38,94.23,30416
2013-01-31,94.16,95.52,94.04,94.62,19015
2013-02-01,94.65,95.87,93.87,95.7,29180
2013-02-04,95.3,96.59,94.32,96.24,15243
2013-02-05,96.4,97.14,95.93,97.04,23905
2013-02-06,97.11,99.48,96.63,99.06,16744
2013-02-07,98.48,99.68,98.27,99.64,10897
2013-02-08,99.82,100.35,98.45,99.23,18601
2013-02-11,98.4,100.61,98.24,100.47,21304
2013-02-12,100.43,100.58,98.9,99.82,50151
2013-02-13,99.74,101.47,99.56,100.83,14965
2013-02-14,100.48,103.05,99.87,101.63,16172
2013-02-15,101.32,101.6,100.39,101.18,13648
2013-02-18,100.75,102.1,100.53,101.45,33068
2013-02-19,101.61,102.26,100.08,100.44,22893
2013-02-20,100.61,100.68,100.25,100.64,19389
2013-02-21,100.33,101.15,99.13,99.17,31106
2013-02-22,99.04,99.05,98.28,98.61,14603
2013-02-25,98.29,98.31,97.29,97.34,27118
2013-02-26,97.92,98.39,94.96,95.53,17161
2013-02-27,95.17,95.26,93.59,94.4,24133
2013-02-28,94.82,95.27,94.06,94.37,18897
2013-03-01,93.74,94.99,93.5,94.81,26718
2013-03-04,94.8,96.5,93.73,95.72,27993
2013-03-05,95.26,95.9,94.68,95.39,18520
2013-03-06,95.16,95.56,94.43,95.1,32756
2013-03-07,94.56,95.61,94.1,95.2,17137
2013-03-08,95.64,96.99,95.39,96.46,17070
2013-03-11,95.91,96.49,94.53,94.58,52829
2013-03-12,94.46,94.63,94.43,94.43,13169
2013-03-13,94.72,95.24,94.31,94.45,16985
2013-03-14,94.53,94.65,92.12,92.35,29205
2013-03-15,92.43,92.47,90.88,91.92,8967
2013-03-18,92.56,92.83,90.17,91.34,35228
2013-03-19,91.58,91.68,90.67,91.12,36327
2013-03-20,90.54,93.24,89.97,93.05,30847
2013-03-21,93.33,94.09,92.67,93.37,27839
2013-03-22,93.3,94.11,92.7,93.74,24420
2013-03-25,93.98,94.23,92.87,93.77,12599
2013-03-26,93.57,93.91,92.62,92.85,23426
2013-03-27,93.01,93.67,92.38,93.0,15437
2013-03-28,92.11,93.46,91.57,93.13,18650
2013-03-29,92.94,94.62,92.94,94.6,22007
2013-04-01,94.76,95.99,94.33,95.96,14405
2013-04-02,95.79,96.35,94.63,94.97,13621
2013-04-03,94.81,94.96,94.69,94.76,29928
2013-04-04,94.7,95.1,94.17,94.62,18241
2013-04-05,94.37,95.63,94.33,94.45,21946
2013-04-08,94.07,96.55,93.75,95.89,23720
2013-04-09,96.47,97.19,96.45,96.79,27997
2013-04-10,97.08,100.29,96.59,100.27,32107
2013-04-11,99.84,100.95,99.52,100.46,16319
2013-04-12,100.9,101.3,100.85,100.98,26453
2013-04-15,101.34,101.36,100.84,101.29,16525
2013-04-16,100.56,101.93,100.41,101.36,12640
2013-04-17,101.74,102.19,100.46,100.95,8556
2013-04-18,100.87,101.42,100.25,100.86,22419
2013-04-19,101.08,101.09,100.3,100.64,28723
2013-04-22,100.53,101.22,99.63,100.07,19062
2013-04-23,100.11,101.9,99.59,101.5,21632
2013-04-24,101.08,101.77,101.0,101.62,27944
2013-04-25,101.47,102.48,101.35,101.62,25399
2013-04-26,101.97,102.73,101.77,102.65,8855
2013-04-29,102.26,104.88,102.18,104.01,36363
2013-04-30,103.88,104.11,102.91,103.07,35884
2013-05-01,103.12,103.24,101.67,101.85,20096
2013-05-02,102.36,104.02,102.04,103.52,21257
2013-05-03,103.55,104.86,103.11,104.35,16830
2013-05-06,104.89,105.24,103.41,103.78,36632
2013-05-07,103.53,104.24,102.66,103.64,31359
2013-05-08,104.0,104.92,102.91,102.97,22486
2013-05-09,102.1,104.3,101.94,103.73,13911
2013-05-10,102.92,103.63,102.48,102.83,24279
2013-05-13,103.02,103.71,102.91,103.36,17842
2013-05-14,103.49,104.95,103.26,104.62,20769
2013-05-15,104.54,104.9,104.01,104.08,19752
2013-05-16,103.5,104.35,103.12,103.81,33668
2013-05-17,103.48,104.72,103.19,104.41,21781
2013-05-20,104.61,104.91,104.47,104.57,22651
2013-05-21,103.57,104.4,103.56,104.27,43669
2013-05-22,104.91,105.47,103.8,104.11,20774
2013-05-23,104.07,104.48,103.74,103.97,15494
2013-05-24,103.89,104.3,103.42,104.09,36799
2013-05-27,104.04,105.62,103.79,104.85,34202
2013-05-28,104.25,106.03,103.4,105.6,28053
2013-05-29,106.02,106.89,105.68,106.67,16879
2013-05-30,106.41,107.54,105.88,106.12,55661
2013-05-31,105.9,106.91,105.68,106.41,16537
2013-06-03,106.39,106.64,105.56,106.37,25905
2013-06-04,106.1,106.71,105.96,106.62,26706
2013-06-05,106.69,107.15,105.33,105.69,11360
2013-06-06,105.7,106.01,105.5,105.74,14183
2013-06-07,106.12,106.39,104.16,104.54,33642
2013-06-10,104.26,105.62,103.48,105.3,19935
2013-06-11,105.27,106.6,104.98,105.32,22483
2013-06-12,104.6,105.3,103.5,105.05,33264
2013-06-13,105.47,105.67,104.56,105.0,18053
2013-06-14,103.01,105.37,102.19,104.79,20005
2013-06-17,103.98,104.77,103.49,104.38,10481
2013-06-18,104.14,105.17,104.1,104.92,15769
2013-06-19,104.82,105.11,104.55,104.88,15877
2013-06-20,104.49,105.58,104.33,105.18,42502
2013-06-21,104.74,105.11,104.61,105.04,19952
2013-06-24,104.96,105.0,104.12,104.77,14963
2013-06-25,104.23,105.03,103.27,103.63,24146
2013-06-26,103.53,104.18,100.68,101.3,22177
2013-06-27,100.74,100.93,100.52,100.88,27330
2013-06-28,100.91,101.53,99.96,100.53,29083
2013-07-01,99.77,100.43,99.66,100.33,26744
2013-07-02,99.43,99.46,98.18,99.29,26028
2013-07-03,98.5,100.44,98.34,100.13,50742
2013-07-04,100.13,100.14,98.83,99.25,42852
2013-07-05,99.34,100.07,96.93,97.43,25451
2013-07-08,97.12,98.91,96.32,98.05,26792
2013-07-09,97.77,100.28,96.86,98.99,44961
2013-07-10,99.2,99.29,97.88,98.3,20229
2013-07-11,98.35,98.94,97.68,98.69,37829
2013-07-12,98.82,99.33,97.72,98.28,23334
2013-07-15,97.99,98.03,97.28,97.75,21292
2013-07-16,98.15,98.28,96.81,97.12,26037
2013-07-17,97.04,98.99,96.82,97.52,11561
2013-07-18,98.12,98.48,96.54,97.29,33488
2013-07-19,97.55,97.56,96.21,96.87,43444
2013-07-22,95.77,97.09,95.03,96.79,21975
2013-07-23,96.89,97.67,96.71,96.94,25818
2013-07-24,96.93,97.56,96.7,97.47,39383
2013-07-25,97.09,97.59,96.83,97.56,21853
2013-07-26,97.0,98.55,96.24,97.93,31532
2013-07-29,97.89,99.27,97.27,99.08,21682
2013-07-30,100.09,100.34,98.71,99.9,15769
2013-07-31,99.93,101.8,99.37,101.61,9496
2013-08-01,100.16,101.87,100.07,101.66,25722
2013-08-02,101.61,103.11,100.96,102.91,20547
2013-08-05,103.23,103.91,101.86,102.1,26434
2013-08-06,102.67,103.18,101.7,102.52,16919
2013-08-07,103.02,103.5,100.37,101.23,28018
2013-08-08,101.04,101.44,99.06,99.81,15782
2013-08-09,99.37,103.08,98.57,102.94,10539
2013-08-12,102.39,103.91,102.34,103.57,7372
2013-08-13,104.08,105.67,103.42,105.65,13212
2013-08-14,106.17,106.81,104.6,105.7,26068
2013-08-15,105.46,106.06,104.46,105.19,19821
2013-08-16,105.79,110.88,105.48,110.59,60390
2013-08-19,110.18,111.43,109.32,109.82,36762
2013-08-20,109.48,110.75,106.83,107.34,52556
2013-08-21,106.77,107.79,106.23,106.25,23641
2013-08-22,106.88,107.37,105.24,106.2,14859
2013-08-23,105.91,105.97,105.51,105.84,21243
2013-08-26,105.85,106.15,104.96,105.55,20290
2013-08-27,105.93,106.17,104.75,105.04,28580
2013-08-28,104.99,105.71,104.92,105.19,30209
2013-08-29,105.62,105.7,104.11,104.15,18845
2013-08-30,104.46,104.63,103.68,104.41,18096
2013-09-02,104.7,105.6,101.84,102.31,45462
2013-09-03,102.14,103.77,101.83,103.46,38484
2013-09-04,103.46,103.81,101.25,102.4,41216
2013-09-05,101.93,103.05,101.89,102.57,22551
2013-09-06,103.03,103.29,101.05,101.5,28678
2013-09-09,101.55,102.27,100.93,102.17,44074
2013-09-10,102.25,102.33,101.07,101.84,21910
2013-09-11,102.03,102.21,101.18,101.24,11731
2013-09-12,101.8,102.09,101.68,101.69,12909
2013-09-13,101.86,103.43,101.84,102.55,15546
2013-09-16,102.26,103.06,102.26,102.82,21914
2013-09-17,102.79,103.17,102.1,102.69,21243
2013-09-18,101.86,102.72,101.81,102.51,17711
2013-09-19,102.5,102.87,101.94,102.07,19286
2013-09-20,101.56,102.06,100.65,101.94,14847
2013-09-23,101.49,103.48,101.09,102.7,15053
2013-09-24,102.06,102.92,101.83,102.27,22824
2013-09-25,101.99,103.4,101.94,102.68,21182
2013-09-26,103.34,103.59,102.4,102.69,22347
2013-09-27,103.97,104.18,101.22,102.35,18464
2013-09-30,102.56,102.82,101.89,102.43,21305
2013-10-01,102.16,102.77,100.38,101.18,31556
2013-10-02,100.3,101.18,100.2,101.17,25851
2013-10-03,100.86,101.97,100.35,101.72,26774
2013-10-04,101.06,103.18,100.89,101.55,27422
2013-10-07,101.12,101.49,100.93,101.41,19622
2013-10-08,101.12,101.72,100.63,101.41,18365
2013-10-09,101.43,101.98,101.21,101.53,16894
2013-10-10,101.21,102.16,100.6,102.06,13992
2013-10-11,102.33,103.08,100.82,100.94,14118
2013-10-14,101.07,101.8,100.19,100.2,29770
2013-10-15,99.85,100.11,99.54,99.88,14679
2013-10-16,100.21,101.49,99.89,100.77,18088
2013-10-17,100.55,101.36,100.3,101.29,26801
2013-10-18,101.96,103.82,101.86,102.79,23175
2013-10-21,103.37,103.39,102.89,102.92,43664
2013-10-22,102.9,104.1,102.84,103.24,15772
2013-10-23,102.75,103.9,102.3,103.88,14006
2013-10-24,103.68,103.91,102.74,103.82,31949
2013-10-25,103.24,104.21,103.12,103.87,21032
2013-10-28,103.85,103.86,102.74,103.08,25143
2013-10-29,103.6,104.05,101.04,101.23,57225
2013-10-30,101.17,101.2,100.59,100.68,33141
2013-10-31,100.34,100.9,100.15,100.54,23778
2013-11-01,100.45,101.9,100.26,101.3,43292
2013-11-04,101.71,102.47,101.29,101.39,17367
2013-11-05,101.88,102.74,101.77,102.46,19865
2013-11-06,102.51,103.17,101.91,102.99,18021
2013-11-07,102.84,103.38,102.31,102.6,21365
2013-11-08,102.59,103.2,102.43,102.76,26026
2013-11-11,102.97,104.15,102.22,103.52,23829
2013-11-12,103.48,104.16,103.25,103.67,19781
2013-11-13,103.73,103.82,103.21,103.75,29614
2013-11-14,104.33,104.55,102.25,103.03,28537
2013-11-15,103.16,103.21,101.79,101.81,18955
2013-11-18,101.55,101.56,100.57,100.77,16658
2013-11-19,100.29,100.8,99.62,99.7,39551
2013-11-20,99.83,100.49,99.09,99.36,12574
2013-11-21,99.82,101.09,99.8,100.65,27872
2013-11-22,100.43,101.77,100.18,101.14,16573
2013-11-25,101.5,101.94,100.91,101.01,12828
2013-11-26,101.14,101.87,100.8,101.63,22607
2013-11-27,101.29,102.39,100.49,101.84,28293
2013-11-28,102.22,102.65,101.36,101.82,16335
2013-11-29,101.54,102.72,101.37,102.51,15046
2013-12-02,102.79,103.68,102.62,103.09,37495
2013-12-03,103.04,103.57,102.83,102.98,20645
2013-12-04,102.98,103.9,102.95,103.64,38231
2013-12-05,103.84,104.56,103.26,103.77,14377
2013-12-06,103.04,104.8,102.84,104.46,33558
2013-12-09,103.68,105.63,103.26,104.97,10629
2013-12-10,105.89,106.07,103.27,104.27,30327
2013-12-11,104.45,106.84,104.36,106.62,22095
2013-12-12,107.08,107.76,105.6,106.37,34280
2013-12-13,106.6,107.08,105.35,105.63,14144
2013-12-16,106.02,107.38,105.73,106.88,18038
2013-12-17,107.19,107.52,105.67,106.4,14773
2013-12-18,106.55,107.43,105.55,107.04,28667
2013-12-19,106.92,109.78,106.24,107.97,30937
2013-12-20,108.04,108.4,107.74,108.19,30605
2013-12-23,107.9,108.3,107.35,108.24,19614
2013-12-24,108.4,108.49,107.45,108.12,28632
2013-12-25,108.94,109.17,107.74,107.97,45636
2013-12-26,108.72,108.91,107.86,107.96,20279
2013-12-27,108.41,109.54,106.59,106.98,29808
2013-12-30,106.98,107.33,105.64,106.11,28350
2013-12-31,106.29,106.71,105.49,106.24,19888
2014-01-01,106.32,106.42,105.63,105.86,23234
2014-01-02,105.18,106.58,104.72,105.81,68080
2014-01-03,105.72,106.97,105.72,105.77,37860
2014-01-06,105.13,105.95,104.81,105.86,45118
2014-01-07,106.47,107.29,105.73,105.9,17849
2014-01-08,105.67,106.72,104.56,104.82,31652
2014-01-09,105.03,105.31,102.78,103.64,21326
2014-01-10,103.56,104.44,103.23,104.09,31914
2014-01-13,103.43,104.22,103.4,103.91,14826
2014-01-14,103.91,105.85,103.66,105.76,29509
2014-01-15,105.32,106.51,104.55,106.38,12283
2014-01-16,106.76,107.49,105.58,106.22,20933
2014-01-17,105.99,106.11,105.39,105.89,28960
2014-01-20,105.9,105.94,104.25,105.36,15352
2014-01-21,106.41,107.1,104.62,105.39,16283
2014-01-22,105.64,105.85,105.17,105.31,24910
2014-01-23,105.47,106.57,104.66,106.3,49007
2014-01-24,106.77,107.12,106.18,106.38,34133
2014-01-27,105.77,108.32,105.66,108.22,40807
2014-01-28,108.48,110.52,107.99,109.79,24515
2014-01-29,108.72,109.57,108.36,109.28,15259
2014-01-30,109.36,109.62,108.89,109.52,11181
2014-01-31,109.18,109.38,108.56,108.64,28198
2014-02-03,108.7,109.85,108.48,109.54,23065
2014-02-04,109.82,110.24,109.06,109.24,17080
2014-02-05,108.85,109.41,108.34,109.34,19566
2014-02-06,108.94,109.68,108.87,109.25,46533
2014-02-07,108.91,111.18,108.76,111.08,28716
2014-02-10,111.19,112.79,110.99,112.17,14711
2014-02-11,113.05,113.3,111.34,111.99,25612
2014-02-12,111.8,113.15,111.05,111.47,36082
2014-02-13,111.97,112.23,111.11,111.71,14587
2014-02-14,111.79,111.89,110.59,111.68,24379
2014-02-17,111.97,112.98,111.76,112.34,16339
2014-02-18,113.11,113.44,112.34,112.63,31049
2014-02-19,113.02,114.03,112.72,113.05,30572
2014-02-20,113.22,113.69,112.55,113.05,19015
2014-02-21,112.35,113.58,111.74,112.99,32469
2014-02-24,112.82,112.95,112.67,112.77,12406
2014-02-25,112.24,112.82,111.83,112.17,13307
2014-02-26,112.45,112.79,112.41,112.5,14212
2014-02-27,112.11,113.11,111.85,112.99,13488
2014-02-28,112.2,114.26,112.04,113.59,16319
2014-03-03,113.32,115.73,112.08,115.04,16670
2014-03-04,115.33,116.04,115.26,115.49,37918
2014-03-05,115.44,116.16,115.07,115.59,12623
2014-03-06,115.21,115.57,114.99,115.13,22843
2014-03-07,114.21,114.56,112.62,113.64,21368
2014-03-10,112.94,113.06,112.33,112.54,48634
2014-03-11,111.9,112.38,111.56,112.15,49512
2014-03-12,112.0,113.4,111.97,113.23,18357
2014-03-13,112.77,113.3,112.4,112.63,56648
2014-03-14,112.53,113.76,111.94,112.13,24831
2014-03-17,112.74,113.2,112.74,113.12,35399
2014-03-18,112.95,115.21,112.78,114.81,27898
2014-03-19,114.18,115.69,113.91,115.23,19763
2014-03-20,115.1,116.63,114.61,115.74,27466
2014-03-21,116.33,116.37,113.27,113.37,32028
2014-03-24,113.29,115.17,112.28,114.04,16159
2014-03-25,113.61,113.82,111.66,111.85,19765
2014-03-26,111.97,113.08,111.7,112.57,26582
2014-03-27,113.32,114.14,112.71,112.98,21998
2014-03-28,112.11,117.42,111.11,116.23,27179
2014-03-31,116.66,118.45,116.49,117.77,35031
2014-04-01,118.09,118.35,116.73,117.34,29429
2014-04-02,117.53,118.1,116.07,116.21,30154
2014-04-03,116.59,116.73,112.71,113.4,28721
2014-04-04,114.44,115.79,114.0,114.71,23042
2014-04-07,113.76,114.86,113.41,114.79,18833
2014-04-08,114.58,114.91,112.27,112.73,29920
2014-04-09,112.28,113.44,112.15,112.69,19279
2014-04-10,112.82,114.96,112.23,114.92,38095
2014-04-11,114.8,115.66,114.12,114.2,19518
2014-04-14,113.78,114.05,112.53,113.09,35559
2014-04-15,113.4,114.01,112.52,112.79,19983
2014-04-16,113.09,113.85,112.98,113.14,19931
2014-04-17,113.64,113.87,113.49,113.56,30505
2014-04-18,113.59,115.29,113.27,114.65,11919
2014-04-21,114.07,118.35,113.91,117.66,40344
2014-04-22,117.86,118.72,117.23,118.04,31566
2014-04-23,118.23,119.61,117.64,118.3,28872
2014-04-24,117.78,119.4,116.59,117.18,29210
2014-04-25,116.1,117.07,115.47,116.72,40574
2014-04-28,115.88,115.96,114.54,114.78,34722
2014-04-29,114.17,117.1,113.93,116.77,28947
2014-04-30,116.58,117.81,116.21,117.38,18013
2014-05-01,116.89,117.26,116.08,116.63,44810
2014-05-02,116.96,118.88,116.07,117.83,27979
2014-05-05,118.33,119.99,117.94,119.13,17204
2014-05-06,119.04,119.71,118.07,119.15,18264
2014-05-07,118.85,119.27,118.53,119.07,22641
2014-05-08,118.58,120.78,118.48,119.24,19006
2014-05-09,119.14,119.2,118.19,118.72,11616
2014-05-12,118.22,119.04,117.8,118.68,22507
2014-05-13,118.55,118.93,117.75,117.9,30077
2014-05-14,118.13,118.99,117.29,117.43,27042
2014-05-15,118.1,118.19,117.54,117.75,24945
2014-05-16,118.53,118.81,115.71,116.27,30967
2014-05-19,115.91,116.21,115.27,115.68,34971
2014-05-20,116.43,117.03,115.48,115.84,18175
2014-05-21,115.93,116.04,114.06,114.5,29852
2014-05-22,114.91,115.29,112.84,113.89,28452
2014-05-23,114.18,114.49,110.37,111.61,44586
2014-05-26,111.56,111.73,111.3,111.37,19647
2014-05-27,111.81,111.84,110.13,110.36,34206
2014-05-28,110.66,112.37,109.45,112.37,16070
2014-05-29,112.56,113.15,111.1,111.83,26642
2014-05-30,111.85,114.24,111.61,113.23,31676
2014-06-02,113.8,114.28,109.62,110.38,23497
2014-06-03,110.17,112.44,109.71,111.6,19049
2014-06-04,110.63,112.2,109.84,111.54,25692
2014-06-05,111.49,111.73,109.92,110.46,18846
2014-06-06,110.21,110.68,109.48,110.04,22732
2014-06-09,110.11,110.9,109.28,110.88,24001
2014-06-10,111.99,112.36,111.35,111.38,20337
2014-06-11,111.56,111.57,109.3,109.41,19371
2014-06-12,109.36,110.88,108.29,110.69,14662
2014-06-13,110.02,110.93,109.71,110.49,49279
2014-06-16,110.54,111.05,108.14,108.18,33381
2014-06-17,108.05,108.97,107.37,108.46,17945
2014-06-18,108.01,108.44,104.73,104.9,38352
2014-06-19,104.36,104.92,103.63,104.65,22342
2014-06-20,104.29,105.3,102.16,103.03,25050
2014-06-23,103.14,103.41,102.18,103.02,18959
2014-06-24,103.31,103.65,102.53,103.61,19710
2014-06-25,103.33,105.65,102.93,105.35,19501
2014-06-26,105.55,105.64,104.11,104.78,20318
2014-06-27,104.21,105.06,103.87,104.11,35324
2014-06-30,103.69,104.45,103.22,104.08,34744
2014-07-01,104.11,105.71,102.92,104.86,11575
2014-07-02,104.62,104.92,103.77,103.97,31005
2014-07-03,104.27,104.54,103.77,104.5,29447
2014-07-04,104.81,106.54,104.8,106.47,37584
2014-07-07,106.77,107.91,106.54,107.61,32626
2014-07-08,107.57,107.73,105.85,106.18,17005
2014-07-09,106.71,106.79,105.82,106.45,24856
2014-07-10,105.88,107.02,105.59,106.16,39269
2014-07-11,106.27,106.86,105.65,106.56,16652
2014-07-14,107.49,107.59,104.0,104.56,11726
2014-07-15,104.58,105.33,103.75,105.16,22404
2014-07-16,105.28,107.37,105.28,107.11,47393
2014-07-17,107.44,107.64,107.28,107.44,31546
2014-07-18,107.41,108.36,106.28,106.85,18994
2014-07-21,106.62,107.42,103.92,104.61,16876
2014-07-22,104.9,105.58,104.03,104.15,23019
2014-07-23,104.14,107.19,103.79,106.83,18773
2014-07-24,106.46,106.53,105.12,106.5,32585
2014-07-25,107.02,107.47,105.71,105.98,25478
2014-07-28,106.43,111.0,106.32,110.72,11697
2014-07-29,111.34,111.48,109.05,110.39,23415
2014-07-30,110.34,110.5,110.24,110.44,11560
2014-07-31,110.28,110.72,109.24,109.53,24454
2014-08-01,109.56,110.05,108.98,109.87,15140
2014-08-04,109.52,110.06,108.96,109.14,13366
2014-08-05,109.65,109.67,107.34,107.62,26624
2014-08-06,107.53,108.54,106.19,106.96,21020
2014-08-07,107.15,107.54,104.28,104.38,19965
2014-08-08,104.3,104.6,103.11,103.4,21690
2014-08-11,103.52,106.69,102.83,105.88,17537
2014-08-12,105.87,107.35,105.49,106.6,15592
2014-08-13,107.3,107.5,104.2,105.09,31770
2014-08-14,104.59,105.2,103.86,105.15,32427
2014-08-15,105.02,105.1,103.83,104.46,16834
2014-08-18,104.56,105.72,99.32,99.84,25942
2014-08-19,100.41,100.68,98.43,98.46,38360
2014-08-20,98.52,99.38,96.91,97.13,12331
2014-08-21,97.13,97.53,93.81,94.01,23964
2014-08-22,93.6,93.96,91.78,92.51,17801
2014-08-25,92.54,93.38,92.29,92.65,47220
2014-08-26,92.57,93.54,92.19,93.53,48099
2014-08-27,93.81,94.13,93.39,93.61,14266
2014-08-28,93.04,96.89,92.76,96.75,45307
2014-08-29,96.46,97.84,95.4,96.99,21925
2014-09-01,97.83,98.26,95.58,96.18,32494
2014-09-02,95.53,95.7,94.41,94.46,53551
2014-09-03,94.62,95.13,93.53,93.84,23266
2014-09-04,93.89,94.69,93.62,94.38,17716
2014-09-05,94.61,94.7,92.95,93.51,15603
2014-09-08,93.79,95.48,93.71,94.84,31433
2014-09-09,94.34,96.61,93.65,95.89,11244
2014-09-10,96.2,96.76,93.46,94.13,20706
2014-09-11,94.16,94.75,92.97,93.05,21616
2014-09-12,93.09,93.48,91.7,91.92,27290
2014-09-15,91.75,91.8,91.54,91.71,21071
2014-09-16,92.41,93.78,91.92,93.09,27067
2014-09-17,93.75,94.53,93.22,94.17,14243
2014-09-18,93.94,94.34,93.04,93.63,32157
2014-09-19,93.78,94.52,92.59,92.66,29673
2014-09-22,92.55,93.14,89.27,89.71,38249
2014-09-23,89.99,90.42,89.88,89.99,24481
2014-09-24,90.06,90.4,88.73,89.06,30836
2014-09-25,89.43,89.62,88.24,89.12,33338
2014-09-26,88.29,89.61,87.9,89.1,17934
2014-09-29,89.42,90.71,89.19,90.49,72272
2014-09-30,90.35,90.46,90.08,90.37,33265
2014-10-01,89.85,92.84,89.58,92.27,13778
2014-10-02,91.86,92.69,89.27,90.07,32745
2014-10-03,90.09,92.3,89.9,90.89,25449
2014-10-06,91.35,92.02,90.76,91.26,53297
2014-10-07,90.91,91.85,90.0,90.23,48795
2014-10-08,90.97,91.23,89.83,90.16,11096
2014-10-09,90.35,92.15,90.13,91.75,15333
2014-10-10,91.57,92.25,90.69,92.12,38519
2014-10-13,91.63,92.09,90.92,91.51,23567
2014-10-14,91.63,91.96,89.71,90.84,26383
2014-10-15,90.19,90.42,88.55,89.29,21954
2014-10-16,89.03,90.62,88.51,90.28,16520
2014-10-17,90.61,90.8,90.5,90.76,32924
2014-10-20,91.06,91.83,91.04,91.21,26208
2014-10-21,91.43,91.82,90.54,91.69,42590
2014-10-22,92.4,92.98,91.77,91.83,11794
2014-10-23,91.56,91.79,90.8,91.03,21417
2014-10-24,90.41,91.74,90.04,91.3,21689
2014-10-27,90.52,92.32,89.63,92.07,22380
2014-10-28,91.81,93.37,91.66,92.56,29146
2014-10-29,92.81,92.86,90.93,91.84,21179
2014-10-30,91.26,91.46,89.77,90.33,16971
2014-10-31,90.51,90.81,89.96,90.42,15979
2014-11-03,90.15,91.65,89.87,91.18,26371
2014-11-04,91.29,91.4,89.07,90.07,35052
2014-11-05,89.74,90.24,89.7,89.82,26132
2014-11-06,90.14,91.07,89.79,90.31,23529
2014-11-07,90.42,90.46,89.21,89.25,47957
2014-11-10,88.93,89.6,88.34,89.46,42455
2014-11-11,90.11,90.4,89.06,89.3,23002
2014-11-12,89.19,90.52,88.52,89.84,38492
2014-11-13,90.05,90.98,89.87,90.21,25895
2014-11-14,90.76,90.82,89.64,90.2,21681
2014-11-17,90.07,90.71,89.39,90.7,30400
2014-11-18,90.65,90.84,89.52,90.15,16636
2014-11-19,90.03,90.36,89.39,89.8,15230
2014-11-20,90.14,90.4,88.31,88.55,12963
2014-11-21,88.79,89.2,88.09,88.12,23824
2014-11-24,88.18,88.52,87.31,88.02,36332
2014-11-25,88.31,88.59,86.67,86.79,27113
2014-11-26,87.08,87.37,86.06,86.77,16379
2014-11-27,86.56,87.32,86.3,86.94,21686
2014-11-28,86.95,87.13,86.32,86.32,21128
2014-12-01,86.6,86.67,86.02,86.14,24994
2014-12-02,85.73,87.93,85.56,87.39,18140
2014-12-03,86.96,89.08,86.77,88.7,42450
2014-12-04,88.57,89.99,87.8,89.84,40130
2014-12-05,89.95,90.97,88.94,90.73,27715
2014-12-08,90.62,91.12,89.5,89.51,13708
2014-12-09,90.1,91.33,89.45,91.2,23554
2014-12-10,91.37,91.9,84.94,85.57,38315
2014-12-11,85.63,86.14,83.01,83.73,15735
2014-12-12,83.19,85.53,83.13,85.03,23781
2014-12-15,85.34,86.32,84.81,85.06,32679
2014-12-16,84.67,86.72,84.49,86.28,10898
2014-12-17,86.12,86.39,86.02,86.08,35185
2014-12-18,85.8,86.36,84.44,84.89,19674
2014-12-19,84.66,85.34,84.48,84.8,27196
2014-12-22,84.96,85.49,84.3,84.61,15742
2014-12-23,84.22,84.44,84.0,84.15,21633
2014-12-24,84.47,85.13,84.1,85.12,21086
2014-12-25,85.54,86.58,85.27,85.78,26838
2014-12-26,85.85,86.48,84.74,85.03,23113
2014-12-29,85.19,86.49,84.79,86.32,24584
2014-12-30,86.72,86.88,86.2,86.3,48453
2014-12-31,86.42,87.38,86.34,87.38,20369
2015-01-01,87.27,88.11,86.71,87.93,17926
2015-01-02,87.93,88.12,87.22,87.31,34590
2015-01-05,87.38,87.52,87.25,87.36,40232
2015-01-06,87.55,87.79,86.0,86.26,17410
2015-01-07,86.37,86.7,85.53,86.12,33575
2015-01-08,86.16,86.53,85.77,86.1,31412
2015-01-09,86.04,89.32,85.89,88.71,15113
2015-01-12,89.01,89.47,86.92,87.91,34714
2015-01-13,88.11,88.19,85.34,85.94,21612
2015-01-14,85.93,87.34,85.59,87.25,17846
2015-01-15,87.25,87.61,85.28,85.54,37909
2015-01-16,85.46,85.88,82.84,83.08,45909
2015-01-19,83.7,83.86,83.67,83.71,50703
2015-01-20,84.29,85.51,83.78,84.78,10133
2015-01-21,84.67,84.83,84.44,84.52,33378
2015-01-22,84.07,86.46,83.48,86.04,25137
2015-01-23,85.39,86.53,85.12,86.46,17887
2015-01-26,87.04,87.49,84.67,84.84,17300
2015-01-27,84.95,85.19,84.45,84.7,65070
2015-01-28,84.29,84.76,83.3,84.25,35622
2015-01-29,84.21,84.74,83.3,83.31,18514
2015-01-30,83.09,83.51,82.45,82.87,37777
2015-02-02,83.0,83.65,81.72,82.45,44919
2015-02-03,82.14,82.34,81.09,82.19,18809
2015-02-04,82.03,85.3,81.76,85.25,16799
2015-02-05,85.75,86.2,85.15,85.18,50696
2015-02-06,85.43,85.88,84.44,85.66,20980
2015-02-09,86.38,87.43,83.91,84.96,17863
2015-02-10,85.44,85.49,85.06,85.09,18928
2015-02-11,84.88,86.04,84.65,85.41,21220
2015-02-12,85.53,85.59,83.88,84.07,22533
2015-02-13,83.31,83.76,82.52,83.62,30074
2015-02-16,83.72,83.81,83.04,83.29,19446
2015-02-17,83.13,86.06,82.7,85.6,25611
2015-02-18,85.81,85.97,84.88,85.31,45702
2015-02-19,84.64,86.88,84.46,86.38,16664
2015-02-20,85.86,86.52,85.46,86.41,20233
2015-02-23,86.73,86.86,85.7,86.45,33035
2015-02-24,86.34,86.52,85.69,86.14,18736
2015-02-25,86.42,87.22,84.12,84.53,26546
2015-02-26,84.4,84.44,83.45,83.57,44497
2015-02-27,83.48,83.89,83.18,83.38,35215
2015-03-02,83.39,83.92,83.15,83.29,43615
2015-03-03,83.03,83.56,80.76,82.03,35719
2015-03-04,82.37,82.55,80.79,80.91,32945
2015-03-05,80.67,81.52,79.75,81.07,22730
2015-03-06,80.88,81.31,76.29,76.49,25559
2015-03-09,76.21,77.8,75.53,77.36,48354
2015-03-10,77.41,77.79,76.57,76.62,17816
2015-03-11,76.97,77.44,76.62,76.98,14288
2015-03-12,77.15,77.81,76.71,76.88,17324
2015-03-13,76.66,76.94,76.13,76.47,21578
2015-03-16,76.53,78.0,76.31,77.79,34465
2015-03-17,77.93,78.16,72.56,72.57,19109
2015-03-18,72.03,72.69,70.65,71.0,12966
2015-03-19,70.66,71.05,70.44,70.45,12621
2015-03-20,70.34,71.64,70.03,71.21,41760
2015-03-23,71.44,71.59,70.79,71.16,24624
2015-03-24,71.25,71.34,70.0,70.09,20632
2015-03-25,70.16,70.36,69.83,70.19,58202
2015-03-26,70.1,70.21,69.66,69.93,23527
2015-03-27,70.44,70.59,69.37,69.78,31150
2015-03-30,70.1,72.19,69.76,71.94,53166
2015-03-31,71.9,72.09,70.82,70.9,37175
2015-04-01,70.62,72.49,70.34,72.26,26499
2015-04-02,72.33,73.46,71.86,72.74,19710
2015-04-03,72.43,74.04,72.33,73.71,22362
2015-04-06,73.25,75.07,73.15,74.88,26163
2015-04-07,74.69,75.3,73.69,73.98,31382
2015-04-08,74.15,74.48,72.87,73.13,11436
2015-04-09,73.11,73.58,73.1,73.46,24944
2015-04-10,73.97,74.42,73.81,74.29,47511
2015-04-13,74.69,74.86,74.44,74.63,13601
2015-04-14,74.84,75.34,74.82,75.05,40074
2015-04-15,75.41,76.2,73.29,73.46,20898
2015-04-16,73.5,73.87,72.92,73.75,16347
2015-04-17,73.73,75.05,73.5,74.42,24852
2015-04-20,74.65,74.77,72.79,72.98,23755
2015-04-21,72.9,73.27,71.74,71.96,33883
2015-04-22,71.95,72.09,70.4,71.2,25726
2015-04-23,71.13,71.23,69.89,70.11,27124
2015-04-24,69.82,70.42,69.28,69.45,20165
2015-04-27,69.4,70.65,69.16,70.29,9318
2015-04-28,70.43,71.26,70.19,70.83,17339
2015-04-29,70.8,71.73,70.75,71.15,11269
2015-04-30,70.84,71.23,70.15,70.34,29676
2015-05-01,69.92,69.98,68.98,69.41,33162
2015-05-04,69.2,71.11,69.03,70.97,32105
2015-05-05,70.91,71.46,70.85,71.4,17965
2015-05-06,71.22,71.5,70.63,70.78,27111
2015-05-07,70.75,71.05,70.4,70.63,19298
2015-05-08,70.85,71.17,70.3,70.42,24237
2015-05-11,70.37,70.48,68.53,68.63,27999
2015-05-12,68.36,68.64,67.98,68.47,23783
2015-05-13,68.55,68.65,67.93,68.16,34476
2015-05-14,68.29,71.24,68.14,70.94,11439
2015-05-15,70.62,71.21,70.14,71.19,15664
2015-05-18,71.35,72.98,70.91,72.36,34886
2015-05-19,72.47,72.95,70.94,71.06,21441
2015-05-20,71.35,71.53,70.77,71.13,22990
2015-05-21,70.8,71.92,70.64,71.91,11561
2015-05-22,72.22,72.98,71.55,71.81,27055
2015-05-25,71.55,73.39,71.05,72.93,25851
2015-05-26,72.34,72.39,71.18,71.3,22756
2015-05-27,71.0,73.23,70.98,72.96,33581
2015-05-28,72.96,73.72,72.66,73.37,24421
2015-05-29,72.88,73.79,72.5,73.76,24425
2015-06-01,73.8,74.62,71.94,72.14,26531
2015-06-02,71.57,73.38,71.49,72.7,18129
2015-06-03,72.36,72.76,72.08,72.69,55997
2015-06-04,72.88,73.38,71.66,71.67,36023
2015-06-05,71.88,72.72,71.32,72.62,48964
2015-06-08,72.34,73.6,72.01,72.93,35359
2015-06-09,73.33,73.88,72.85,73.25,25993
2015-06-10,73.44,73.86,73.31,73.55,17809
2015-06-11,73.5,76.1,73.34,75.79,27801
2015-06-12,75.24,75.53,74.85,75.14,25582
2015-06-15,74.75,74.9,74.36,74.46,24471
2015-06-16,73.57,74.55,72.99,74.26,15110
2015-06-17,73.95,74.26,73.88,74.17,20628
2015-06-18,74.49,75.39,74.36,74.89,25838
2015-06-19,74.86,75.15,74.77,75.07,13293
2015-06-22,74.86,75.18,74.75,74.83,21890
2015-06-23,75.43,75.44,74.82,75.26,11746
2015-06-24,75.55,76.29,75.25,76.05,24816
2015-06-25,75.69,76.28,75.38,76.14,26641
2015-06-26,76.23,76.25,75.71,76.11,28602
2015-06-29,75.98,77.32,75.86,77.16,12193
2015-06-30,77.06,82.61,76.67,82.25,40942
2015-07-01,81.84,82.8,81.42,82.59,14565
2015-07-02,82.84,83.39,81.77,81.77,44389
2015-07-03,81.84,82.28,81.7,82.27,27351
2015-07-06,82.89,83.18,79.69,80.37,27800
2015-07-07,80.43,81.47,80.16,81.06,24703
2015-07-08,80.91,81.19,79.29,79.68,31241
2015-07-09,79.69,80.11,79.48,79.63,9733
2015-07-10,79.28,79.31,78.51,78.88,18984
2015-07-13,79.2,79.96,79.06,79.83,18927
2015-07-14,79.28,80.35,79.24,80.34,26083
2015-07-15,80.63,80.97,80.39,80.71,28546
2015-07-16,81.04,81.23,80.39,80.46,12072
2015-07-17,81.31,82.48,77.91,78.91,34587
2015-07-20,79.0,79.3,76.93,76.94,14365
2015-07-21,77.1,77.26,76.57,76.8,13970
2015-07-22,76.75,76.83,76.33,76.66,9891
2015-07-23,76.81,77.47,76.81,77.22,20277
2015-07-24,77.38,78.1,75.57,75.77,15067
2015-07-27,75.66,75.83,74.91,75.25,23814
2015-07-28,75.81,76.2,72.85,73.11,36951
2015-07-29,73.23,73.55,73.16,73.28,18772
2015-07-30,72.88,73.34,72.26,72.58,17511
2015-07-31,72.23,73.55,72.15,73.43,72624
2015-08-03,73.69,74.58,73.36,74.19,51110
2015-08-04,74.53,74.95,73.64,73.89,18001
2015-08-05,74.53,74.84,74.28,74.56,23218
2015-08-06,74.81,75.49,74.03,74.05,30099
2015-08-07,74.24,74.8,73.93,74.01,33663
2015-08-10,73.72,73.79,72.61,73.59,24441
2015-08-11,73.36,73.53,72.79,72.79,14225
2015-08-12,72.45,73.16,72.38,72.92,20835
2015-08-13,73.73,73.81,73.48,73.58,23526
2015-08-14,72.99,73.66,72.09,73.58,36442
2015-08-17,74.04,74.07,73.32,73.76,34741
2015-08-18,73.43,74.0,73.31,73.84,31675
2015-08-19,73.7,73.89,73.65,73.81,19579
2015-08-20,73.71,73.85,73.28,73.64,24843
2015-08-21,73.09,73.26,72.69,73.2,30271
2015-08-24,72.95,74.26,72.68,74.09,38077
2015-08-25,73.88,74.92,73.72,74.67,21088
2015-08-26,74.91,75.17,73.97,74.37,25384
2015-08-27,74.2,74.97,73.48,74.76,25075
2015-08-28,74.67,75.1,74.37,75.03,33905
2015-08-31,75.23,75.43,74.59,74.86,22399
2015-09-01,74.97,75.14,74.43,74.5,14019
2015-09-02,74.59,75.5,74.44,75.15,39170
2015-09-03,74.99,75.82,74.81,75.77,58893
2015-09-04,76.15,76.8,75.73,76.35,14237
2015-09-07,76.72,77.35,75.65,76.08,32551
2015-09-08,76.14,76.66,76.12,76.42,18203
2015-09-09,76.16,76.4,75.37,75.77,38182
2015-09-10,75.69,76.66,75.08,76.54,15197
2015-09-11,76.13,76.6,75.34,76.38,13833
2015-09-14,76.38,76.43,75.1,75.36,9936
2015-09-15,74.96,75.71,74.46,75.36,23746
2015-09-16,75.17,75.6,74.92,75.12,34882
2015-09-17,75.36,75.87,73.69,74.65,12982
2015-09-18,74.25,76.26,74.13,75.54,24748
2015-09-21,75.77,75.82,74.46,75.37,23413
2015-09-22,75.49,75.5,74.69,75.32,25174
2015-09-23,75.39,75.95,75.03,75.31,16016
2015-09-24,75.33,75.64,72.8,73.71,19919
2015-09-25,73.36,74.19,73.0,74.02,15212
2015-09-28,74.26,74.35,73.58,73.79,19522
2015-09-29,73.49,74.16,73.19,73.93,38053
2015-09-30,74.12,74.18,73.9,73.93,24618
2015-10-01,73.62,74.68,73.58,74.27,23133
2015-10-02,74.37,74.46,73.6,73.9,43635
2015-10-05,74.15,74.35,72.85,73.53,26305
2015-10-06,73.28,73.8,72.77,73.43,13577
2015-10-07,73.43,74.68,73.09,74.32,34283
2015-10-08,74.07,75.06,73.71,74.35,21848
2015-10-09,74.19,74.8,74.04,74.53,24277
2015-10-12,74.76,75.16,74.18,74.63,51900
2015-10-13,74.46,74.91,74.0,74.2,22433
2015-10-14,73.98,74.28,73.61,74.24,18104
2015-10-15,73.77,75.48,73.45,74.83,20423
2015-10-16,75.34,75.37,74.62,74.68,27108
2015-10-19,74.88,75.23,73.83,74.4,21868
2015-10-20,74.62,74.8,73.11,74.08,63922
2015-10-21,73.72,75.0,73.28,74.79,26818
2015-10-22,74.37,75.08,74.28,74.57,22533
2015-10-23,74.37,75.24,74.25,74.61,24124
2015-10-26,74.73,74.87,74.31,74.41,27985
2015-10-27,74.27,74.39,72.26,73.24,17244
2015-10-28,73.15,73.39,73.14,73.36,15965
2015-10-29,73.41,73.8,73.11,73.55,15586
2015-10-30,72.7,74.13,72.2,73.81,26263
2015-11-02,74.08,74.9,73.95,74.35,24905
2015-11-03,74.2,74.85,73.99,74.4,58944
2015-11-04,73.42,74.2,73.32,74.15,17634
2015-11-05,73.9,74.98,73.88,74.53,18643
2015-11-06,74.51,74.77,73.91,74.41,22078
2015-11-09,74.62,74.83,71.71,72.01,14770
2015-11-10,71.58,72.06,71.3,71.86,17528
2015-11-11,71.75,73.65,71.6,73.08,64374
2015-11-12,72.81,73.28,72.54,73.12,21653
2015-11-13,73.12,73.48,72.52,72.78,36864
2015-11-16,73.1,73.36,72.55,72.7,19170
2015-11-17,73.03,73.11,71.46,72.18,10734
2015-11-18,72.47,72.48,72.17,72.23,23053
2015-11-19,72.18,72.5,72.07,72.5,42276
2015-11-20,72.09,73.4,71.88,73.07,14055
2015-11-23,72.89,73.88,72.03,73.82,21357
2015-11-24,73.68,73.78,72.56,72.58,23132
2015-11-25,72.8,72.92,71.93,72.17,37478
2015-11-26,72.5,72.85,72.35,72.42,15928
2015-11-27,72.72,72.82,72.43,72.75,15062
2015-11-30,73.11,74.09,73.01,73.36,22076
2015-12-01,73.08,73.92,72.66,73.7,36008
2015-12-02,73.53,74.0,73.39,73.66,25885
2015-12-03,73.81,73.85,73.47,73.52,20503
2015-12-04,73.63,73.74,72.46,72.89,17417
2015-12-07,72.85,74.12,72.73,73.83,41233
2015-12-08,74.14,74.42,73.75,73.78,25701
2015-12-09,73.82,74.0,73.76,73.9,20359
2015-12-10,73.63,74.16,72.78,73.06,18490
2015-12-11,72.8,73.29,72.63,72.98,25105
2015-12-14,72.89,74.13,72.22,74.07,50231
2015-12-15,73.97,74.58,73.35,74.22,22463
2015-12-16,74.37,74.87,74.18,74.83,15667
2015-12-17,75.14,76.29,74.41,75.9,20353
2015-12-18,76.12,76.15,76.03,76.1,16826
2015-12-21,75.71,76.06,74.86,75.95,15313
2015-12-22,75.92,76.17,75.41,75.67,25847
2015-12-23,75.6,76.44,75.09,76.2,45646
2015-12-24,75.96,76.53,75.71,76.46,26729
2015-12-25,76.33,76.55,74.6,75.11,57652
2015-12-28,75.56,75.87,75.02,75.32,18760
2015-12-29,74.92,75.35,74.45,75.17,16014
2015-12-30,75.05,75.87,74.63,75.72,11044
2015-12-31,75.58,76.96,75.44,76.25,17433
2016-01-01,76.48,76.57,73.92,74.03,23990
2016-01-04,73.94,74.73,73.47,74.47,16590
2016-01-05,74.38,75.26,73.94,74.92,24060
2016-01-06,75.12,75.3,74.4,75.03,27562
2016-01-07,74.87,75.41,73.93,74.68,26238
2016-01-08,74.63,74.96,74.42,74.93,11162
2016-01-11,75.36,75.41,74.38,74.78,14592
2016-01-12,74.91,75.39,74.19,75.24,17328
2016-01-13,75.63,75.84,74.02,74.96,20634
2016-01-14,75.14,75.25,74.18,75.24,13668
2016-01-15,75.34,75.92,75.21,75.81,22894
2016-01-18,75.31,75.99,74.9,75.98,11814
2016-01-19,75.87,76.04,74.53,74.9,23105
2016-01-20,74.77,75.48,74.58,75.11,26496
2016-01-21,75.9,76.7,74.67,74.87,25567
2016-01-22,74.54,74.62,74.31,74.37,24186
2016-01-25,74.29,74.3,73.87,74.08,20013
2016-01-26,74.21,74.5,73.56,73.82,18205
2016-01-27,73.67,73.91,72.93,73.19,26046
2016-01-28,73.27,74.32,72.96,74.2,21493
2016-01-29,74.02,74.52,72.98,73.56,12158
2016-02-01,73.35,73.62,72.86,73.14,20836
2016-02-02,72.83,73.03,71.69,72.08,33008
2016-02-03,72.15,72.7,70.43,71.32,13056
2016-02-04,71.39,71.79,71.2,71.34,30854
2016-02-05,71.34,71.63,70.81,71.18,20189
2016-02-08,71.68,72.4,70.21,70.69,44266
2016-02-09,71.37,71.47,70.44,70.78,22195
2016-02-10,71.35,71.81,71.09,71.23,32722
2016-02-11,71.38,71.86,70.93,71.7,32889
2016-02-12,71.65,71.86,71.29,71.46,15800
2016-02-15,71.47,72.14,71.3,71.73,25427
2016-02-16,72.08,72.62,70.99,71.36,28188
2016-02-17,71.52,71.77,71.14,71.19,27152
2016-02-18,71.7,71.79,70.61,70.97,17448
2016-02-19,70.94,71.44,70.72,70.85,6550
2016-02-22,70.95,71.51,70.83,71.36,25455
2016-02-23,71.75,72.16,70.46,71.06,32819
2016-02-24,71.36,71.66,70.15,70.25,18558
2016-02-25,70.17,70.89,69.72,70.03,13049
2016-02-26,69.98,70.33,69.95,70.16,33862
2016-02-29,69.9,71.14,69.84,70.53,20770
2016-03-01,70.34,71.65,70.29,71.4,8749
2016-03-02,71.19,71.59,70.72,71.54,23253
2016-03-03,71.83,71.87,70.59,71.03,13242
2016-03-04,71.21,71.52,70.15,70.43,12760
2016-03-07,70.4,71.06,70.32,70.78,48832
2016-03-08,70.38,71.54,69.74,70.8,25312
2016-03-09,70.53,70.95,70.24,70.42,43709
2016-03-10,70.29,70.32,69.8,70.25,21505
2016-03-11,70.11,71.85,69.59,71.67,28248
2016-03-14,71.37,71.92,71.11,71.25,31687
2016-03-15,71.87,72.16,71.06,71.37,29858
2016-03-16,70.74,71.34,70.69,71.09,66195
2016-03-17,70.57,71.77,70.03,71.55,18269
2016-03-18,72.21,72.22,72.06,72.07,20723
2016-03-21,72.23,72.32,71.82,71.88,25906
2016-03-22,72.05,72.47,70.85,71.06,32190
2016-03-23,70.77,71.81,70.15,71.48,23614
2016-03-24,70.96,71.65,70.54,71.55,23534
2016-03-25,71.62,71.67,70.82,71.45,36192
2016-03-28,71.32,71.94,71.08,71.87,14848
2016-03-29,71.82,72.02,71.26,71.58,20664
2016-03-30,71.62,72.88,71.11,72.8,25214
2016-03-31,72.85,72.91,71.15,71.96,19115
2016-04-01,72.0,72.09,71.24,71.29,24389
2016-04-04,71.99,72.1,70.99,71.38,34144
2016-04-05,70.79,71.94,70.62,71.81,27624
2016-04-06,72.27,72.44,72.05,72.12,27599
2016-04-07,72.09,72.52,71.96,72.17,14656
2016-04-08,71.95,72.42,71.69,71.97,22959
2016-04-11,71.87,72.01,71.56,71.92,18737
2016-04-12,72.07,72.13,71.61,71.96,16342
2016-04-13,72.11,72.21,71.77,71.8,21410
2016-04-14,71.2,72.37,71.15,72.0,20106
2016-04-15,71.79,73.42,71.71,73.08,21336
2016-04-18,73.2,73.36,72.74,72.99,18897
2016-04-19,72.94,73.37,72.13,72.18,22252
2016-04-20,72.25,72.52,71.1,71.86,64736
2016-04-21,71.93,71.94,71.23,71.68,32145
2016-04-22,72.16,72.35,71.53,72.33,16832
2016-04-25,72.41,72.46,72.14,72.2,39134
2016-04-26,72.8,73.71,71.87,72.37,21696
2016-04-27,72.53,72.84,72.25,72.66,12687
2016-04-28,72.94,72.98,72.77,72.97,36890
2016-04-29,73.09,73.24,72.1,72.42,38579
2016-05-02,72.01,72.1,70.88,71.63,16213
2016-05-03,71.85,72.56,71.09,71.21,25621
2016-05-04,71.21,71.53,70.99,71.17,27174
2016-05-05,70.92,72.09,70.22,71.19,10356
2016-05-06,71.44,71.99,71.33,71.43,39602
2016-05-09,71.34,71.5,71.14,71.42,23639
2016-05-10,71.6,71.7,71.37,71.44,11072
2016-05-11,71.84,72.46,71.81,72.0,16741
2016-05-12,72.36,72.46,71.95,72.06,26321
2016-05-13,72.21,72.44,71.93,72.01,20508
2016-05-16,72.35,72.74,71.04,71.88,14222
2016-05-17,72.31,72.41,71.91,72.04,25595
2016-05-18,71.85,72.06,71.5,71.54,19670
2016-05-19,71.82,71.91,69.88,70.39,29809
2016-05-20,70.35,70.62,70.01,70.57,44985
2016-05-23,70.0,70.47,69.76,70.1,34173
2016-05-24,70.43,70.96,69.48,69.54,36916
2016-05-25,69.25,69.39,69.02,69.13,22858
2016-05-26,69.42,69.8,68.64,69.23,21539
2016-05-27,69.17,69.19,68.97,69.14,28109
2016-05-30,69.35,70.32,69.26,70.23,42629
2016-05-31,69.89,70.64,69.87,70.46,13312
2016-06-01,70.4,70.84,70.36,70.73,15005
2016-06-02,70.69,70.79,70.58,70.6,32887
2016-06-03,70.89,70.91,70.12,70.13,10096
2016-06-06,69.97,70.87,69.45,70.52,49953
2016-06-07,70.12,70.28,69.72,70.0,16768
2016-06-08,70.27,70.3,69.45,70.08,27033
2016-06-09,69.99,70.65,69.87,70.21,21680
2016-06-10,70.45,71.04,70.22,70.54,27090
2016-06-13,70.18,70.4,69.9,69.99,25525
2016-06-14,69.99,70.77,69.93,70.68,19998
2016-06-15,70.51,71.65,70.36,71.06,22084
2016-06-16,71.11,71.54,70.78,71.4,34855
2016-06-17,71.64,71.81,70.98,71.27,38616
2016-06-20,71.05,71.41,70.81,71.28,31583
2016-06-21,71.54,72.07,71.3,71.62,20088
2016-06-22,71.67,72.19,71.25,71.93,16531
2016-06-23,71.48,72.57,71.36,72.29,18033
2016-06-24,72.49,73.6,72.26,72.94,10846
2016-06-27,73.34,73.35,72.47,72.6,18074
2016-06-28,72.65,73.01,72.23,72.79,31042
2016-06-29,72.53,73.74,72.11,73.61,29316
2016-06-30,73.5,73.85,73.21,73.43,17016
2016-07-01,73.25,74.16,72.83,73.84,36788
2016-07-04,73.56,74.55,73.07,74.54,24979
2016-07-05,74.68,74.85,74.27,74.42,28180
2016-07-06,74.93,75.17,73.82,74.42,20703
2016-07-07,74.51,74.89,74.51,74.65,45219
2016-07-08,75.03,75.48,73.35,73.93,26251
2016-07-11,74.02,74.27,73.39,73.91,21233
2016-07-12,74.35,74.48,73.81,74.19,12280
2016-07-13,74.62,74.87,73.81,74.06,37249
2016-07-14,74.0,74.67,72.12,72.14,18390
2016-07-15,72.47,72.7,71.75,71.93,15615
2016-07-18,71.94,72.13,71.93,71.98,19941
2016-07-19,72.46,72.83,70.59,70.69,22058
2016-07-20,70.71,70.79,70.4,70.46,29900
2016-07-21,70.67,71.1,70.2,70.22,23491
2016-07-22,70.37,71.72,69.77,70.54,26397
2016-07-25,70.32,70.91,69.73,70.71,19498
2016-07-26,70.42,70.78,70.14,70.32,25329
2016-07-27,70.36,72.11,69.61,71.81,21397
2016-07-28,71.72,72.11,69.45,70.01,41300
2016-07-29,69.72,70.26,68.94,69.32,21399
2016-08-01,69.15,69.55,68.07,68.77,20245
2016-08-02,68.93,69.06,68.84,68.86,31826
2016-08-03,68.54,72.27,68.42,71.86,27890
2016-08-04,71.63,74.71,71.19,73.48,24388
2016-08-05,72.86,74.06,72.78,74.04,14693
2016-08-08,74.4,74.75,74.09,74.56,22225
2016-08-09,74.49,74.79,74.41,74.76,13173
2016-08-10,74.78,75.01,73.54,74.32,17654
2016-08-11,74.04,74.56,73.45,74.16,17756
2016-08-12,74.08,75.02,73.91,74.81,16571
2016-08-15,74.62,75.04,74.35,74.57,31222
2016-08-16,74.16,75.06,73.74,74.78,22823
2016-08-17,74.29,75.41,74.01,75.39,19723
2016-08-18,75.77,76.15,74.37,74.84,18727
2016-08-19,74.57,75.51,74.49,74.89,15263
2016-08-22,73.96,75.75,73.72,75.27,40181
2016-08-23,75.09,76.43,74.55,76.38,33181
2016-08-24,76.29,76.86,75.42,75.88,41410
2016-08-25,75.78,76.8,75.65,76.58,49673
2016-08-26,76.57,76.96,75.51,76.41,27815
2016-08-29,76.28,77.5,75.99,76.95,27819
2016-08-30,77.06,77.2,76.25,76.59,17804
2016-08-31,76.22,76.75,75.8,76.23,28581
2016-09-01,75.67,77.58,74.64,77.46,13316
2016-09-02,77.05,77.96,76.75,77.79,23426
2016-09-05,77.98,78.9,77.83,78.44,23552
2016-09-06,78.61,78.78,77.32,78.23,16322
2016-09-07,78.26,79.13,78.21,78.41,27877
2016-09-08,78.71,79.68,77.8,79.48,39567
2016-09-09,78.91,80.41,78.66,80.4,42466
2016-09-12,80.57,80.87,79.93,80.48,9125
2016-09-13,80.6,80.88,80.08,80.13,15951
2016-09-14,79.74,79.85,78.79,78.97,38735
2016-09-15,79.02,79.42,78.3,79.25,33892
2016-09-16,79.13,79.65,79.05,79.57,13797
2016-09-19,79.5,79.82,78.51,79.13,24849
2016-09-20,78.61,79.33,78.3,79.32,42234
2016-09-21,79.46,79.95,79.29,79.92,32463
2016-09-22,79.66,79.67,79.18,79.48,23941
2016-09-23,79.51,80.04,78.92,79.0,13624
2016-09-26,79.28,79.8,78.46,78.59,19356
2016-09-27,78.19,78.78,78.07,78.51,17602
2016-09-28,78.27,79.4,78.06,78.69,24191
2016-09-29,78.11,78.83,77.93,78.42,35207
2016-09-30,78.62,78.75,77.92,78.21,44207
2016-10-03,78.68,79.13,77.7,78.13,59318
2016-10-04,78.02,78.47,77.59,78.15,18182
2016-10-05,78.06,78.24,77.01,77.13,59198
2016-10-06,77.29,77.73,76.7,77.51,30738
2016-10-07,77.44,78.07,76.54,77.48,23003
2016-10-10,77.53,77.73,77.03,77.37,13448
2016-10-11,77.19,77.46,76.84,76.93,20035
2016-10-12,76.88,77.87,76.53,77.06,19503
2016-10-13,77.34,77.66,77.03,77.04,16938
2016-10-14,76.84,77.56,76.13,77.15,20694
2016-10-17,77.27,77.84,77.26,77.71,35401
2016-10-18,77.57,78.62,77.54,78.48,25567
2016-10-19,78.42,79.3,78.31,79.25,34975
2016-10-20,79.15,79.57,78.85,79.42,38940
2016-10-21,79.66,80.16,79.62,80.04,11270
2016-10-24,79.76,80.23,79.59,79.96,27408
2016-10-25,79.98,81.86,79.9,80.94,38281
2016-10-26,80.55,81.14,80.09,80.28,21355
2016-10-27,80.17,80.85,80.1,80.55,26963
2016-10-28,80.37,80.41,79.93,80.2,24336
2016-10-31,79.95,79.96,79.16,79.93,30806
2016-11-01,79.91,81.17,79.76,80.92,25376
2016-11-02,80.59,81.05,79.19,80.0,24569
2016-11-03,80.2,80.28,79.25,79.31,18095
2016-11-04,79.3,80.02,79.04,79.59,25955
2016-11-07,79.67,84.41,79.34,84.29,31445
2016-11-08,84.69,84.8,84.25,84.74,18768
2016-11-09,84.81,84.86,83.64,84.31,28294
2016-11-10,84.63,84.65,83.7,84.01,9001
2016-11-11,83.65,84.86,82.77,84.08,54661
2016-11-14,84.41,85.69,83.72,84.65,12249
2016-11-15,85.35,85.89,82.09,82.53,24924
2016-11-16,82.21,82.67,81.73,82.31,17014
2016-11-17,81.89,82.7,81.89,82.34,39195
2016-11-18,82.56,83.69,82.44,82.72,40958
2016-11-21,83.43,84.08,83.0,83.94,19763
2016-11-22,83.73,84.17,83.44,84.12,22506
2016-11-23,84.27,84.87,83.77,84.58,21398
2016-11-24,84.78,84.84,84.38,84.8,22732
2016-11-25,84.57,85.57,84.26,84.95,28644
2016-11-28,85.14,85.84,84.64,84.72,35030
2016-11-29,84.61,84.96,84.05,84.23,31565
2016-11-30,83.95,84.77,83.57,83.98,9892
2016-12-01,83.72,84.6,83.18,84.56,17268
2016-12-02,84.71,85.07,84.05,84.18,15653
2016-12-05,84.09,85.23,83.65,84.71,17036
2016-12-06,85.12,85.45,83.06,83.96,30051
2016-12-07,84.26,85.08,83.65,84.41,22702
2016-12-08,84.11,84.42,84.03,84.15,58193
2016-12-09,83.86,84.57,83.25,84.17,33937
2016-12-12,84.39,85.72,83.88,85.07,27583
2016-12-13,84.76,86.56,84.4,86.18,23901
2016-12-14,86.38,86.7,86.05,86.28,30131
2016-12-15,86.43,86.57,86.23,86.37,21793
2016-12-16,85.87,86.84,85.55,86.74,13462
2016-12-19,86.53,87.17,86.12,86.62,18131
2016-12-20,87.33,87.93,87.31,87.4,22296
2016-12-21,88.01,88.11,87.12,87.18,25761
2016-12-22,86.99,87.03,86.24,86.61,15408
2016-12-23,86.72,87.45,85.72,85.72,29778
2016-12-26,85.8,86.24,85.0,85.79,53089
2016-12-27,85.52,86.69,84.97,86.05,13964
2016-12-28,85.89,87.53,85.41,87.53,17218
2016-12-29,87.59,87.75,87.47,87.68,13861
2016-12-30,87.52,88.39,87.34,88.21,27792
2017-01-02,88.7,89.21,87.89,88.28,18185
2017-01-03,88.49,88.52,88.18,88.34,12037
2017-01-04,88.48,89.05,87.98,88.66,35292
2017-01-05,88.66,88.78,88.1,88.65,19484
2017-01-06,88.23,89.58,87.97,89.38,26304
2017-01-09,89.29,89.66,89.11,89.54,19587
2017-01-10,89.3,90.1,89.18,89.62,45424
2017-01-11,89.51,90.58,89.11,89.25,14071
2017-01-12,88.91,89.8,88.77,89.6,13767
2017-01-13,89.59,91.4,88.79,90.67,25847
2017-01-16,91.04,91.77,90.57,90.63,10751
2017-01-17,91.14,93.11,90.91,92.82,17914
2017-01-18,94.02,94.23,90.98,91.75,13284
2017-01-19,91.88,91.9,90.58,90.99,45847
2017-01-20,91.35,91.56,90.42,90.93,21130
2017-01-23,90.63,92.03,90.29,91.34,16354
2017-01-24,91.56,91.73,91.34,91.49,23434
2017-01-25,91.2,91.28,89.98,90.39,14253
2017-01-26,90.24,90.27,88.7,89.1,17386
2017-01-27,89.08,90.63,88.81,90.57,49274
2017-01-30,90.72,90.75,89.92,90.6,23317
2017-01-31,90.58,90.7,89.23,90.13,27722
2017-02-01,89.91,90.38,89.63,89.94,17921
2017-02-02,89.37,89.96,88.62,89.58,22004
2017-02-03,90.52,90.78,89.6,89.69,21717
2017-02-06,89.04,89.29,88.8,89.03,28839
2017-02-07,89.53,89.95,87.56,88.22,21367
2017-02-08,88.57,88.75,88.2,88.69,25269
2017-02-09,89.15,89.72,88.72,89.44,17963
2017-02-10,90.17,90.64,88.88,88.92,23393
2017-02-13,89.51,89.54,88.62,89.24,30055
2017-02-14,89.52,89.82,89.4,89.53,37003
2017-02-15,89.12,90.5,88.38,90.46,23861
2017-02-16,90.67,91.13,89.24,89.53,37480
2017-02-17,88.9,89.63,88.33,89.41,14410
2017-02-20,89.76,90.95,89.22,90.83,21966
2017-02-21,91.37,92.1,90.57,90.6,14987
2017-02-22,90.13,90.86,89.43,90.59,30459
2017-02-23,90.26,92.55,90.23,91.2,31200
2017-02-24,91.73,92.24,90.6,91.36,12544
2017-02-27,91.6,91.68,91.02,91.38,22016
2017-02-28,91.63,92.14,89.86,90.17,22999
2017-03-01,90.16,90.2,89.04,89.16,15116
2017-03-02,88.81,89.97,88.55,89.29,23333
2017-03-03,89.17,89.61,88.15,88.6,28653
2017-03-06,89.62,89.91,88.37,89.13,18051
2017-03-07,89.31,89.84,88.71,88.84,12023
2017-03-08,89.07,89.55,88.76,88.8,41493
2017-03-09,89.55,89.77,87.98,88.32,22611
2017-03-10,87.93,92.18,86.85,91.79,35301
2017-03-13,91.78,92.1,91.2,91.63,12909
2017-03-14,91.89,92.33,91.14,91.63,14032
2017-03-15,91.61,92.54,91.57,92.01,7847
2017-03-16,92.41,92.96,92.31,92.41,23448
2017-03-17,92.1,94.29,91.93,93.73,14840
2017-03-20,93.1,94.19,93.06,93.7,20918
2017-03-21,93.49,94.67,93.28,94.29,21688
2017-03-22,94.98,94.99,93.99,94.89,24996
2017-03-23,95.2,96.11,94.63,95.49,17851
2017-03-24,95.21,97.85,95.08,97.28,7005
2017-03-27,97.66,98.02,97.07,97.83,21426
2017-03-28,97.93,100.38,97.36,99.88,16040
2017-03-29,99.61,101.03,99.32,100.3,16155
2017-03-30,100.47,100.69,99.6,100.54,25283
2017-03-31,100.32,100.67,97.41,97.59,14705
2017-04-03,97.69,98.65,97.01,98.37,24567
2017-04-04,98.32,100.16,97.74,100.11,15172
2017-04-05,100.4,100.94,99.73,99.77,45631
2017-04-06,99.71,99.83,97.81,98.51,25792
2017-04-07,98.16,99.96,97.89,99.33,13290
2017-04-10,99.97,100.12,98.9,99.23,24816
2017-04-11,99.23,99.92,96.92,98.03,14504
2017-04-12,97.88,98.76,96.83,97.57,93811
2017-04-13,97.44,98.55,97.11,98.03,28608
2017-04-14,97.83,98.32,97.14,98.21,42498
2017-04-17,98.73,99.21,98.23,98.3,12410
2017-04-18,98.01,98.18,97.25,98.15,29378
2017-04-19,98.4,99.35,98.05,98.8,7886
2017-04-20,98.75,99.74,98.66,99.53,22006
2017-04-21,99.53,101.12,99.41,100.58,36717
2017-04-24,100.52,101.55,99.83,100.72,17027
2017-04-25,100.59,101.71,100.44,101.56,16235
2017-04-26,101.3,102.54,100.71,102.5,13461
2017-04-27,102.36,103.38,102.03,103.22,17843
2017-04-28,103.49,103.99,102.96,102.96,23590
2017-05-01,103.31,103.53,100.06,100.17,17489
2017-05-02,99.38,101.09,99.15,100.47,8721
2017-05-03,100.02,100.7,99.37,99.86,33907
2017-05-04,99.57,99.82,98.86,99.78,28872
2017-05-05,99.9,101.96,99.53,100.9,17710
2017-05-08,100.97,101.65,100.11,101.14,18757
2017-05-09,100.98,102.15,100.24,102.13,12977
2017-05-10,102.08,102.36,102.0,102.35,10412
2017-05-11,101.52,103.51,101.15,103.49,16019
2017-05-12,104.18,104.8,103.0,103.04,36277
2017-05-15,102.77,104.44,102.29,104.18,19247
2017-05-16,103.75,104.89,103.13,104.78,22094
2017-05-17,104.55,105.32,104.37,105.3,27223
2017-05-18,105.0,105.12,104.03,104.86,18772
2017-05-19,104.9,106.26,103.96,104.86,21169
2017-05-22,105.0,105.39,104.74,105.32,20021
2017-05-23,105.34,106.47,104.88,106.08,15267
2017-05-24,106.33,106.55,105.14,105.44,24225
2017-05-25,105.79,107.08,104.99,105.21,16107
2017-05-26,106.01,106.18,105.08,105.35,31568
2017-05-29,104.43,105.78,104.09,105.61,23319
2017-05-30,106.19,110.13,106.03,109.61,28134
2017-05-31,109.24,110.45,108.91,109.83,28337
2017-06-01,109.58,110.3,109.06,110.15,38803
2017-06-02,110.17,110.34,108.96,109.08,31889
2017-06-05,108.34,109.41,107.88,108.69,25019
2017-06-06,109.15,109.39,108.59,109.01,19566
2017-06-07,108.07,108.68,107.73,108.12,31423
2017-06-08,108.01,109.37,107.87,108.77,18014
2017-06-09,108.79,109.74,106.72,107.68,16001
2017-06-12,107.83,108.12,107.56,107.64,14682
2017-06-13,107.04,107.42,106.71,107.33,37631
2017-06-14,107.64,109.61,107.54,107.85,51648
2017-06-15,107.47,108.72,106.96,108.41,31933
2017-06-16,108.2,108.63,108.1,108.52,18887
2017-06-19,108.98,109.55,107.68,107.86,27256
2017-06-20,107.77,109.11,107.7,108.75,12158
2017-06-21,108.17,109.56,108.07,108.96,20135
2017-06-22,109.18,109.88,108.21,108.91,19228
2017-06-23,108.83,108.98,107.78,108.76,23407
2017-06-26,109.05,109.87,108.9,109.12,19148
2017-06-27,108.65,109.18,108.28,108.49,24048
2017-06-28,107.97,109.26,107.57,108.73,26869
2017-06-29,108.31,110.25,107.82,109.89,25319
2017-06-30,109.98,110.14,109.68,109.73,18207
2017-07-03,109.66,111.16,109.39,110.6,30085
2017-07-04,110.12,110.93,106.27,106.93,18459
2017-07-05,106.77,106.98,106.1,106.31,25711
2017-07-06,106.67,106.72,103.73,104.0,20690
2017-07-07,103.72,103.87,102.89,103.11,25626
2017-07-10,103.0,104.55,102.71,103.86,17064
2017-07-11,103.36,104.11,102.71,103.11,25453
2017-07-12,102.91,103.18,100.65,101.69,25759
2017-07-13,101.84,102.36,101.33,102.03,17089
2017-07-14,102.16,104.93,101.96,104.13,25835
2017-07-17,104.05,105.4,104.01,104.29,26572
2017-07-18,105.23,105.31,103.71,104.72,15237
2017-07-19,104.62,104.78,103.72,104.0,32027
2017-07-20,103.83,105.04,103.43,104.62,30549
2017-07-21,103.86,105.34,103.36,104.41,19258
2017-07-24,104.48,104.89,103.94,104.42,27056
2017-07-25,103.81,105.51,103.8,105.03,33438
2017-07-26,105.41,105.82,103.58,104.1,23297
2017-07-27,103.81,104.73,103.27,104.3,29590
2017-07-28,103.31,105.85,103.16,105.16,20794
2017-07-31,105.21,105.81,103.76,104.68,13846
2017-08-01,104.42,104.56,104.1,104.55,32864
2017-08-02,105.03,105.67,103.77,104.25,18914
2017-08-03,104.35,104.97,101.98,102.43,11082
2017-08-04,102.55,103.02,101.5,102.25,29409
2017-08-07,102.1,102.45,99.75,99.85,45908
2017-08-08,99.76,100.26,98.92,99.04,23363
2017-08-09,98.61,100.2,98.37,99.71,19632
2017-08-10,99.35,100.31,98.64,99.55,40958
2017-08-11,99.17,100.17,98.91,99.74,30427
2017-08-14,99.33,99.67,98.5,99.1,57959
2017-08-15,99.45,99.79,98.89,99.02,11197
2017-08-16,99.01,100.03,98.39,98.8,18952
2017-08-17,98.25,100.39,98.07,98.94,17615
2017-08-18,99.29,99.73,99.03,99.3,35021
2017-08-21,98.97,99.27,97.92,99.02,18667
2017-08-22,98.98,99.15,95.32,95.37,13322
2017-08-23,95.7,96.4,94.95,95.88,26879
2017-08-24,96.05,97.21,95.45,96.62,24309
2017-08-25,96.82,96.94,96.15,96.19,11560
2017-08-28,96.27,96.59,95.55,95.69,23323
2017-08-29,95.09,95.72,94.96,95.33,12486
2017-08-30,95.45,95.87,94.46,94.84,12806
2017-08-31,94.63,95.72,94.14,94.97,22152
2017-09-01,94.82,95.85,94.55,95.16,18978
2017-09-04,94.73,94.97,94.57,94.87,26889
2017-09-05,94.89,95.31,93.47,93.91,38365
2017-09-06,93.84,94.61,93.38,94.12,11585
2017-09-07,94.09,94.26,93.16,93.23,11460
2017-09-08,92.93,93.32,92.76,93.19,24307
2017-09-11,93.1,93.11,92.57,92.93,10811
2017-09-12,92.03,92.22,91.32,91.44,14811
2017-09-13,91.33,92.0,90.97,91.45,20842
2017-09-14,91.33,92.11,90.98,91.94,32511
2017-09-15,92.34,93.18,91.79,92.28,22684
2017-09-18,92.19,92.86,91.17,92.08,12281
2017-09-19,91.67,93.17,90.69,92.18,27827
2017-09-20,92.64,93.51,92.63,93.12,25442
2017-09-21,92.71,93.12,92.37,93.11,25323
2017-09-22,93.23,93.55,92.94,93.52,12700
2017-09-25,93.26,94.27,93.21,93.44,22516
2017-09-26,93.01,94.96,92.41,94.65,22778
2017-09-27,94.87,95.18,94.19,95.02,18425
2017-09-28,94.87,96.33,94.75,96.04,17975
2017-09-29,95.51,96.28,95.06,95.95,10820
2017-10-02,96.74,97.12,95.29,95.99,15258
2017-10-03,95.89,96.38,95.49,95.95,37249
2017-10-04,95.92,97.16,95.04,96.77,26327
2017-10-05,96.47,97.23,94.48,94.82,17861
2017-10-06,94.95,98.07,94.3,97.38,16290
2017-10-09,96.94,98.84,96.71,98.34,26856
2017-10-10,98.58,98.75,97.26,98.28,23143
2017-10-11,98.13,98.98,97.42,98.73,53897
2017-10-12,98.52,99.21,97.45,97.99,23346
2017-10-13,97.56,98.11,97.44,97.66,28751
2017-10-16,97.44,98.38,97.09,98.11,12809
2017-10-17,97.89,98.63,95.86,96.23,15388
2017-10-18,96.34,96.89,96.32,96.46,11089
2017-10-19,96.11,96.77,95.89,96.53,14887
2017-10-20,96.27,97.21,96.19,96.35,28870
2017-10-23,96.35,96.52,95.63,95.93,19281
2017-10-24,96.16,97.55,95.0,95.02,14525
2017-10-25,95.37,95.69,94.43,94.52,21700
2017-10-26,94.2,95.53,93.63,94.94,19698
2017-10-27,94.17,95.56,93.95,94.87,31303
2017-10-30,94.92,95.76,94.52,94.85,29754
2017-10-31,94.29,95.57,93.92,95.55,12927
2017-11-01,96.05,96.22,94.99,95.35,29482
2017-11-02,95.15,96.81,94.77,96.6,23333
2017-11-03,96.42,97.14,95.21,96.38,17836
2017-11-06,97.03,98.36,95.65,95.79,18442
2017-11-07,95.23,95.41,93.77,93.77,37241
2017-11-08,94.26,94.71,93.91,93.96,13287
2017-11-09,93.81,94.07,93.39,93.85,26462
2017-11-10,93.65,96.61,93.39,95.56,46215
2017-11-13,96.28,96.34,92.27,92.91,31711
2017-11-14,92.84,93.38,92.48,92.5,40591
2017-11-15,92.24,92.86,91.81,92.17,12681
2017-11-16,92.09,92.44,91.3,91.76,24060
2017-11-17,92.16,92.79,90.43,91.1,25254
2017-11-20,91.38,91.65,90.76,91.0,20844
2017-11-21,91.34,91.52,90.74,90.89,18640
2017-11-22,91.13,91.5,90.27,90.49,36748
2017-11-23,90.6,90.97,90.32,90.51,19164
2017-11-24,89.94,90.91,89.57,90.5,17189
2017-11-27,90.01,92.31,89.89,91.76,15458
2017-11-28,91.66,93.3,91.47,93.11,16325
2017-11-29,92.3,93.33,92.04,93.14,20239
2017-11-30,93.88,94.05,92.42,93.5,29344
2017-12-01,93.56,93.61,91.54,91.81,18334
2017-12-04,91.36,92.28,90.81,92.17,15613
2017-12-05,92.12,93.57,91.34,93.55,20753
2017-12-06,93.82,94.67,93.69,94.51,42884
2017-12-07,94.81,95.49,93.73,94.18,25785
2017-12-08,94.04,94.34,91.09,92.42,40061
2017-12-11,92.81,93.72,91.65,91.8,40853
2017-12-12,92.26,92.85,90.72,91.21,21500
2017-12-13,91.46,91.69,90.62,90.75,27111
2017-12-14,91.95,92.68,89.26,89.78,12813
2017-12-15,89.4,91.26,88.68,90.78,16877
2017-12-18,90.94,91.44,90.47,91.3,19801
2017-12-19,91.63,93.19,91.39,92.82,27632
2017-12-20,92.42,92.64,88.71,89.16,14248
2017-12-21,89.08,89.51,88.76,89.31,37185
2017-12-22,89.32,90.74,88.3,90.33,51700
2017-12-25,90.36,91.65,89.97,91.38,24505
2017-12-26,90.78,92.14,90.37,91.68,47161
2017-12-27,91.94,92.4,91.73,92.34,22615
2017-12-28,92.19,92.4,92.01,92.18,8549
2017-12-29,92.67,93.1,92.52,92.91,29031
2018-01-01,92.69,93.47,92.36,93.41,20612
2018-01-02,93.13,93.18,92.92,92.93,39056
2018-01-03,93.08,93.63,92.59,92.65,17905
2018-01-04,92.48,93.18,92.29,92.61,25683
2018-01-05,93.13,93.42,92.13,92.72,22171
2018-01-08,92.55,93.99,92.51,93.74,21307
2018-01-09,93.87,94.86,93.22,93.57,9284
2018-01-10,93.24,93.39,91.97,92.39,20100
2018-01-11,92.37,92.42,91.24,91.43,14133
2018-01-12,91.86,91.87,91.2,91.45,38980
2018-01-15,90.94,93.85,90.77,92.14,19122
2018-01-16,92.4,93.2,92.1,92.86,25214
2018-01-17,92.88,93.05,92.16,92.36,59386
2018-01-18,92.53,92.85,91.26,92.17,45740
2018-01-19,91.81,93.96,91.48,93.91,20437
2018-01-22,93.83,94.43,93.04,93.23,16458
2018-01-23,92.58,92.79,92.1,92.28,50099
2018-01-24,92.53,92.57,91.21,92.45,12670
2018-01-25,91.9,93.11,90.59,92.88,45125
2018-01-26,92.6,92.83,92.22,92.42,10396
2018-01-29,92.37,93.33,92.22,92.8,38639
2018-01-30,92.52,92.78,92.4,92.75,21264
2018-01-31,92.87,93.88,92.38,93.8,22681
2018-02-01,93.77,94.23,93.54,94.06,21050
2018-02-02,94.02,94.56,93.72,94.18,11793
2018-02-05,93.89,95.14,93.47,94.7,12994
2018-02-06,94.76,95.03,94.11,94.5,14036
2018-02-07,94.42,94.63,93.87,94.23,32074
2018-02-08,93.62,94.97,93.44,94.82,20796
2018-02-09,95.57,96.04,95.55,95.7,20905
2018-02-12,95.8,96.62,95.63,96.58,46559
2018-02-13,96.14,96.35,95.35,95.87,28135
2018-02-14,96.03,96.06,95.43,95.98,29890
2018-02-15,95.97,96.14,94.22,94.85,44971
2018-02-16,94.6,95.22,94.4,94.74,32130
2018-02-19,94.24,97.26,94.21,96.82,16290
2018-02-20,97.58,98.09,95.08,95.68,33255
2018-02-21,95.84,97.18,95.62,96.35,27537
2018-02-22,96.45,96.69,95.81,95.83,27094
2018-02-23,95.77,97.68,95.76,97.67,48871
2018-02-26,97.46,97.58,96.95,97.08,23984
2018-02-27,96.5,97.65,96.18,97.4,29903
2018-02-28,97.81,98.49,96.24,96.82,16191
2018-03-01,97.44,98.07,97.36,97.79,18856
2018-03-02,98.54,99.03,96.53,97.0,13758
2018-03-05,97.11,97.7,96.99,97.64,23231
2018-03-06,97.9,98.45,96.25,96.63,16381
2018-03-07,96.55,96.83,95.75,96.62,20578
2018-03-08,96.38,96.88,96.26,96.39,14434
2018-03-09,96.81,96.92,95.1,95.34,11818
2018-03-12,95.25,96.15,93.78,95.85,24939
2018-03-13,96.14,96.65,95.89,96.59,16514
2018-03-14,97.06,97.61,96.05,97.48,22725
2018-03-15,97.61,97.87,97.02,97.22,11801
2018-03-16,97.46,97.94,96.65,97.55,24133
2018-03-19,97.4,97.4,97.19,97.32,15197
2018-03-20,96.95,97.36,96.63,97.05,23295
2018-03-21,96.82,97.94,96.73,97.63,15418
2018-03-22,98.29,98.86,97.33,98.13,34784
2018-03-23,98.66,98.96,98.65,98.89,11473
2018-03-26,99.09,100.39,99.03,100.12,12895
2018-03-27,99.97,100.9,99.58,100.79,28122
2018-03-28,100.86,101.58,100.61,101.34,28298
2018-03-29,101.61,101.91,100.23,100.76,17739
2018-03-30,101.12,101.56,99.55,100.08,15817
2018-04-02,99.4,99.52,98.21,98.41,25607
2018-04-03,98.69,99.76,97.23,97.39,43189
2018-04-04,97.38,97.98,96.01,97.86,13303
2018-04-05,97.49,98.32,82.21,82.55,37140
2018-04-06,82.03,82.38,81.64,81.97,22661
2018-04-09,81.84,82.14,81.56,82.07,15617
2018-04-10,82.37,83.21,81.34,81.88,39429
2018-04-11,82.76,83.51,82.47,82.85,34042
2018-04-12,83.25,83.54,80.11,80.55,20509
2018-04-13,80.93,81.46,80.04,80.09,11091
2018-04-16,79.86,81.34,79.75,80.58,37442
2018-04-17,80.5,80.85,79.61,80.56,23195
2018-04-18,80.83,81.08,79.53,80.18,46350
2018-04-19,80.23,80.4,80.14,80.26,30192
2018-04-20,80.02,80.32,79.68,80.06,28273
2018-04-23,80.59,80.68,79.88,80.36,23517
2018-04-24,80.54,80.54,79.21,79.23,24931
2018-04-25,79.58,80.21,78.95,79.67,28075
2018-04-26,79.41,79.97,78.98,79.24,36436
2018-04-27,79.29,79.59,79.23,79.56,17435
2018-04-30,80.04,81.0,79.89,80.43,31088
2018-05-01,80.7,80.74,79.81,80.5,16650
2018-05-02,80.07,81.12,79.66,80.49,21332
2018-05-03,80.52,80.91,80.3,80.56,19098
2018-05-04,80.82,81.05,78.8,79.59,58921
2018-05-07,79.43,80.12,78.24,78.9,32597
2018-05-08,78.42,78.44,77.31,78.09,31456
2018-05-09,77.93,79.0,77.46,78.68,16310
2018-05-10,78.58,78.91,78.13,78.74,11761
2018-05-11,78.78,79.55,78.68,79.0,43197
2018-05-14,78.95,79.37,78.88,78.91,22252
2018-05-15,78.86,79.22,76.56,76.73,18157
2018-05-16,76.98,77.09,76.52,76.9,27351
2018-05-17,76.38,78.05,75.43,77.52,24684
2018-05-18,77.23,77.48,76.64,76.7,38728
2018-05-21,77.07,77.4,76.33,76.37,42670
2018-05-22,76.85,77.26,76.39,76.55,16751
2018-05-23,76.01,78.72,75.73,78.1,31821
2018-05-24,78.42,79.09,75.3,75.75,29792
2018-05-25,75.92,76.09,73.21,73.32,34677
2018-05-28,73.28,74.61,73.23,74.16,43618
2018-05-29,73.7,74.05,73.55,73.92,18242
2018-05-30,73.53,73.75,73.35,73.47,20391
2018-05-31,73.67,73.9,73.52,73.61,31538
2018-06-01,73.89,74.72,73.66,74.18,34377
2018-06-04,73.82,74.34,73.5,73.98,10974
2018-06-05,73.86,74.27,73.17,73.77,16868
2018-06-06,74.26,74.52,73.98,74.04,17103
2018-06-07,74.28,74.56,73.55,73.95,14371
2018-06-08,73.81,74.53,73.55,74.37,38391
2018-06-11,74.65,74.94,74.3,74.36,26265
2018-06-12,74.49,74.57,73.28,73.81,24885
2018-06-13,73.71,73.83,72.86,72.91,30480
2018-06-14,72.93,72.95,72.18,72.28,46775
2018-06-15,72.02,72.48,71.11,71.33,24978
2018-06-18,70.7,71.31,70.37,71.15,54797
2018-06-19,70.68,71.79,70.54,71.48,38050
2018-06-20,71.38,71.8,70.14,70.41,21981
2018-06-21,70.39,70.46,69.53,69.93,27612
2018-06-22,70.74,71.44,68.82,69.14,30550
2018-06-25,68.9,69.04,68.54,69.01,31845
2018-06-26,68.88,69.29,67.99,68.28,28356
2018-06-27,68.17,69.37,67.85,69.33,35582
2018-06-28,69.67,74.04,69.64,73.5,37808
2018-06-29,74.16,74.56,72.93,73.03,42841
2018-07-02,72.94,74.46,72.86,74.04,20388
2018-07-03,74.46,75.4,74.41,74.69,23604
2018-07-04,74.48,74.97,74.02,74.37,28042
2018-07-05,74.54,75.66,74.18,75.36,25102
2018-07-06,75.11,75.27,74.2,74.24,17041
2018-07-09,74.49,74.86,72.74,72.99,16463
2018-07-10,73.42,73.46,72.88,73.27,26814
2018-07-11,72.74,73.04,72.58,72.74,47510
2018-07-12,72.72,73.46,71.88,73.18,18716
2018-07-13,73.53,73.78,72.59,72.71,23290
2018-07-16,72.91,72.93,71.89,72.44,14137
2018-07-17,72.05,74.27,71.95,74.15,18308
2018-07-18,73.51,75.01,73.14,74.93,16607
2018-07-19,75.18,75.87,74.98,75.03,19961
2018-07-20,75.12,75.84,73.32,74.12,16798
2018-07-23,73.99,74.11,73.57,73.81,42739
2018-07-24,73.41,73.77,70.5,70.69,32128
2018-07-25,70.51,70.63,69.0,69.64,25323
2018-07-26,69.17,70.53,68.88,70.04,23091
2018-07-27,69.7,70.77,69.56,70.52,17644
2018-07-30,70.5,71.5,69.71,71.15,20402
2018-07-31,70.71,71.48,70.64,70.88,12471
2018-08-01,70.59,71.24,70.44,70.98,17687
2018-08-02,70.71,72.27,70.15,72.11,23501
2018-08-03,72.19,73.54,72.09,72.75,18987
2018-08-06,72.86,72.89,71.95,72.17,16762
2018-08-07,72.26,73.4,72.05,72.7,34495
2018-08-08,72.77,72.97,72.61,72.75,16141
2018-08-09,72.35,73.0,71.93,72.72,21687
2018-08-10,72.68,72.93,71.96,72.21,27189
2018-08-13,72.44,72.62,71.87,72.09,11433
2018-08-14,71.97,72.61,71.56,72.45,25080
2018-08-15,72.66,73.03,71.63,71.91,21822
2018-08-16,71.88,72.71,71.79,71.91,10086
2018-08-17,72.2,72.89,70.93,71.03,39123
2018-08-20,71.74,72.04,70.64,71.14,19164
2018-08-21,70.87,72.37,70.77,72.06,28423
2018-08-22,71.77,72.41,71.72,72.26,28963
2018-08-23,72.29,72.53,72.12,72.14,28173
2018-08-24,72.32,74.18,72.19,73.42,28637
2018-08-27,73.39,73.76,73.36,73.55,14823
2018-08-28,73.37,74.05,73.02,73.88,20416
2018-08-29,74.04,74.28,72.92,73.42,9649
2018-08-30,73.86,73.92,73.12,73.41,16105
2018-08-31,73.44,74.04,73.34,73.71,25146
2018-09-03,73.73,74.07,71.2,71.36,23438
2018-09-04,72.07,72.22,71.25,71.45,38705
2018-09-05,71.82,72.16,71.04,71.44,21148
2018-09-06,71.31,72.53,70.66,72.04,29097
2018-09-07,72.05,72.82,71.66,72.13,23973
2018-09-10,72.5,72.85,71.92,71.98,12181
2018-09-11,72.16,72.38,71.7,72.0,12379
2018-09-12,71.79,72.88,71.61,72.59,12073
2018-09-13,72.39,73.38,72.24,73.22,44703
2018-09-14,73.32,73.33,72.17,72.62,11408
2018-09-17,72.73,72.86,72.62,72.84,26486
2018-09-18,72.56,73.42,72.46,73.27,11185
2018-09-19,73.71,73.9,72.08,72.2,32843
2018-09-20,72.65,73.28,72.26,72.34,16456
2018-09-21,72.38,72.56,70.23,70.39,32144
2018-09-24,70.68,71.02,69.36,69.96,26033
2018-09-25,69.81,70.64,69.62,70.45,18334
2018-09-26,70.48,70.79,69.78,70.23,50467
2018-09-27,70.38,71.36,70.06,70.63,24876
2018-09-28,70.53,71.26,70.5,70.75,17959
2018-10-01,70.75,71.52,70.55,70.88,13503
2018-10-02,71.15,71.3,71.1,71.15,34509
2018-10-03,71.14,71.16,70.46,71.13,23270
2018-10-04,71.12,71.17,70.31,70.61,42598
2018-10-05,71.05,71.57,70.88,71.37,49207
2018-10-08,71.6,72.59,71.19,72.41,22911
2018-10-09,71.83,72.69,71.75,72.44,20100
2018-10-10,72.83,73.28,72.51,73.07,25251
2018-10-11,72.58,74.28,72.39,73.42,22819
2018-10-12,72.89,73.85,72.53,73.51,18752
2018-10-15,73.19,74.11,73.17,73.89,16779
2018-10-16,73.76,73.81,73.23,73.45,24078
2018-10-17,73.25,75.0,72.86,74.98,20109
2018-10-18,74.83,74.99,74.39,74.6,24586
2018-10-19,74.13,74.58,74.13,74.41,34258
2018-10-22,74.21,74.65,73.28,73.49,33078
2018-10-23,73.34,73.46,72.52,72.97,26278
2018-10-24,72.88,73.08,72.68,73.0,23380
2018-10-25,73.1,73.64,73.07,73.46,23886
2018-10-26,72.94,74.04,72.93,73.92,17239
2018-10-29,73.36,73.97,72.69,72.91,34342
2018-10-30,72.57,73.89,72.52,73.59,14946
2018-10-31,73.98,74.23,73.9,73.98,13324
2018-11-01,73.4,74.34,72.95,74.3,30050
2018-11-02,74.9,75.22,73.36,73.91,20501
2018-11-05,74.16,76.37,73.47,76.29,26149
2018-11-06,76.14,76.2,76.02,76.04,28577
2018-11-07,75.88,77.32,75.73,76.77,23408
2018-11-08,77.04,77.31,76.3,76.71,15440
2018-11-09,76.87,77.34,76.27,76.54,27083
2018-11-12,76.26,77.44,76.1,77.21,45614
2018-11-13,77.09,77.78,76.99,77.59,17541
2018-11-14,78.39,78.94,77.35,77.56,11363
2018-11-15,77.12,77.96,76.54,77.68,18672
2018-11-16,78.01,78.35,77.27,77.51,24134
2018-11-19,77.48,77.8,75.98,76.21,47281
2018-11-20,76.38,76.84,76.15,76.2,23055
2018-11-21,76.24,76.59,76.17,76.41,9131
2018-11-22,76.97,77.03,76.36,76.48,26304
2018-11-23,76.24,76.82,75.64,75.72,23406
2018-11-26,75.98,76.28,75.83,75.98,14091
2018-11-27,75.46,76.07,74.95,76.04,35205
2018-11-28,76.05,76.75,76.02,76.46,23238
2018-11-29,76.81,77.25,75.71,76.35,13679
2018-11-30,76.08,76.46,75.78,76.35,27232
2018-12-03,76.58,76.7,76.11,76.12,18619
2018-12-04,75.74,76.11,74.74,74.9,16629
2018-12-05,75.08,75.13,74.65,74.89,24627
2018-12-06,75.61,75.92,74.48,74.84,40223
2018-12-07,75.5,75.89,74.5,74.73,36961
2018-12-10,74.85,75.19,74.13,74.31,28007
2018-12-11,74.1,74.51,74.02,74.41,9250
2018-12-12,74.32,74.61,73.73,74.2,19536
2018-12-13,74.43,75.2,74.07,74.75,24292
2018-12-14,74.57,75.61,74.22,74.86,33170
2018-12-17,75.0,75.02,74.25,74.62,16437
2018-12-18,74.99,75.27,73.68,73.91,33077
2018-12-19,74.05,74.69,73.78,74.23,43418
2018-12-20,73.94,74.57,73.68,74.15,28218
2018-12-21,74.26,74.27,73.56,74.18,24960
2018-12-24,74.31,74.73,73.99,74.32,25998
2018-12-25,73.73,74.24,73.55,74.1,22559
2018-12-26,74.14,74.21,73.7,73.91,18213
2018-12-27,74.48,75.33,74.45,74.83,27071
2018-12-28,74.84,75.06,73.87,74.67,30228
2018-12-31,74.44,74.48,73.58,73.71,21969
2019-01-01,73.85,73.86,73.35,73.71,16423
2019-01-02,73.98,74.8,73.77,74.65,37865
2019-01-03,74.83,74.9,74.33,74.68,35328
2019-01-04,74.51,75.53,74.3,75.41,25091
2019-01-07,75.73,75.91,75.21,75.85,19266
2019-01-08,76.45,76.88,75.28,75.83,17823
2019-01-09,75.48,76.38,75.27,76.07,19918
2019-01-10,76.0,76.12,75.36,75.77,16798
2019-01-11,75.88,76.52,75.27,76.41,33347
2019-01-14,76.27,76.46,75.86,76.17,28844
2019-01-15,76.35,76.55,75.68,75.68,18735
2019-01-16,75.9,77.91,75.78,77.54,11531
2019-01-17,77.45,77.96,77.26,77.56,60359
2019-01-18,77.89,78.44,77.68,78.25,11320
2019-01-21,77.81,79.86,77.67,79.02,26171
2019-01-22,78.98,79.94,78.79,79.46,14990
2019-01-23,79.38,80.94,78.99,80.62,16159
2019-01-24,80.57,80.81,80.32,80.55,25358
2019-01-25,80.59,82.15,80.15,81.65,18864
2019-01-28,82.17,82.3,81.89,82.0,11403
2019-01-29,82.04,82.22,81.59,81.68,16378
2019-01-30,81.75,82.84,81.73,82.44,37864
2019-01-31,82.06,82.1,80.91,82.05,27377
2019-02-01,81.98,82.37,81.61,82.07,14396
2019-02-04,82.53,82.54,81.75,82.03,21957
2019-02-05,81.72,82.58,80.92,82.38,11861
2019-02-06,82.44,82.49,80.87,81.2,19056
2019-02-07,81.58,81.8,80.76,81.25,30157
2019-02-08,80.91,82.11,80.68,81.36,28933
2019-02-11,81.53,81.69,81.48,81.67,22558
2019-02-12,81.66,81.73,80.45,81.05,17078
2019-02-13,81.1,81.57,80.19,81.21,15319
2019-02-14,80.99,82.87,80.73,82.67,28415
2019-02-15,83.58,83.84,83.19,83.72,34595
2019-02-18,83.63,84.47,83.62,84.08,36112
2019-02-19,84.35,84.78,83.68,84.08,32545
2019-02-20,83.84,83.96,83.22,83.91,16308
2019-02-21,83.23,84.67,82.48,84.15,34871
2019-02-22,84.2,84.53,83.75,84.06,15361
2019-02-25,83.9,84.48,83.08,83.51,43566
2019-02-26,83.66,84.74,83.62,84.21,23748
2019-02-27,84.21,84.61,83.98,84.59,24304
2019-02-28,84.95,85.0,84.75,84.95,27167
2019-03-01,85.35,85.61,84.96,85.19,13193
2019-03-04,85.34,85.6,84.77,84.95,35344
2019-03-05,85.63,85.87,84.25,84.49,15724
2019-03-06,84.59,84.77,82.98,84.1,23814
2019-03-07,83.97,84.71,83.68,83.85,15145
2019-03-08,83.62,83.76,83.32,83.54,18296
2019-03-11,83.5,83.93,83.45,83.67,28416
2019-03-12,84.05,84.99,83.33,83.4,17246
2019-03-13,83.65,83.83,82.99,83.67,19007
2019-03-14,83.29,83.71,83.15,83.19,32327
2019-03-15,82.92,83.42,82.25,83.04,16566
2019-03-18,82.67,83.37,82.47,83.28,10085
2019-03-19,83.25,84.21,83.01,83.59,30307
2019-03-20,83.49,84.33,83.34,84.27,16457
2019-03-21,84.94,85.01,84.51,84.6,13050
2019-03-22,85.01,85.43,84.43,84.65,19534
2019-03-25,84.92,85.63,83.21,83.29,47699
2019-03-26,82.94,83.67,82.9,83.4,8768
2019-03-27,83.85,84.27,83.22,83.35,31187
2019-03-28,82.91,83.71,82.86,82.98,14106
2019-03-29,82.93,83.0,82.48,82.68,20039
2019-04-01,83.05,83.83,82.4,82.83,27053
2019-04-02,82.94,83.87,81.44,81.85,27517
2019-04-03,81.71,83.2,81.16,83.1,20796
2019-04-04,83.57,84.69,82.58,82.64,23671
2019-04-05,81.89,82.06,81.32,81.34,44128
2019-04-08,81.31,81.55,80.12,81.19,30557
2019-04-09,81.37,81.51,80.18,80.31,47399
2019-04-10,80.44,80.98,79.96,80.93,25552
2019-04-11,80.9,81.57,80.68,80.9,22003
2019-04-12,81.09,82.64,81.01,82.51,11064
2019-04-15,83.25,84.07,82.81,83.22,32311
2019-04-16,83.29,83.56,82.0,82.45,52604
2019-04-17,82.23,82.51,81.68,81.81,35075
2019-04-18,81.61,82.93,81.52,82.46,12368
2019-04-19,82.79,82.85,82.21,82.45,21805
2019-04-22,82.69,83.02,82.62,82.93,37495
2019-04-23,82.8,82.8,82.52,82.58,36281
2019-04-24,83.61,84.05,82.55,82.78,15400
2019-04-25,82.31,82.65,81.81,81.96,23244
2019-04-26,82.03,82.86,81.42,82.01,11510
2019-04-29,82.4,83.2,81.54,81.84,21621
2019-04-30,81.91,82.41,81.85,82.01,16748
2019-05-01,81.47,82.57,80.78,82.42,16151
2019-05-02,81.88,82.68,81.62,82.43,16988
2019-05-03,82.96,82.99,81.01,81.67,35711
2019-05-06,81.46,83.2,81.03,82.91,61198
2019-05-07,82.1,82.35,81.21,81.6,14039
2019-05-08,81.84,81.95,81.28,81.79,53474
2019-05-09,82.02,82.42,81.46,81.91,20733
2019-05-10,81.86,82.89,81.82,82.3,15137
2019-05-13,82.44,82.78,81.43,81.97,18181
2019-05-14,82.46,82.61,81.33,81.65,17716
2019-05-15,81.48,82.95,81.4,81.99,16684
2019-05-16,82.07,82.77,80.21,81.5,33502
2019-05-17,81.38,81.55,80.7,81.3,26813
2019-05-20,81.47,82.62,81.24,82.03,23858
2019-05-21,81.63,82.31,81.13,82.19,15338
2019-05-22,82.74,82.76,81.69,81.79,26111
2019-05-23,81.79,83.27,81.46,82.93,22030
2019-05-24,83.19,84.08,82.88,83.52,19744
2019-05-27,83.42,84.52,83.09,84.12,39618
2019-05-28,84.97,85.6,84.36,84.62,26201
2019-05-29,83.9,86.28,83.57,85.73,16601
2019-05-30,85.77,86.39,85.07,85.71,22485
2019-05-31,85.12,85.38,84.64,85.09,22653
2019-06-03,85.28,85.98,84.66,84.81,27060
2019-06-04,84.77,85.55,84.56,84.99,46516
2019-06-05,85.17,85.51,84.2,84.58,21808
2019-06-06,84.53,85.52,84.04,84.67,21642
2019-06-07,84.77,85.29,84.02,84.07,39798
2019-06-10,83.61,84.89,82.94,84.8,20984
2019-06-11,85.06,85.38,83.96,83.96,10612
2019-06-12,84.06,84.54,83.38,83.78,21912
2019-06-13,83.6,83.86,82.45,82.59,43530
2019-06-14,82.48,83.36,81.83,83.01,22287
2019-06-17,83.01,84.72,82.0,83.83,21128
2019-06-18,84.19,85.94,83.5,85.63,26411
2019-06-19,86.3,86.57,84.99,85.11,12525
2019-06-20,84.86,85.75,84.04,84.83,31671
2019-06-21,84.19,86.12,83.72,85.05,18682
2019-06-24,84.93,85.89,84.34,84.43,17211
2019-06-25,84.69,84.96,84.05,84.26,21947
2019-06-26,84.39,84.77,83.24,83.53,47021
2019-06-27,83.66,83.81,82.02,82.22,40352
2019-06-28,82.43,82.68,81.58,82.67,19069
2019-07-01,82.65,83.11,82.2,82.88,23905
2019-07-02,82.7,84.23,82.39,83.66,12001
2019-07-03,84.14,84.41,83.34,83.47,20396
2019-07-04,83.23,83.34,82.98,83.15,37508
2019-07-05,83.12,85.07,82.77,84.49,21821
2019-07-08,85.07,85.25,84.19,84.38,17619
2019-07-09,83.91,84.5,83.39,84.48,20062
2019-07-10,84.41,84.9,84.22,84.7,20494
2019-07-11,84.92,85.46,83.32,84.47,19771
2019-07-12,84.95,85.5,84.16,84.42,11899
2019-07-15,85.05,85.29,84.62,85.28,32755
2019-07-16,85.17,85.79,84.99,85.39,16443
2019-07-17,85.79,86.5,84.41,84.6,15247
2019-07-18,85.04,85.39,84.05,84.05,20445
2019-07-19,84.17,85.14,84.01,84.53,26816
2019-07-22,85.08,85.46,84.24,84.36,14532
2019-07-23,84.71,86.36,83.61,85.92,24447
2019-07-24,85.38,86.24,85.09,85.79,29543
2019-07-25,85.24,85.42,84.88,85.39,32978
2019-07-26,85.09,85.16,83.68,84.37,30838
2019-07-29,84.72,84.81,84.15,84.15,10952
2019-07-30,84.2,85.11,82.48,82.9,15853
2019-07-31,82.49,82.99,82.07,82.78,12236
2019-08-01,82.35,83.13,82.07,82.54,26065
2019-08-02,82.28,82.39,82.21,82.3,31516
2019-08-05,82.2,82.34,82.07,82.12,23687
2019-08-06,81.98,83.17,81.93,82.77,25554
2019-08-07,82.52,83.05,82.4,82.87,25957
2019-08-08,83.25,84.0,83.1,83.86,15187
2019-08-09,84.13,84.81,84.1,84.79,33909
2019-08-12,84.49,85.28,84.25,84.94,9717
2019-08-13,84.72,86.44,84.27,86.12,20228
2019-08-14,85.7,87.02,85.17,86.59,23595
2019-08-15,86.57,86.61,86.08,86.5,15070
2019-08-16,86.41,86.75,85.92,86.06,33633
2019-08-19,85.66,86.59,84.57,86.52,15213
2019-08-20,86.93,88.88,86.9,87.84,13762
2019-08-21,87.67,88.12,87.21,87.62,12836
2019-08-22,87.8,87.99,85.71,87.07,24029
2019-08-23,87.29,87.45,87.06,87.29,22653
2019-08-26,87.58,87.71,87.06,87.24,24187
2019-08-27,86.76,87.29,86.63,87.21,24636
2019-08-28,87.07,87.35,86.18,87.01,19967
2019-08-29,86.85,87.32,86.73,86.75,37869
2019-08-30,86.63,87.26,86.53,86.88,35573
2019-09-02,86.64,87.36,86.44,86.59,21732
2019-09-03,86.45,86.78,86.35,86.58,15719
2019-09-04,86.21,86.83,85.48,86.6,26298
2019-09-05,86.28,87.25,85.98,87.05,13427
2019-09-06,86.89,88.23,86.88,88.21,18502
2019-09-09,88.42,89.29,88.22,88.72,12916
2019-09-10,88.73,89.85,87.82,88.99,18553
2019-09-11,89.17,89.94,88.18,88.57,25648
2019-09-12,89.1,89.54,88.8,89.29,27306
2019-09-13,89.0,92.27,88.72,91.7,8559
2019-09-16,92.16,92.74,90.74,90.97,29884
2019-09-17,91.19,91.28,90.4,90.95,18706
2019-09-18,91.26,94.5,91.05,93.5,23930
2019-09-19,93.43,95.37,93.41,94.72,30356
2019-09-20,94.22,94.7,93.86,94.62,20608
2019-09-23,94.51,94.62,93.43,94.27,14710
2019-09-24,93.68,94.29,93.25,94.11,31892
2019-09-25,94.19,94.81,93.89,94.13,13508
2019-09-26,93.96,94.58,92.0,92.58,24036
2019-09-27,92.27,93.37,92.04,92.68,14323
2019-09-30,92.44,93.54,92.04,93.2,47769
2019-10-01,92.98,93.85,92.76,93.41,31923
2019-10-02,93.28,94.23,92.75,92.78,12258
2019-10-03,91.85,92.47,91.62,92.36,16455
2019-10-04,91.93,92.82,91.7,92.29,27473
2019-10-07,91.74,92.37,91.59,91.94,15557
2019-10-08,91.61,91.71,91.23,91.51,17660
2019-10-09,91.54,92.44,90.88,92.19,23471
2019-10-10,92.52,93.41,91.69,91.73,15135
2019-10-11,92.11,92.46,91.88,92.39,30563
2019-10-14,91.87,92.93,91.37,92.7,31792
2019-10-15,92.54,92.61,92.23,92.29,24376
2019-10-16,92.28,92.79,92.03,92.05,11985
2019-10-17,91.62,91.95,91.3,91.85,13928
2019-10-18,91.72,92.0,90.9,91.15,26405
2019-10-21,91.07,93.26,90.31,93.25,20542
2019-10-22,93.39,93.84,92.22,93.5,17212
2019-10-23,93.57,94.03,92.28,92.35,14953
2019-10-24,92.54,93.09,92.2,92.77,28543
2019-10-25,91.99,92.61,91.08,92.38,14768
2019-10-28,92.25,92.6,91.33,92.06,28367
2019-10-29,92.05,92.06,90.48,90.72,34901
2019-10-30,90.54,91.36,89.62,90.69,17712
2019-10-31,90.52,90.72,90.22,90.65,16316
2019-11-01,90.55,90.95,90.39,90.5,15415
2019-11-04,91.04,91.39,89.16,89.23,21636
2019-11-05,88.75,89.34,88.66,88.97,23597
2019-11-06,89.28,90.19,88.53,88.64,17253
2019-11-07,88.46,89.28,88.05,88.98,17412
2019-11-08,88.74,90.12,88.2,89.48,15880
2019-11-11,89.62,90.14,88.32,89.91,23616
2019-11-12,90.0,90.06,89.02,89.61,19401
2019-11-13,89.95,90.23,89.38,89.46,16661
2019-11-14,88.51,89.28,88.44,89.22,26294
2019-11-15,90.04,90.15,88.94,89.06,9898
2019-11-18,88.97,89.13,86.01,86.38,15612
2019-11-19,86.93,87.23,86.76,87.08,26073
2019-11-20,87.15,87.28,86.85,87.06,18658
2019-11-21,86.62,87.14,86.4,87.1,25433
2019-11-22,87.58,87.99,86.48,86.59,35480
2019-11-25,86.47,86.88,84.25,84.44,16942
2019-11-26,84.24,86.25,83.4,86.07,29209
2019-11-27,86.35,87.73,85.98,87.6,37907
2019-11-28,87.53,87.72,86.48,86.74,16990
2019-11-29,86.36,86.46,85.88,86.21,29159
2019-12-02,86.31,86.56,86.21,86.47,11794
2019-12-03,86.24,86.97,86.24,86.58,47358
2019-12-04,86.75,87.01,85.08,86.28,36741
2019-12-05,86.62,87.14,86.0,86.21,16220
2019-12-06,86.39,87.06,86.12,86.27,14632
2019-12-09,86.32,86.55,86.29,86.37,9377
2019-12-10,86.1,86.33,85.61,86.13,27838
2019-12-11,86.0,86.12,85.29,85.74,19944
2019-12-12,85.8,86.82,85.33,86.52,28943
2019-12-13,86.38,87.1,82.58,82.9,23905
2019-12-16,83.41,83.93,82.87,82.94,21586
2019-12-17,83.02,83.1,82.79,83.07,26308
2019-12-18,82.93,83.92,82.33,83.74,22225
2019-12-19,83.41,84.33,83.36,83.9,19773
2019-12-20,83.84,84.11,83.82,83.96,31217
2019-12-23,84.2,84.62,82.05,82.27,45211
2019-12-24,82.01,82.55,81.78,81.87,34996
2019-12-25,81.39,84.37,81.22,84.0,30656
2019-12-26,84.0,84.82,83.54,84.7,26505
2019-12-27,84.41,85.8,84.4,85.43,15261
2019-12-30,85.67,86.44,83.61,83.92,29665
2019-12-31,83.72,85.19,83.41,84.93,36432
2020-01-01,84.97,85.13,84.67,84.93,24853
2020-01-02,84.3,86.48,84.0,85.44,25169
2020-01-03,85.17,85.41,84.64,84.74,41596
2020-01-06,84.88,85.22,84.51,85.05,16750
2020-01-07,85.18,85.44,84.8,85.34,28019
2020-01-08,85.56,86.12,84.27,84.67,12715
2020-01-09,85.02,85.75,84.81,85.46,21223
2020-01-10,85.55,85.7,85.32,85.41,7851
2020-01-13,85.92,86.57,84.5,84.94,28410
2020-01-14,84.84,86.07,84.29,85.33,11568
2020-01-15,85.43,86.24,84.84,85.62,31714
2020-01-16,85.84,87.2,85.58,86.41,22301
2020-01-17,85.91,86.44,85.88,86.35,38036
2020-01-20,85.97,86.35,85.75,86.13,27018
2020-01-21,86.17,86.96,85.75,86.49,20691
2020-01-22,86.1,87.48,85.17,87.39,16999
2020-01-23,87.32,89.07,87.24,87.77,12460
2020-01-24,87.86,88.71,87.8,88.68,22895
2020-01-27,88.44,90.0,88.3,89.68,45410
2020-01-28,90.61,91.58,88.81,88.94,22156
2020-01-29,88.74,90.22,88.35,89.87,41245
2020-01-30,89.5,90.23,88.12,88.33,17259
2020-01-31,88.67,89.12,88.33,88.65,35197
2020-02-03,88.45,88.74,88.2,88.7,16077
2020-02-04,88.38,90.49,88.22,89.78,28953
2020-02-05,89.8,90.25,89.15,89.73,17586
2020-02-06,90.11,91.02,89.99,90.63,15736
2020-02-07,90.66,92.13,89.89,91.32,14484
2020-02-10,91.04,91.4,90.74,91.4,18689
2020-02-11,91.41,92.15,91.11,91.65,13668
2020-02-12,91.84,91.87,91.37,91.48,26608
2020-02-13,91.81,93.65,91.8,93.05,26691
2020-02-14,92.9,93.04,91.85,92.1,15930
2020-02-17,91.91,92.03,91.14,91.46,23887
2020-02-18,90.81,92.96,90.27,91.89,10979
2020-02-19,91.87,94.53,90.98,94.21,11030
2020-02-20,93.72,95.44,93.51,94.03,78091
2020-02-21,94.01,94.14,93.5,93.77,25260
2020-02-24,93.79,94.61,93.24,94.28,19673
2020-02-25,94.36,94.99,93.66,94.13,28752
2020-02-26,94.54,94.94,93.09,93.18,20092
2020-02-27,93.11,94.71,92.87,93.98,30247
2020-02-28,94.27,94.5,93.08,93.79,20461
2020-03-02,93.62,95.17,93.37,95.04,41862
2020-03-03,95.14,96.0,94.47,94.56,31767
2020-03-04,94.23,94.96,93.97,94.84,26809
2020-03-05,94.81,96.38,94.49,95.96,42858
2020-03-06,95.47,96.92,94.87,95.88,32140
2020-03-09,96.3,96.63,96.09,96.13,23914
2020-03-10,96.35,97.32,95.99,97.31,30408
2020-03-11,97.22,97.4,95.64,96.39,18584
2020-03-12,96.68,97.0,96.36,96.79,17437
2020-03-13,97.1,98.26,96.68,97.59,27597
2020-03-16,97.2,97.55,97.18,97.47,61656
2020-03-17,97.76,98.64,97.26,97.33,23591
2020-03-18,96.97,98.23,96.88,97.64,32260
2020-03-19,98.39,99.39,98.24,98.41,22436
2020-03-20,98.88,99.01,96.27,96.3,30361
2020-03-23,96.89,96.98,94.68,94.88,35229
2020-03-24,95.13,95.97,94.24,95.4,17497
2020-03-25,95.51,95.59,93.25,94.03,27872
2020-03-26,93.88,94.06,93.59,93.99,22492
2020-03-27,94.14,94.15,92.76,93.42,31064
2020-03-30,93.55,96.05,92.62,95.56,23241
2020-03-31,95.95,95.98,95.87,95.91,16687
2020-04-01,95.69,96.1,94.84,95.25,33028
2020-04-02,95.43,95.88,94.53,94.76,38610
2020-04-03,94.8,95.47,94.12,94.48,11984
2020-04-06,94.64,95.58,93.42,93.84,12271
2020-04-07,94.3,94.64,93.18,93.3,70420
2020-04-08,93.15,93.35,92.11,92.19,12253
2020-04-09,92.35,92.52,91.77,92.51,20226
2020-04-10,92.95,94.82,92.69,93.98,20178
2020-04-13,94.46,94.71,93.02,93.21,20165
2020-04-14,93.47,94.31,93.14,93.86,17433
2020-04-15,93.97,94.12,92.83,93.3,21972
2020-04-16,93.63,94.52,93.5,94.38,12631
2020-04-17,94.18,94.4,93.32,94.2,23487
2020-04-20,93.97,95.08,92.62,93.14,20723
2020-04-21,92.56,93.14,92.38,92.63,16157
2020-04-22,92.96,93.41,92.2,93.08,15432
2020-04-23,93.21,93.84,92.76,93.32,19354
2020-04-24,93.57,93.87,92.61,92.71,12236
2020-04-27,92.76,93.79,92.32,92.81,12682
2020-04-28,92.95,94.55,92.82,93.61,46959
2020-04-29,94.44,94.85,92.77,93.3,30753
2020-04-30,93.42,94.6,92.87,94.03,24052
2020-05-01,94.3,94.52,93.79,94.01,26574
2020-05-04,94.15,95.0,93.19,93.65,24810
2020-05-05,93.32,93.37,91.53,91.72,24311
2020-05-06,92.01,92.18,91.42,91.45,22366
2020-05-07,91.98,92.67,90.88,91.18,21938
2020-05-08,91.23,91.83,90.6,91.04,16180
2020-05-11,91.12,91.6,90.72,91.5,24098
2020-05-12,91.89,92.66,91.0,91.11,24608
2020-05-13,90.33,93.03,89.73,91.71,26711
2020-05-14,91.72,92.21,91.67,91.77,19241
2020-05-15,92.0,93.32,91.44,91.77,23520
2020-05-18,92.24,92.99,92.01,92.76,36077
2020-05-19,92.65,92.71,92.12,92.22,9593
2020-05-20,92.39,92.74,90.66,90.79,28826
2020-05-21,90.89,90.99,89.06,89.95,31913
2020-05-22,89.52,91.68,89.13,91.2,12659
2020-05-25,91.3,91.45,89.66,90.21,25355
2020-05-26,89.37,89.75,89.34,89.46,18425
2020-05-27,88.66,92.01,88.34,90.81,27015
2020-05-28,91.09,91.6,90.14,90.41,19044
2020-05-29,90.76,91.11,90.14,90.56,18804
2020-06-01,90.92,90.97,89.74,90.59,26170
2020-06-02,90.21,91.15,90.08,90.87,27568
2020-06-03,90.84,91.09,89.95,90.24,32542
2020-06-04,90.76,91.07,90.48,90.77,12123
2020-06-05,90.66,92.19,90.32,92.01,32669
2020-06-08,91.46,91.46,90.62,90.63,23925
2020-06-09,90.47,92.86,90.24,92.47,16668
2020-06-10,93.15,93.79,92.45,92.76,13667
2020-06-11,92.75,94.02,92.75,93.75,16031
2020-06-12,93.95,94.37,93.08,93.24,18124
2020-06-15,93.4,94.14,92.47,93.96,8770
2020-06-16,93.61,94.91,93.34,94.68,33961
2020-06-17,94.82,95.08,93.07,93.48,33251
2020-06-18,93.27,94.36,93.08,93.9,11291
2020-06-19,94.38,94.38,92.57,92.84,19582
2020-06-22,93.21,93.68,92.69,93.02,14729
2020-06-23,93.35,95.14,93.18,94.11,35289
2020-06-24,93.52,94.66,92.31,94.31,18521
2020-06-25,93.94,94.38,93.46,94.25,16795
2020-06-26,94.35,94.51,92.52,93.24,27946
2020-06-29,94.09,94.2,92.07,92.37,29382
2020-06-30,92.44,94.09,91.76,93.94,45286
2020-07-01,94.04,94.6,93.77,93.93,28172
2020-07-02,93.23,93.45,92.56,93.08,35727
2020-07-03,93.18,93.79,92.84,92.99,17226
2020-07-06,92.73,93.28,92.56,92.64,21448
2020-07-07,92.02,92.46,91.63,92.35,15085
2020-07-08,92.77,93.05,91.18,91.66,19660
2020-07-09,91.59,92.29,91.19,91.82,21554
2020-07-10,92.28,92.47,91.37,92.11,25088
2020-07-13,91.76,92.5,91.61,91.72,18395
2020-07-14,90.79,91.26,90.35,90.59,19480
2020-07-15,90.53,90.55,90.18,90.28,30918
2020-07-16,89.65,91.71,89.48,91.13,22910
2020-07-17,90.85,90.93,89.74,90.18,29436
2020-07-20,90.62,90.74,89.19,89.43,49548
2020-07-21,88.91,90.63,88.14,90.29,29180
2020-07-22,90.44,90.8,90.16,90.7,16315
2020-07-23,89.98,91.52,89.61,91.42,36300
2020-07-24,91.81,92.01,91.53,91.99,20819
2020-07-27,91.95,92.47,91.2,91.87,26546
2020-07-28,91.66,92.09,91.5,91.57,45931
2020-07-29,91.53,91.78,91.27,91.68,38279
2020-07-30,91.66,92.02,89.23,89.53,39923
2020-07-31,89.78,90.02,89.76,89.89,33422
2020-08-03,89.74,90.6,89.38,90.21,17782
2020-08-04,89.88,92.56,89.64,92.26,27219
2020-08-05,92.55,92.99,89.98,91.01,48214
2020-08-06,90.95,93.9,90.84,92.93,12347
2020-08-07,93.5,94.35,93.4,93.98,23557
2020-08-10,94.17,94.52,94.14,94.3,22663
2020-08-11,94.99,95.18,93.07,93.71,17319
2020-08-12,93.13,95.18,92.91,95.08,19539
2020-08-13,95.19,96.19,95.09,95.81,21144
2020-08-14,95.62,96.23,94.44,95.3,17215
2020-08-17,95.18,96.31,95.07,95.86,71121
2020-08-18,96.19,96.69,95.4,95.78,14692
2020-08-19,96.48,96.76,95.25,95.89,13506
2020-08-20,95.84,96.25,95.63,95.87,25675
2020-08-21,95.23,98.23,94.77,96.92,40762
2020-08-24,96.86,96.94,94.5,94.71,15304
2020-08-25,94.6,94.8,93.87,94.53,12876
2020-08-26,94.75,95.33,93.94,94.33,20282
2020-08-27,93.98,94.16,92.18,92.52,22668
2020-08-28,91.97,93.52,91.32,92.83,21756
2020-08-31,92.83,93.16,92.39,93.08,19623
2020-09-01,92.56,93.31,92.1,92.86,15464
2020-09-02,92.48,92.58,91.48,91.82,36368
2020-09-03,92.06,92.29,90.68,90.9,22608
2020-09-04,91.17,91.34,90.62,90.95,20999
2020-09-07,90.95,91.39,90.37,90.57,14305
2020-09-08,90.41,90.56,90.21,90.53,14889
2020-09-09,90.66,91.32,89.83,90.21,25421
2020-09-10,89.77,89.79,88.65,88.95,35288
2020-09-11,88.85,89.11,87.83,88.6,12017
2020-09-14,89.35,89.91,87.62,88.24,27104
2020-09-15,88.71,88.93,88.5,88.75,20778
2020-09-16,88.79,89.03,88.43,88.48,43869
2020-09-17,88.44,88.62,86.78,87.52,55082
2020-09-18,86.75,88.22,86.29,87.38,19649
2020-09-21,87.19,88.19,86.68,87.15,29761
2020-09-22,87.98,89.05,87.3,87.62,22318
2020-09-23,87.29,88.13,87.12,87.73,34114
2020-09-24,87.64,87.73,87.44,87.67,20405
2020-09-25,88.34,89.14,87.54,88.5,32481
2020-09-28,88.46,88.93,87.18,88.68,21256
2020-09-29,88.56,89.31,88.02,89.12,37535
2020-09-30,89.07,89.22,87.93,88.48,32386
2020-10-01,88.73,89.04,87.47,88.14,17163
2020-10-02,87.84,88.01,86.78,86.96,38479
2020-10-05,86.6,87.47,86.48,86.9,20333
2020-10-06,86.7,86.84,86.25,86.32,39297
2020-10-07,85.94,86.18,85.59,85.76,17499
2020-10-08,85.9,86.3,85.21,86.03,20596
2020-10-09,86.09,86.25,84.09,84.71,17851
2020-10-12,84.5,84.71,83.67,84.54,41225
2020-10-13,84.68,85.33,84.3,84.44,8631
2020-10-14,84.25,84.71,83.52,83.91,27095
2020-10-15,84.61,84.71,83.75,84.18,34659
2020-10-16,84.45,84.9,84.14,84.43,12686
2020-10-19,84.78,85.81,84.59,85.47,13093
2020-10-20,85.43,86.23,84.96,85.76,13357
2020-10-21,85.73,87.88,85.45,87.67,41903
2020-10-22,87.69,88.03,86.7,86.8,23214
2020-10-23,86.57,86.76,85.2,85.78,13472
2020-10-26,85.88,86.84,85.59,86.51,14422
2020-10-27,86.39,87.98,86.03,87.55,21803
2020-10-28,87.42,87.51,86.91,86.96,27506
2020-10-29,87.03,87.15,85.81,86.26,34498
2020-10-30,86.2,88.58,86.06,87.55,17501
2020-11-02,87.59,88.62,87.31,88.24,45086
2020-11-03,88.83,88.87,87.82,88.08,27465
2020-11-04,88.31,88.87,88.04,88.42,22705
2020-11-05,88.54,89.19,88.42,88.56,18243
2020-11-06,88.78,88.87,88.36,88.43,21000
2020-11-09,87.97,88.1,87.24,87.38,19193
2020-11-10,87.29,87.9,86.84,87.06,49625
2020-11-11,87.34,88.13,87.13,87.67,28543
2020-11-12,87.63,89.85,87.41,88.99,18746
2020-11-13,89.78,90.41,88.93,89.31,15827
2020-11-16,89.57,90.06,88.75,89.48,13853
2020-11-17,89.5,89.99,89.06,89.25,40951
2020-11-18,88.82,89.35,88.61,89.08,24992
2020-11-19,89.53,90.91,89.42,90.41,59246
2020-11-20,89.82,92.23,89.61,91.71,21189
2020-11-23,91.05,93.47,90.87,92.83,21415
2020-11-24,92.83,95.45,92.05,94.88,26251
2020-11-25,94.51,95.67,94.25,95.67,22042
2020-11-26,95.86,96.54,95.36,95.53,10704
2020-11-27,95.42,95.61,95.0,95.45,15393
2020-11-30,95.86,95.95,95.43,95.55,26145
2020-12-01,95.72,95.9,95.39,95.58,38754
2020-12-02,95.2,96.33,95.16,96.21,17711
2020-12-03,96.39,96.8,95.0,95.53,14235
2020-12-04,95.71,95.81,94.96,95.69,21191
2020-12-07,95.79,95.86,94.83,95.27,19368
2020-12-08,94.93,95.39,94.13,94.89,13149
2020-12-09,94.83,95.69,93.59,93.94,18142
2020-12-10,94.4,95.0,93.72,94.43,47993
2020-12-11,95.01,95.62,93.83,94.13,14450
2020-12-14,94.63,95.32,93.07,93.22,23383
2020-12-15,93.4,93.93,92.54,92.71,41713
2020-12-16,92.91,93.28,91.94,92.45,22115
2020-12-17,92.54,92.97,92.25,92.35,21672
2020-12-18,91.73,93.7,91.08,93.4,25137
2020-12-21,93.25,94.35,92.39,93.49,16392
2020-12-22,93.79,94.52,93.24,94.37,21867
2020-12-23,93.06,95.02,92.68,94.75,20164
2020-12-24,94.78,96.69,94.25,96.1,15016
2020-12-25,96.62,96.7,95.89,95.97,16404
2020-12-28,95.84,96.08,95.08,95.31,21081
2020-12-29,95.35,96.12,95.06,95.56,21866
2020-12-30,95.26,95.54,94.85,95.33,8607
2020-12-31,94.79,95.57,94.46,95.45,28564
2021-01-01,95.51,96.05,95.34,95.99,15554
2021-01-04,96.18,96.56,95.45,95.51,46766
2021-01-05,95.51,96.06,95.12,95.93,20283
2021-01-06,96.28,98.29,95.82,98.11,24265
2021-01-07,97.94,98.19,97.6,98.06,21736
2021-01-08,98.51,98.59,97.47,97.95,18860
2021-01-11,97.7,98.75,97.58,97.66,9747
2021-01-12,97.86,97.96,97.31,97.78,30119
2021-01-13,97.71,98.64,96.74,97.3,17405
2021-01-14,98.43,99.6,96.89,97.19,19149
2021-01-15,96.27,97.09,94.17,94.51,15430
2021-01-18,94.3,95.09,94.0,94.73,38002
2021-01-19,94.57,95.04,93.75,93.91,24144
2021-01-20,93.8,94.27,91.7,91.75,13919
2021-01-21,91.96,92.57,91.57,91.82,17306
2021-01-22,92.6,92.69,91.99,92.24,16366
2021-01-25,92.79,93.53,92.64,93.38,31588
2021-01-26,93.16,93.67,92.31,93.61,13169
2021-01-27,93.99,94.71,93.52,93.97,56624
2021-01-28,93.49,94.96,92.93,94.48,14575
2021-01-29,94.37,94.75,93.88,94.19,30956
2021-02-01,94.43,95.18,94.07,94.97,20371
2021-02-02,95.43,95.62,94.49,94.57,22246
2021-02-03,94.62,95.31,93.73,94.31,34826
2021-02-04,94.05,96.56,93.93,95.52,31525
2021-02-05,95.72,96.17,94.94,95.41,19174
2021-02-08,95.51,95.78,93.8,93.83,12533
2021-02-09,93.58,93.95,91.67,92.01,39183
2021-02-10,91.69,92.21,91.3,92.18,50179
2021-02-11,92.23,93.34,91.95,92.65,11910
2021-02-12,92.9,93.66,92.65,93.55,31643
2021-02-15,93.11,94.7,93.0,94.39,16881
2021-02-16,94.86,95.24,94.53,94.58,36190
2021-02-17,94.33,95.19,93.74,95.01,26187
2021-02-18,95.2,95.58,94.46,94.65,14962
2021-02-19,94.12,95.08,94.11,94.99,7744
2021-02-22,94.73,95.91,94.53,95.5,33728
2021-02-23,95.46,96.61,94.9,95.57,15056
2021-02-24,95.43,96.01,95.22,95.23,21907
2021-02-25,94.89,94.9,93.68,93.84,25832
2021-02-26,93.47,95.1,92.9,94.72,16054
2021-03-01,94.72,95.26,94.12,94.37,21191
2021-03-02,94.04,94.89,93.9,94.47,19835
2021-03-03,94.45,94.87,94.2,94.79,19537
2021-03-04,94.78,97.43,94.64,96.39,39578
2021-03-05,96.05,96.76,95.71,95.97,22288
2021-03-08,95.8,96.12,95.01,95.25,35523
2021-03-09,95.07,95.51,94.99,95.25,15067
2021-03-10,95.5,96.32,94.35,94.42,18391
2021-03-11,94.3,94.67,93.94,94.12,19981
2021-03-12,93.99,94.69,93.98,94.4,38069
2021-03-15,94.68,95.46,93.94,94.46,21292
2021-03-16,94.57,95.25,92.25,92.28,26738
2021-03-17,92.21,92.38,91.06,91.36,23289
2021-03-18,90.99,91.17,90.03,90.74,28465
2021-03-19,90.59,91.63,90.23,91.47,15238
2021-03-22,91.18,92.03,91.14,91.53,15273
2021-03-23,91.65,92.24,90.46,90.53,19058
2021-03-24,90.86,90.88,89.59,90.46,24986
2021-03-25,90.39,92.23,89.74,92.03,30538
2021-03-26,91.34,91.51,91.01,91.06,52951
2021-03-29,91.42,91.49,90.72,91.23,15251
2021-03-30,91.57,91.69,91.16,91.2,40538
2021-03-31,91.45,92.32,90.8,90.99,22847
2021-04-01,90.75,91.46,90.13,90.43,44983
2021-04-02,90.65,90.68,89.88,90.41,17054
2021-04-05,90.06,90.57,89.45,90.15,33019
2021-04-06,90.46,90.72,89.93,90.16,38043
2021-04-07,89.58,90.88,89.26,90.41,14013
2021-04-08,90.38,90.56,89.57,90.44,48304
2021-04-09,91.15,92.75,90.75,92.15,49636
2021-04-12,92.18,93.2,92.08,93.19,32746
2021-04-13,93.67,93.84,92.95,93.19,23235
2021-04-14,93.41,93.61,92.56,92.69,19224
2021-04-15,92.71,93.59,92.44,93.35,35764
2021-04-16,93.25,93.33,91.93,92.31,11972
2021-04-19,92.99,94.04,91.83,92.11,32897
2021-04-20,92.63,93.21,91.06,91.28,21395
2021-04-21,91.27,92.17,91.11,92.03,40725
2021-04-22,91.33,92.15,91.33,91.66,55713
2021-04-23,91.88,92.48,91.19,91.92,25635
2021-04-26,91.77,93.57,91.67,93.04,21290
2021-04-27,92.83,93.53,92.76,93.05,44846
2021-04-28,92.9,93.81,92.28,92.78,13921
2021-04-29,92.96,93.38,92.88,93.26,34781
2021-04-30,93.44,94.01,92.67,92.9,7965
2021-05-03,93.13,93.82,92.79,92.81,17725
2021-05-04,92.72,94.2,92.17,94.16,19453
2021-05-05,93.97,94.76,93.34,94.2,30454
2021-05-06,94.11,94.39,93.74,93.95,21380
2021-05-07,94.0,94.34,93.91,94.22,33115
2021-05-10,93.83,94.74,93.65,94.38,29983
2021-05-11,94.53,94.76,94.3,94.52,21112
2021-05-12,94.34,97.24,94.12,97.09,38316
2021-05-13,97.07,97.28,96.2,96.96,35727
2021-05-14,97.2,97.34,96.32,96.68,19131
2021-05-17,96.77,97.17,94.83,95.01,26558
2021-05-18,95.17,95.89,94.66,94.71,39584
2021-05-19,94.77,95.92,94.62,95.77,25976
2021-05-20,96.14,96.15,95.15,95.9,37698
2021-05-21,96.19,96.85,95.46,96.53,26270
2021-05-24,96.51,96.73,96.23,96.7,37104
2021-05-25,95.98,98.0,95.56,97.55,20024
2021-05-26,97.47,98.89,96.97,98.27,23527
2021-05-27,97.84,98.83,96.93,97.22,25056
2021-05-28,96.68,98.64,96.63,97.33,20623
2021-05-31,97.55,98.7,97.54,97.91,22696
2021-06-01,98.22,98.67,96.14,96.37,25357
2021-06-02,95.74,96.85,95.58,96.67,8861
2021-06-03,96.71,97.3,95.58,96.64,21682
2021-06-04,96.87,97.59,96.83,97.45,58674
2021-06-07,97.5,98.13,97.09,97.29,17388
2021-06-08,97.15,97.58,96.55,97.5,38554
2021-06-09,97.25,98.8,96.99,97.98,10582
2021-06-10,98.38,98.56,97.71,97.97,12773
2021-06-11,98.43,99.23,98.32,99.0,18999
2021-06-14,98.65,99.34,98.08,99.21,12925
2021-06-15,99.42,100.32,98.4,98.48,26900
2021-06-16,98.32,99.3,97.97,98.65,19165
2021-06-17,99.13,99.36,98.27,98.68,18826
2021-06-18,98.94,99.22,98.01,98.06,21786
2021-06-21,98.28,98.59,97.99,98.09,17082
2021-06-22,97.55,99.3,96.9,98.43,20947
2021-06-23,98.09,98.6,96.93,96.97,35702
2021-06-24,97.19,97.63,96.69,97.3,14658
2021-06-25,96.94,97.07,96.04,96.16,17060
2021-06-28,96.6,96.83,95.65,95.97,15669
2021-06-29,95.48,95.99,95.29,95.93,10934
2021-06-30,95.61,96.09,95.32,95.49,28074
2021-07-01,95.64,95.8,94.85,95.02,10774
2021-07-02,95.11,95.12,94.5,94.74,18249
2021-07-05,93.85,96.04,93.57,96.01,23296
2021-07-06,95.87,96.31,95.29,95.62,37178
2021-07-07,95.49,96.56,95.12,95.88,16419
2021-07-08,96.07,97.01,95.93,96.56,27767
2021-07-09,96.46,97.53,95.71,97.39,18034
2021-07-12,97.28,97.88,96.3,97.57,24737
2021-07-13,97.61,99.34,97.53,98.34,16360
2021-07-14,97.85,100.54,97.54,99.71,16654
2021-07-15,99.88,100.36,96.72,96.92,14325
2021-07-16,96.42,99.4,95.64,99.35,33631
2021-07-19,98.76,99.49,98.28,99.37,23478
2021-07-20,100.3,100.48,97.39,97.83,32115
2021-07-21,97.83,98.4,96.74,98.27,13276
2021-07-22,98.81,99.19,98.35,98.41,18179
2021-07-23,98.43,98.97,97.61,97.7,27342
2021-07-26,97.36,97.79,96.83,97.68,25787
2021-07-27,98.17,98.76,96.76,97.39,17764
2021-07-28,97.15,97.41,95.63,96.09,24090
2021-07-29,95.94,96.36,93.89,94.32,17327
2021-07-30,94.52,94.81,93.43,93.52,16386
2021-08-02,93.48,93.9,93.1,93.3,10177
2021-08-03,93.66,94.35,93.5,93.74,22289
2021-08-04,93.76,96.22,93.69,95.02,34924
2021-08-05,95.44,95.81,93.8,94.53,15505
2021-08-06,94.0,95.25,93.29,94.63,24102
2021-08-09,94.98,95.98,94.64,95.17,28116
2021-08-10,95.03,96.28,94.99,96.09,28841
2021-08-11,95.8,97.82,95.31,97.6,33409
2021-08-12,97.58,97.7,96.88,97.23,20397
2021-08-13,97.08,97.79,97.07,97.37,15172
2021-08-16,96.8,98.14,96.13,97.68,19897
2021-08-17,97.31,98.73,96.8,98.43,52045
2021-08-18,98.94,99.03,98.51,98.68,10537
2021-08-19,98.53,100.28,98.22,99.67,19246
2021-08-20,99.01,99.94,97.95,99.07,33625
2021-08-23,99.32,99.38,97.84,98.12,15566
2021-08-24,97.48,98.36,97.2,98.12,19788
2021-08-25,97.38,98.39,97.15,97.9,26968
2021-08-26,98.09,98.36,97.02,97.67,16353
2021-08-27,97.49,98.38,97.39,97.42,13918
2021-08-30,97.12,97.85,97.09,97.17,14786
2021-08-31,96.74,98.02,96.32,97.55,21587
2021-09-01,97.86,98.04,97.09,97.24,17431
2021-09-02,97.49,97.69,96.39,97.24,30098
2021-09-03,96.77,97.41,96.39,97.37,27497
2021-09-06,96.5,97.49,96.48,97.2,25786
2021-09-07,96.78,98.2,96.51,97.37,18248
2021-09-08,97.88,99.18,97.86,98.32,18233
2021-09-09,98.5,100.17,97.44,99.88,19585
2021-09-10,98.86,99.84,98.62,99.48,23856
2021-09-13,100.07,100.07,99.2,99.74,22760
2021-09-14,99.87,102.01,99.25,101.37,10943
2021-09-15,101.2,101.41,99.41,99.77,21106
2021-09-16,99.99,100.18,99.06,99.65,34373
2021-09-17,99.78,100.27,99.57,99.62,25424
2021-09-20,99.64,101.64,99.49,100.63,28507
2021-09-21,100.64,100.92,99.99,100.63,11312
2021-09-22,100.64,100.83,100.09,100.69,21144
2021-09-23,100.66,101.54,100.08,101.16,18182
2021-09-24,101.38,103.68,100.44,103.23,12545
2021-09-27,103.03,103.64,102.46,102.64,22568
2021-09-28,102.76,103.1,98.02,98.3,24565
2021-09-29,98.47,99.15,97.16,98.16,17092
2021-09-30,98.61,99.03,97.73,97.88,33270
2021-10-01,98.22,98.48,96.92,97.15,23335
2021-10-04,97.61,97.62,97.0,97.23,36101
2021-10-05,96.94,97.9,96.06,96.45,26042
2021-10-06,96.26,96.8,95.95,96.38,15909
2021-10-07,96.98,98.72,96.42,98.09,31489
2021-10-08,98.46,99.23,98.15,98.26,27831
2021-10-11,97.76,100.0,97.36,99.38,26784
2021-10-12,99.17,99.6,99.14,99.52,20230
2021-10-13,99.15,101.89,98.33,101.27,30952
2021-10-14,101.42,102.55,101.13,101.97,23749
2021-10-15,102.42,102.87,101.29,101.68,17094
2021-10-18,101.41,102.36,100.83,101.78,18568
2021-10-19,102.42,102.85,101.89,102.01,16108
2021-10-20,102.35,103.41,101.9,102.96,36541
2021-10-21,102.46,103.53,102.33,102.87,17904
2021-10-22,103.15,103.67,102.37,102.48,30322
2021-10-25,102.0,102.84,101.95,102.59,42907
2021-10-26,102.15,103.15,101.37,103.15,26862
2021-10-27,102.25,103.53,101.15,103.48,34682
2021-10-28,102.77,103.77,102.5,103.72,17781
2021-10-29,103.98,104.65,103.43,103.67,8953
2021-11-01,103.75,104.26,101.89,102.75,40913
2021-11-02,102.43,102.99,102.26,102.82,21589
2021-11-03,103.56,103.89,102.19,102.33,15719
2021-11-04,102.82,103.8,102.73,103.49,33336
2021-11-05,103.61,104.85,103.57,104.69,17922
2021-11-08,104.56,105.16,104.49,104.99,20769
2021-11-09,105.36,106.5,105.32,106.4,13649
2021-11-10,106.36,108.58,106.01,107.83,46640
2021-11-11,107.41,108.13,106.76,107.86,12334
2021-11-12,108.1,109.0,107.71,108.06,24943
2021-11-15,107.61,107.94,107.01,107.33,33934
2021-11-16,107.83,107.96,106.67,106.77,18798
2021-11-17,106.88,107.41,106.78,107.37,16900
2021-11-18,107.16,108.1,106.96,107.67,25131
2021-11-19,107.35,108.71,107.01,108.19,30668
2021-11-22,107.75,109.16,107.6,108.68,34548
2021-11-23,109.33,110.48,108.58,109.45,17833
2021-11-24,110.14,110.6,109.06,109.32,26865
2021-11-25,109.88,110.4,108.34,108.74,23298
2021-11-26,108.46,108.71,108.18,108.43,29805
2021-11-29,107.53,108.31,106.9,107.65,23014
2021-11-30,108.18,108.97,107.75,107.87,24647
2021-12-01,107.43,108.61,107.42,108.42,24729
2021-12-02,108.16,108.37,107.15,107.74,25194
2021-12-03,107.35,107.93,106.27,107.89,21697
2021-12-06,108.55,109.2,107.33,107.98,30799
2021-12-07,107.55,109.01,107.1,108.96,32907
2021-12-08,108.75,108.98,108.09,108.14,20294
2021-12-09,107.93,108.43,106.86,107.93,23171
2021-12-10,107.58,109.73,106.28,109.38,32079
2021-12-13,108.97,110.45,108.22,109.36,20556
2021-12-14,110.32,114.55,109.65,114.5,16902
2021-12-15,114.01,115.3,113.74,115.03,30011
2021-12-16,115.5,115.53,114.04,114.97,30159
2021-12-17,115.56,116.43,113.49,114.66,8167
2021-12-20,114.75,116.41,114.67,115.92,20904
2021-12-21,115.69,115.71,111.45,112.22,23543
2021-12-22,111.87,114.19,110.93,113.67,45849
2021-12-23,113.84,114.93,112.07,112.75,31210
2021-12-24,113.1,113.5,112.31,112.43,16081
2021-12-27,112.55,114.05,111.99,112.79,16536
2021-12-28,112.93,115.38,112.39,115.04,20034
2021-12-29,115.52,116.33,112.36,113.22,34920
2021-12-30,113.51,113.74,113.11,113.25,17260
2021-12-31,113.9,113.92,111.92,112.82,40868
2022-01-03,112.52,114.49,112.21,113.13,28852
2022-01-04,112.47,112.53,111.85,112.44,20450
2022-01-05,112.67,113.02,111.04,111.36,29020
2022-01-06,111.86,112.06,109.22,110.22,33843
2022-01-07,110.23,110.93,109.3,110.18,30763
2022-01-10,109.65,109.91,108.92,108.99,44147
2022-01-11,108.57,108.99,108.51,108.76,28193
2022-01-12,109.0,110.03,108.94,109.63,34249
2022-01-13,109.53,109.78,108.66,108.79,18713
2022-01-14,109.09,109.67,108.02,108.27,34270
2022-01-17,108.89,109.57,107.83,109.25,22730
2022-01-18,109.07,109.25,108.91,109.03,24748
2022-01-19,109.17,109.92,108.09,108.52,17056
2022-01-20,108.89,109.04,108.22,108.66,34786
2022-01-21,108.9,108.9,107.9,108.18,19808
2022-01-24,108.54,109.68,107.78,107.98,37049
2022-01-25,108.39,108.65,106.54,106.68,50047
2022-01-26,106.23,106.71,104.84,105.47,15844
2022-01-27,105.85,106.49,105.47,106.19,19252
2022-01-28,105.96,106.18,105.42,105.61,29120
2022-01-31,105.92,108.32,105.81,107.58,33857
2022-02-01,108.12,108.14,106.27,106.59,19997
2022-02-02,107.68,108.45,106.03,106.33,35077
2022-02-03,106.42,106.42,105.95,105.95,21896
2022-02-04,104.89,106.14,104.87,106.01,42686
2022-02-07,105.87,106.38,104.45,104.91,28231
2022-02-08,105.38,106.21,105.02,105.85,34139
2022-02-09,105.51,106.53,105.32,106.0,22679
2022-02-10,106.06,106.13,104.51,105.18,11755
2022-02-11,104.97,105.23,103.5,104.39,16271
2022-02-14,104.95,105.16,104.56,104.86,20462
2022-02-15,104.23,105.86,103.55,105.24,19134
2022-02-16,105.75,106.71,105.67,105.88,12983
2022-02-17,105.97,106.93,105.26,106.44,10122
2022-02-18,106.3,106.92,104.13,105.27,24606
2022-02-21,105.29,105.83,105.22,105.28,39163
2022-02-22,104.35,106.04,103.74,105.74,20819
2022-02-23,105.76,106.06,105.72,105.98,31320
2022-02-24,105.79,106.1,105.49,105.57,12578
2022-02-25,105.64,107.5,105.37,106.82,12333
2022-02-28,106.9,107.23,105.19,106.14,20953
2022-03-01,105.04,106.42,105.02,106.2,40914
2022-03-02,106.0,106.78,105.21,105.6,17420
2022-03-03,105.39,105.76,105.11,105.74,9644
2022-03-04,106.0,107.77,105.92,107.64,45684
2022-03-07,107.35,108.94,107.03,108.31,23425
2022-03-08,107.82,108.36,107.73,108.03,21105
2022-03-09,107.66,108.31,107.42,108.25,33375
2022-03-10,108.95,110.29,107.27,107.47,15350
2022-03-11,108.79,110.01,108.76,109.55,32987
2022-03-14,109.79,110.19,109.4,109.49,24922
2022-03-15,109.48,110.51,108.87,109.85,10611
2022-03-16,109.62,110.77,109.12,110.59,19814
2022-03-17,109.91,111.62,109.25,110.91,31570
2022-03-18,111.12,112.21,111.08,111.97,25512
2022-03-21,112.89,113.53,112.39,112.44,34999
2022-03-22,112.37,113.01,110.78,110.81,28530
2022-03-23,110.96,111.09,109.72,110.67,28977
2022-03-24,110.34,111.22,109.82,110.86,25356
2022-03-25,110.78,111.95,109.82,110.27,60594
2022-03-28,110.32,111.81,109.88,111.58,17346
2022-03-29,111.38,112.7,110.5,112.21,16618
2022-03-30,112.1,112.5,111.48,112.24,15234
2022-03-31,112.37,113.88,111.85,113.75,31444
2022-04-01,113.62,113.97,113.17,113.93,22753
2022-04-04,113.86,114.45,113.35,113.76,47433
2022-04-05,113.48,114.01,113.24,113.5,29657
2022-04-06,114.22,116.09,113.66,115.0,16956
2022-04-07,115.03,115.81,114.83,115.41,17003
2022-04-08,115.38,116.01,115.01,115.96,15232
2022-04-11,115.79,118.06,115.55,117.02,34515
2022-04-12,116.64,117.22,115.8,116.48,20003
2022-04-13,116.17,117.72,115.74,116.98,17968
2022-04-14,117.58,117.62,116.02,116.75,22575
2022-04-15,115.88,115.9,115.0,115.27,27294
2022-04-18,115.41,116.04,114.48,114.59,27079
2022-04-19,114.7,114.74,114.12,114.27,12897
2022-04-20,114.48,114.98,114.32,114.52,25775
2022-04-21,115.32,115.4,114.18,114.6,22471
2022-04-22,114.83,115.65,114.56,115.14,16037
2022-04-25,115.68,116.05,114.81,114.95,25169
2022-04-26,115.53,116.14,114.88,115.68,38563
2022-04-27,115.08,116.23,113.27,114.28,25391
2022-04-28,113.72,114.9,113.63,114.58,28878
2022-04-29,115.77,116.09,115.59,115.74,18573
2022-05-02,115.59,116.36,114.66,115.04,30118
2022-05-03,114.5,115.27,113.8,114.88,25394
2022-05-04,114.7,115.57,114.39,115.39,24493
2022-05-05,115.34,116.47,115.32,115.83,26775
2022-05-06,115.26,117.56,115.25,116.28,28553
2022-05-09,116.55,116.81,115.3,115.69,14277
2022-05-10,115.88,117.77,115.57,117.48,33256
2022-05-11,117.59,118.07,116.03,116.17,20318
2022-05-12,116.15,116.7,115.58,116.41,17224
2022-05-13,117.0,118.0,116.79,117.45,21990
2022-05-16,118.1,120.55,118.0,120.23,29358
2022-05-17,120.38,121.28,120.3,121.14,14922
2022-05-18,121.14,121.52,120.88,121.42,16721
2022-05-19,121.31,121.68,119.22,119.31,18825
2022-05-20,119.16,119.94,115.55,115.87,36425
2022-05-23,115.09,115.86,114.44,115.8,27420
2022-05-24,116.04,116.89,115.59,116.62,10006
2022-05-25,117.41,117.73,116.73,116.89,24672
2022-05-26,117.71,118.3,116.77,117.05,18324
2022-05-27,116.68,119.56,116.68,118.32,23466
2022-05-30,118.57,119.24,117.38,117.47,24044
2022-05-31,118.08,118.22,117.08,117.34,20134
2022-06-01,117.38,117.76,117.02,117.26,32915
2022-06-02,117.03,118.59,116.87,118.37,15004
2022-06-03,117.76,118.85,117.38,118.58,20387
2022-06-06,119.09,120.21,118.68,120.17,37463
2022-06-07,120.95,122.36,120.08,120.39,13869
2022-06-08,121.27,121.72,120.46,121.3,20261
2022-06-09,120.77,121.65,120.13,120.57,25074
2022-06-10,120.55,120.99,117.32,118.34,11964
2022-06-13,118.58,118.68,117.12,117.83,25917
2022-06-14,118.26,118.4,115.14,116.43,22046
2022-06-15,116.73,117.26,116.02,116.38,19772
2022-06-16,116.56,116.59,116.29,116.41,39403
2022-06-17,115.01,116.17,114.63,115.97,14981
2022-06-20,115.33,115.6,113.88,114.62,19847
2022-06-21,115.03,115.06,110.26,110.39,17339
2022-06-22,110.12,110.67,106.64,107.27,24426
2022-06-23,106.93,107.86,106.26,107.81,15671
2022-06-24,108.99,109.29,107.05,107.97,22331
2022-06-27,107.91,108.45,107.81,108.29,14745
2022-06-28,108.15,108.74,107.18,107.58,13133
2022-06-29,106.58,108.45,106.55,107.51,12804
2022-06-30,107.73,107.81,106.94,106.97,30447
2022-07-01,106.48,107.23,105.97,106.46,52361
2022-07-04,106.76,106.81,105.09,105.28,33623
2022-07-05,105.77,106.06,104.27,104.75,37202
2022-07-06,104.48,105.06,102.98,103.38,28999
2022-07-07,103.25,104.25,102.81,102.91,9763
2022-07-08,102.25,103.02,101.95,102.92,26177
2022-07-11,102.93,103.17,101.48,102.25,15695
2022-07-12,101.99,103.28,101.87,102.82,24952
2022-07-13,102.7,102.82,101.96,102.74,68694
2022-07-14,102.81,104.43,102.54,103.9,16715
2022-07-15,104.16,104.23,103.7,104.19,17192
2022-07-18,104.63,104.72,103.84,104.38,23361
2022-07-19,104.63,104.7,104.4,104.5,22151
2022-07-20,104.72,105.01,104.19,104.9,12560
2022-07-21,104.59,105.61,103.79,105.38,20010
2022-07-22,104.49,105.88,104.44,105.2,32946
2022-07-25,106.02,106.41,104.92,105.59,45043
2022-07-26,105.54,105.87,104.05,104.16,57870
2022-07-27,103.29,104.21,102.73,104.15,19143
2022-07-28,103.84,104.74,103.06,104.18,22503
2022-07-29,103.96,104.22,102.88,103.71,19668
2022-08-01,103.47,104.89,103.24,104.4,25280
2022-08-02,104.18,105.49,104.07,104.84,39087
2022-08-03,104.73,106.0,104.6,105.55,29229
2022-08-04,105.57,107.0,105.03,106.75,14203
2022-08-05,106.52,107.63,105.64,105.72,25193
2022-08-08,105.75,106.34,104.53,105.3,27411
2022-08-09,105.12,105.46,104.66,105.17,34763
2022-08-10,105.48,107.63,105.39,106.85,18349
2022-08-11,106.8,110.2,106.33,109.51,40537
2022-08-12,109.7,109.97,108.83,109.89,25565
2022-08-15,110.63,110.63,109.63,110.12,16833
2022-08-16,110.19,111.0,109.89,110.93,19857
2022-08-17,111.13,112.12,111.0,111.56,28305
2022-08-18,111.23,111.73,110.98,111.58,11799
2022-08-19,111.11,112.5,110.55,112.04,18394
2022-08-22,111.94,113.57,111.59,112.99,10147
2022-08-23,112.44,113.11,112.06,112.18,9315
2022-08-24,112.61,113.11,111.47,112.09,21464
2022-08-25,113.41,113.5,111.18,112.03,22984
2022-08-26,112.13,112.19,111.63,112.05,47002
2022-08-29,112.03,113.26,111.89,112.95,22402
2022-08-30,112.81,113.08,111.4,112.65,31679
2022-08-31,112.72,113.55,112.58,113.17,57416
2022-09-01,113.28,113.85,111.31,112.11,57563
2022-09-02,111.12,113.25,111.01,113.0,24352
2022-09-05,112.63,113.62,111.28,112.87,15421
2022-09-06,112.02,113.82,110.92,113.3,54170
2022-09-07,113.41,113.8,112.5,113.45,27921
2022-09-08,113.46,113.86,112.56,112.97,28507
2022-09-09,113.62,113.63,112.63,113.23,16078
2022-09-12,113.08,114.07,113.04,113.87,41435
2022-09-13,113.55,115.11,111.67,114.46,16776
2022-09-14,114.54,116.88,112.81,116.27,26603
2022-09-15,116.46,117.23,116.0,116.07,22520
2022-09-16,115.99,116.06,114.71,115.97,9790
2022-09-19,115.34,117.14,115.07,116.38,16653
2022-09-20,116.36,116.64,115.82,115.98,29371
2022-09-21,116.25,116.52,115.27,115.37,32378
2022-09-22,115.15,115.19,114.79,114.94,28100
2022-09-23,114.74,115.87,113.72,115.63,17742
2022-09-26,115.19,115.92,113.61,114.43,37438
2022-09-27,115.13,115.4,114.78,115.22,17133
2022-09-28,115.17,115.26,114.23,114.56,10926
2022-09-29,114.34,114.54,113.87,114.1,18109
2022-09-30,114.43,114.77,113.71,113.83,13252
2022-10-03,113.72,114.47,113.08,113.36,15224
2022-10-04,113.57,113.81,113.16,113.77,18470
2022-10-05,113.18,113.82,112.88,113.46,52734
2022-10-06,114.73,114.8,112.39,113.09,22320
2022-10-07,112.39,112.96,111.24,112.57,34299
2022-10-10,113.13,113.7,111.83,111.86,16140
2022-10-11,111.9,112.95,111.05,112.72,25719
2022-10-12,112.31,114.02,111.52,113.9,33005
2022-10-13,113.3,115.88,113.04,115.77,13869
2022-10-14,116.2,116.5,115.41,116.14,21274
2022-10-17,116.07,116.17,115.47,116.15,15081
2022-10-18,115.9,117.71,115.51,116.71,15951
2022-10-19,116.9,117.15,115.57,115.6,26978
2022-10-20,116.15,116.23,114.73,115.15,38145
2022-10-21,115.8,116.2,115.16,115.61,11756
2022-10-24,115.78,116.04,114.52,114.55,34520
2022-10-25,113.74,114.49,113.58,114.17,32805
2022-10-26,113.09,114.39,112.53,114.12,10809
2022-10-27,113.52,114.77,113.04,114.17,12823
2022-10-28,114.5,115.1,112.72,113.29,38715
2022-10-31,113.36,115.19,112.79,114.94,14481
2022-11-01,114.94,115.04,114.78,114.86,27569
2022-11-02,115.28,116.06,114.11,114.43,24460
2022-11-03,114.28,116.99,114.12,116.11,17867
2022-11-04,116.37,116.6,114.74,115.51,41615
2022-11-07,114.86,119.01,114.66,118.06,28908
2022-11-08,117.75,118.23,117.41,118.06,13681
2022-11-09,118.46,118.87,116.98,118.34,29421
2022-11-10,117.87,118.43,117.87,118.11,9187
2022-11-11,118.37,119.56,117.58,119.29,30410
2022-11-14,119.55,120.03,117.27,117.55,13026
2022-11-15,117.53,118.74,116.06,118.14,28588
2022-11-16,117.83,119.76,117.03,119.6,34154
2022-11-17,119.55,119.74,119.52,119.73,11150
2022-11-18,119.98,120.25,119.03,119.31,21428
2022-11-21,119.72,120.25,118.32,118.68,26290
2022-11-22,118.53,119.58,118.31,118.64,15783
2022-11-23,119.15,119.52,119.06,119.29,23310
2022-11-24,118.1,120.73,117.38,120.14,24269
2022-11-25,120.07,121.51,120.05,121.02,20362
2022-11-28,121.33,121.42,120.15,121.29,25428
2022-11-29,121.29,121.77,120.93,121.41,15998
2022-11-30,121.42,121.9,120.97,121.27,52118
2022-12-01,121.75,121.83,120.86,121.5,22186
2022-12-02,121.03,121.65,120.63,121.3,44361
2022-12-05,121.04,123.54,120.98,122.41,21891
2022-12-06,122.5,122.61,122.24,122.24,9611
2022-12-07,121.47,122.3,121.39,122.06,25779
2022-12-08,121.53,124.65,120.09,123.6,36445
2022-12-09,123.65,123.77,122.99,123.42,17500
2022-12-12,122.09,124.08,121.82,122.98,21055
2022-12-13,122.74,125.16,122.27,124.77,23691
2022-12-14,124.91,126.24,124.41,125.04,26724
2022-12-15,124.52,125.98,124.02,125.58,26027
2022-12-16,126.77,128.15,126.72,128.11,33511
2022-12-19,128.63,129.0,126.76,127.45,14811
2022-12-20,127.42,128.4,127.36,128.12,26611
2022-12-21,128.39,129.49,128.01,129.07,18626
2022-12-22,128.95,129.68,128.49,129.1,32272
2022-12-23,129.36,130.92,129.04,129.62,15986
2022-12-26,129.18,129.23,128.67,128.82,18454
2022-12-27,129.09,129.22,127.11,128.15,25333
2022-12-28,127.56,128.07,127.12,127.82,25054
2022-12-29,127.51,129.29,127.39,128.86,19874
2022-12-30,129.86,129.95,128.76,129.07,16937
2023-01-02,128.0,129.13,127.55,128.61,16482
2023-01-03,128.68,131.27,128.64,130.08,28231
2023-01-04,129.44,130.83,128.9,130.16,16752
2023-01-05,130.06,132.66,129.85,132.63,20531
2023-01-06,132.12,133.8,131.99,132.75,27544
2023-01-09,132.95,133.65,132.34,132.35,25056
2023-01-10,132.94,133.45,132.14,132.29,39154
2023-01-11,132.11,133.28,131.65,132.79,26412
2023-01-12,133.38,135.62,133.31,133.54,20583
2023-01-13,133.21,133.83,132.44,133.5,15907
2023-01-16,134.19,134.66,133.87,134.62,17511
2023-01-17,134.49,134.96,133.83,133.88,26453
2023-01-18,132.77,133.12,132.54,133.02,31280
2023-01-19,133.89,133.96,131.86,132.06,20652
2023-01-20,132.26,132.44,131.55,132.17,13447
2023-01-23,131.37,133.53,130.97,132.68,26336
2023-01-24,132.2,133.39,130.97,131.64,35947
2023-01-25,131.94,132.65,131.88,132.64,89087
2023-01-26,132.49,133.72,130.87,133.1,35504
2023-01-27,133.8,135.68,130.52,131.99,20694
2023-01-30,132.13,132.6,130.81,131.06,19612
2023-01-31,131.72,133.28,130.57,131.0,17869
2023-02-01,131.46,131.48,129.83,130.57,43526
2023-02-02,130.63,131.3,130.12,130.99,17287
2023-02-03,130.64,131.76,130.42,130.86,31018
2023-02-06,130.08,131.01,130.0,130.75,40904
2023-02-07,131.44,132.95,130.69,131.67,44601
2023-02-08,131.02,131.77,130.42,130.9,26279
2023-02-09,131.27,132.77,130.88,130.97,36169
2023-02-10,130.4,133.3,130.36,132.25,36858
2023-02-13,132.48,133.84,132.07,133.5,32163
2023-02-14,133.95,134.04,132.95,133.14,11900
2023-02-15,133.59,134.48,131.9,132.06,16099
2023-02-16,131.14,134.57,130.62,133.9,24747
2023-02-17,133.99,134.17,133.97,134.01,28801
2023-02-20,134.42,134.57,134.2,134.28,23723
2023-02-21,134.55,135.01,134.37,134.6,12028
2023-02-22,134.1,134.22,132.01,132.63,22961
2023-02-23,133.07,135.06,132.03,134.33,33687
2023-02-24,134.5,135.97,133.67,134.96,12698
2023-02-27,134.73,136.19,133.54,135.94,14577
2023-02-28,135.34,137.18,134.61,136.36,23241
2023-03-01,136.26,136.5,133.54,134.82,40293
2023-03-02,134.67,135.19,134.64,134.69,13258
2023-03-03,133.46,135.0,132.32,134.79,20021
2023-03-06,135.68,135.76,134.17,134.82,43430
2023-03-07,135.04,136.83,134.64,136.23,62294
2023-03-08,136.89,137.0,135.02,136.13,17894
2023-03-09,136.19,136.62,135.39,135.44,28526
2023-03-10,134.21,136.2,133.64,136.14,19799
2023-03-13,135.86,136.53,135.15,135.39,10623
2023-03-14,135.28,135.47,132.35,132.87,22936
2023-03-15,133.07,133.47,132.8,133.22,91944
2023-03-16,132.67,133.71,132.24,133.08,30719
2023-03-17,133.38,134.43,132.59,133.89,43670
2023-03-20,133.83,134.64,133.19,133.26,25726
2023-03-21,133.41,133.66,132.62,133.16,14205
2023-03-22,132.41,134.37,132.37,134.22,23181
2023-03-23,135.41,136.2,134.08,134.2,31275
2023-03-24,133.55,134.59,131.41,132.47,19134
2023-03-27,132.34,133.65,131.68,133.39,22414
2023-03-28,133.1,136.35,133.09,136.24,58093
2023-03-29,136.38,136.81,136.3,136.38,39436
2023-03-30,136.69,138.46,135.65,137.36,23471
2023-03-31,136.71,140.27,136.3,140.09,29239
2023-04-03,141.27,141.47,139.3,140.29,28071
2023-04-04,140.17,141.13,137.57,137.84,18529
2023-04-05,137.14,137.96,135.28,135.88,28242
2023-04-06,135.6,137.26,135.31,136.92,27832
2023-04-07,136.44,136.88,135.95,136.38,30753
2023-04-10,135.43,136.72,135.2,136.01,27232
2023-04-11,136.41,137.03,136.4,136.47,33339
2023-04-12,136.75,137.28,135.78,136.67,31741
2023-04-13,137.11,137.65,134.7,134.78,25760
2023-04-14,134.21,134.66,131.79,132.6,21657
2023-04-17,132.41,132.73,131.85,132.15,39685
2023-04-18,132.2,133.82,130.33,130.42,48418
2023-04-19,130.55,131.2,129.34,129.62,16812
2023-04-20,130.24,130.61,129.77,129.94,15498
2023-04-21,130.16,131.31,129.14,129.16,20502
2023-04-24,129.2,129.98,129.05,129.79,21889
2023-04-25,131.06,131.83,130.33,131.69,34386
2023-04-26,130.87,132.48,130.8,132.12,19748
2023-04-27,132.77,135.96,132.45,135.82,22394
2023-04-28,136.74,137.22,135.17,135.89,24244
2023-05-01,135.02,136.23,133.81,134.1,18362
2023-05-02,134.08,135.11,133.83,133.9,33389
2023-05-03,134.29,134.64,133.65,134.4,17178
2023-05-04,135.18,135.55,134.34,135.05,12546
2023-05-05,135.05,135.44,132.87,133.58,38168
2023-05-08,134.14,134.19,132.63,132.83,14778
2023-05-09,133.27,134.22,132.47,132.96,37696
2023-05-10,132.73,132.89,131.6,131.78,14284
2023-05-11,131.97,132.64,130.11,130.76,47487
2023-05-12,131.17,132.62,129.8,130.49,47022
2023-05-15,131.12,131.39,130.63,130.93,13210
2023-05-16,130.68,131.07,130.06,130.6,40521
2023-05-17,130.85,132.33,130.51,132.22,35300
2023-05-18,132.82,133.51,131.91,133.25,38759
2023-05-19,132.73,134.24,132.4,132.93,18114
2023-05-22,133.29,133.77,130.92,132.76,35391
2023-05-23,132.81,133.07,130.56,130.78,33586
2023-05-24,129.48,131.0,129.24,130.88,17549
2023-05-25,131.94,134.94,131.36,133.84,31142
2023-05-26,134.84,135.02,132.73,133.82,20346
2023-05-29,133.39,136.56,131.56,136.25,36608
2023-05-30,135.32,137.79,134.6,137.0,24076
2023-05-31,136.95,137.39,136.68,137.07,20600
2023-06-01,137.26,137.38,136.21,136.48,9289
2023-06-02,136.77,137.33,134.9,135.27,19958
2023-06-05,136.51,136.67,133.99,134.32,52624
2023-06-06,134.01,135.26,133.78,134.44,16856
2023-06-07,134.8,135.47,131.66,132.32,16681
2023-06-08,133.38,133.97,133.27,133.86,34709
2023-06-09,133.05,133.69,132.05,133.02,21275
2023-06-12,133.36,134.34,133.06,133.91,20344
2023-06-13,133.82,135.02,133.42,134.12,13993
2023-06-14,134.1,136.29,133.16,136.07,15611
2023-06-15,135.39,136.66,135.09,135.95,19501
2023-06-16,135.89,136.69,135.86,136.2,20563
2023-06-19,135.95,135.99,135.0,135.66,31425
2023-06-20,136.68,137.43,135.11,136.89,19557
2023-06-21,137.21,139.69,136.84,138.45,29904
2023-06-22,139.69,139.75,137.76,138.1,14949
2023-06-23,138.04,139.22,137.15,138.75,17581
2023-06-26,139.25,140.11,138.01,140.07,11790
2023-06-27,140.68,141.91,138.97,139.73,20145
2023-06-28,140.3,140.56,140.15,140.42,17316
2023-06-29,140.18,141.49,140.1,140.87,19083
2023-06-30,140.81,142.43,139.82,140.13,30774
2023-07-03,140.66,140.72,140.27,140.33,49439
2023-07-04,140.42,142.04,140.22,141.42,14037
2023-07-05,141.87,146.91,141.64,144.89,28935
2023-07-06,144.88,145.15,142.1,142.63,26576
2023-07-07,141.22,143.7,140.88,143.69,18188
2023-07-10,143.24,143.75,143.08,143.51,18560
2023-07-11,143.33,144.75,143.12,143.69,18263
2023-07-12,144.95,145.22,139.81,140.86,20747
2023-07-13,140.93,141.58,140.51,141.25,19733
2023-07-14,142.02,142.06,139.07,139.34,29038
2023-07-17,138.67,139.77,138.5,139.07,11756
2023-07-18,138.89,140.07,137.55,139.51,44416
2023-07-19,139.76,140.57,136.13,136.6,26759
2023-07-20,136.32,137.74,135.28,136.99,17023
2023-07-21,137.74,138.09,136.47,136.97,18438
2023-07-24,136.8,137.21,136.58,137.07,22060
2023-07-25,136.82,138.14,135.64,137.59,19402
2023-07-26,137.1,137.66,136.5,137.15,28020
2023-07-27,137.08,137.32,135.28,136.67,18172
2023-07-28,136.55,138.09,136.13,136.35,34138
2023-07-31,136.14,140.58,135.91,140.02,17004
2023-08-01,140.6,141.43,139.28,140.09,17602
2023-08-02,140.37,141.68,139.83,141.52,34524
2023-08-03,143.1,143.27,139.39,139.62,50262
2023-08-04,140.07,140.66,139.19,139.5,12447
2023-08-07,139.44,139.8,138.71,139.3,24818
2023-08-08,139.79,140.73,137.13,138.57,18441
2023-08-09,137.54,139.85,137.11,138.77,13154
2023-08-10,140.26,141.21,138.16,138.7,16285
2023-08-11,139.03,139.17,137.61,137.61,23681
2023-08-14,137.7,139.92,136.3,138.99,7670
2023-08-15,138.77,140.67,137.83,139.82,40562
2023-08-16,140.27,142.29,138.92,141.95,37410
2023-08-17,142.5,142.84,141.49,141.85,13804
2023-08-18,141.96,142.5,141.17,141.4,11732
2023-08-21,140.97,141.73,140.67,141.5,23720
2023-08-22,142.75,143.02,140.02,141.09,27509
2023-08-23,141.5,141.75,139.84,140.94,25746
2023-08-24,141.42,141.68,139.89,140.82,26996
2023-08-25,140.5,141.21,139.0,140.96,14605
2023-08-28,140.91,141.53,140.33,141.11,32621
2023-08-29,141.56,141.63,141.13,141.15,15307
2023-08-30,141.06,141.61,140.69,141.08,9348
2023-08-31,141.32,142.58,140.76,141.92,56276
2023-09-01,140.75,141.74,140.33,140.52,13000
2023-09-04,140.66,141.72,139.95,141.58,14970
2023-09-05,141.79,141.89,141.06,141.37,12595
2023-09-06,141.64,142.66,141.18,142.58,31625
2023-09-07,142.46,144.38,140.85,144.27,41670
2023-09-08,144.03,147.08,142.35,146.18,25903
2023-09-11,146.56,147.23,145.55,147.21,12483
2023-09-12,147.25,148.23,146.5,148.17,11306
2023-09-13,149.74,150.35,147.93,149.65,73647
2023-09-14,149.65,150.4,146.43,146.54,28938
2023-09-15,146.48,148.03,146.23,147.83,17972
2023-09-18,148.28,148.76,143.69,144.14,20794
2023-09-19,142.78,142.97,138.33,139.59,25256
2023-09-20,139.63,140.68,138.66,138.93,21362
2023-09-21,138.96,140.22,138.46,140.18,35115
2023-09-22,140.05,141.97,139.31,141.79,15269
2023-09-25,141.34,141.8,139.69,140.84,27788
2023-09-26,140.48,141.94,140.12,141.17,34355
2023-09-27,141.41,142.36,141.04,141.87,30372
2023-09-28,141.56,142.07,140.8,142.06,15654
2023-09-29,141.74,142.04,141.05,141.2,35089
2023-10-02,141.41,142.61,140.76,142.57,22468
2023-10-03,143.03,143.87,141.5,141.95,33766
2023-10-04,142.07,142.7,141.4,142.31,17584
2023-10-05,141.84,142.68,141.82,142.29,23338
2023-10-06,142.06,143.26,141.79,143.1,23651
2023-10-09,141.98,144.04,141.73,143.42,28734
2023-10-10,143.13,144.12,142.03,144.12,14180
2023-10-11,144.57,144.99,143.08,144.08,31596
2023-10-12,144.26,146.35,143.91,144.85,17732
2023-10-13,145.32,146.33,144.34,144.66,20697
2023-10-16,145.21,147.1,143.96,146.49,14616
2023-10-17,146.86,146.98,146.28,146.82,27592
2023-10-18,147.57,147.91,147.39,147.71,34790
2023-10-19,148.09,149.0,147.35,147.44,14155
2023-10-20,147.7,148.11,146.08,148.03,34178
2023-10-23,147.68,148.35,146.79,147.73,36370
2023-10-24,147.44,147.97,147.27,147.64,25924
2023-10-25,147.29,148.25,146.31,147.98,14937
2023-10-26,147.8,150.05,147.78,148.85,22570
2023-10-27,148.52,148.64,145.85,146.46,30283
2023-10-30,146.06,148.15,144.89,147.65,19906
2023-10-31,148.13,149.07,147.02,147.48,36941
2023-11-01,147.66,148.69,146.86,148.22,19531
2023-11-02,149.04,149.15,147.83,148.41,29615
2023-11-03,147.82,152.5,147.19,151.36,23514
2023-11-06,150.37,152.02,149.69,151.76,20478
2023-11-07,150.96,152.98,149.19,149.84,15946
2023-11-08,150.97,152.0,150.68,151.48,37919
2023-11-09,151.51,153.74,150.51,152.22,17182
2023-11-10,151.81,154.83,150.39,154.63,30813
2023-11-13,154.78,155.28,152.94,153.48,20485
2023-11-14,154.3,154.85,154.25,154.7,12390
2023-11-15,154.97,155.92,154.38,155.86,33769
2023-11-16,156.01,156.66,155.25,156.38,17608
2023-11-17,156.42,157.39,153.79,155.12,14591
2023-11-20,155.03,156.9,154.55,156.02,28713
2023-11-21,156.56,157.31,155.3,155.78,21368
2023-11-22,154.28,159.22,152.41,158.0,29769
2023-11-23,157.63,159.4,157.42,158.36,20105
2023-11-24,159.22,159.35,158.41,158.54,27383
2023-11-27,158.58,161.7,158.28,161.17,19157
2023-11-28,161.65,163.0,160.55,162.22,21971
2023-11-29,161.88,162.51,160.33,160.43,22634
2023-11-30,160.6,160.91,159.47,160.52,46790
2023-12-01,159.89,164.8,159.77,164.47,24350
2023-12-04,163.24,165.13,162.0,162.84,21899
2023-12-05,164.1,164.32,162.24,163.52,18666
2023-12-06,162.79,165.24,160.33,164.22,29836
2023-12-07,164.78,165.88,163.54,164.01,27175
2023-12-08,164.0,165.45,163.91,163.96,22734
2023-12-11,162.78,163.4,161.17,162.43,36253
2023-12-12,162.62,163.0,161.25,162.38,8221
2023-12-13,161.7,163.26,159.69,162.28,20569
2023-12-14,161.07,162.5,160.51,162.06,17864
2023-12-15,161.89,165.74,159.92,164.06,25305
2023-12-18,164.35,164.66,162.55,163.84,12326
2023-12-19,163.5,167.21,163.4,166.68,22135
2023-12-20,166.87,168.07,166.14,167.14,21178
2023-12-21,168.62,168.71,166.69,167.05,44424
2023-12-22,166.5,168.68,166.05,168.37,24048
2023-12-25,168.11,169.72,167.69,169.01,31442
2023-12-26,168.7,171.49,168.33,170.87,24405
2023-12-27,170.66,172.71,169.62,169.64,52167
2023-12-28,169.25,169.59,157.34,158.51,54879
2023-12-29,159.11,160.22,158.53,159.94,30925
