Date,股票,債券,黃金,海外股票
2010-01-04,100.13,99.95,99.54,99.35
2010-01-05,97.41,98.72,96.59,97.41
2010-01-06,96.89,99.43,95.46,96.89
2010-01-07,96.95,99.42,95.46,96.93
2010-01-08,96.45,99.15,94.68,96.26
2010-01-11,96.78,99.13,95.03,96.72
2010-01-12,97.11,99.24,95.44,97.2
2010-01-13,96.12,99.23,95.06,96.24
2010-01-14,95.32,99.43,95.04,95.91
2010-01-15,95.26,99.5,95.44,96.26
2010-01-18,95.86,99.4,94.66,96.67
2010-01-19,95.8,99.2,93.88,96.43
2010-01-20,95.43,99.11,94.65,96.58
2010-01-21,95.62,99.2,94.67,96.54
2010-01-22,97.16,98.71,93.6,97.15
2010-01-25,97.12,98.7,93.6,97.12
2010-01-26,99.25,98.32,93.24,97.77
2010-01-27,99.29,98.34,93.29,97.75
2010-01-28,101.41,97.67,93.37,98.02
2010-01-29,101.49,97.66,93.4,98.08
2010-02-01,101.82,97.75,93.56,98.84
2010-02-02,105.45,96.76,93.42,102.24
2010-02-03,105.5,96.76,93.43,102.31
2010-02-04,109.24,97.29,91.29,104.16
2010-02-05,109.82,97.19,91.3,104.64
2010-02-08,108.7,95.61,90.67,102.91
2010-02-09,109.84,95.81,91.42,103.99
2010-02-10,112.73,96.45,92.24,106.45
2010-02-11,110.57,96.71,90.33,105.69
2010-02-12,110.34,96.96,90.95,105.64
2010-02-15,109.03,96.77,91.22,105.61
2010-02-16,108.69,96.77,92.05,104.22
2010-02-17,109.11,96.69,91.84,104.89
2010-02-18,108.54,96.87,91.52,104.42
2010-02-19,106.97,96.91,91.3,103.39
2010-02-22,106.91,96.92,91.3,103.33
2010-02-23,107.87,96.98,91.99,104.3
2010-02-24,108.67,96.9,91.23,104.64
2010-02-25,108.41,96.91,91.26,104.41
2010-02-26,109.77,96.98,93.3,103.78
2010-03-01,108.8,97.6,95.65,103.21
2010-03-02,108.3,97.74,95.43,101.8
2010-03-03,107.83,97.72,94.99,102.24
2010-03-04,107.84,97.7,94.93,102.24
2010-03-05,107.77,97.64,94.89,101.69
2010-03-08,106.63,97.51,94.7,101.41
2010-03-09,106.72,97.47,94.59,101.4
2010-03-10,106.03,97.4,94.58,100.66
2010-03-11,103.58,97.0,93.7,98.41
2010-03-12,103.46,97.04,93.98,98.28
2010-03-15,104.59,96.76,93.85,99.14
2010-03-16,105.59,96.5,94.34,99.68
2010-03-17,102.61,96.05,92.11,98.36
2010-03-18,99.45,96.88,94.88,96.16
2010-03-19,98.89,96.98,95.78,96.96
2010-03-22,99.57,97.07,95.6,97.69
2010-03-23,100.35,97.34,96.05,97.29
2010-03-24,100.16,97.5,95.9,97.12
2010-03-25,100.45,97.76,95.86,97.98
2010-03-26,108.19,97.54,90.32,106.17
2010-03-29,108.12,97.39,90.76,107.41
2010-03-30,108.01,97.33,91.0,107.72
2010-03-31,107.85,97.66,90.23,105.34
2010-04-01,107.44,97.82,90.32,105.03
2010-04-02,108.37,97.72,90.0,105.62
2010-04-05,107.49,97.33,89.77,105.86
2010-04-06,109.27,97.0,90.21,107.29
2010-04-07,109.61,96.9,90.02,107.92
2010-04-08,109.85,96.88,90.07,108.03
2010-04-09,109.61,96.96,90.49,107.52
2010-04-12,109.78,96.93,90.3,107.65
2010-04-13,110.02,96.86,90.11,107.92
2010-04-14,110.37,97.19,91.16,107.45
2010-04-15,109.74,97.2,91.47,107.15
2010-04-16,109.76,97.22,91.47,107.17
2010-04-19,111.68,96.3,89.91,107.69
2010-04-20,111.02,96.53,90.01,107.06
2010-04-21,110.98,96.59,90.21,106.6
2010-04-22,112.02,96.89,91.76,108.56
2010-04-23,111.68,96.89,91.07,110.18
2010-04-26,111.96,97.03,91.68,111.01
2010-04-27,112.21,97.32,92.62,110.73
2010-04-28,112.29,97.27,92.71,110.09
2010-04-29,112.41,97.21,92.46,109.44
2010-04-30,112.14,97.5,92.17,108.91
2010-05-03,112.18,97.49,92.22,109.05
2010-05-04,112.55,97.53,92.0,109.0
2010-05-05,112.73,97.2,91.72,108.96
2010-05-06,112.17,97.63,92.45,108.48
2010-05-07,112.25,97.59,92.96,109.23
2010-05-10,112.94,97.59,92.58,110.4
2010-05-11,112.76,97.46,91.75,110.2
2010-05-12,112.68,97.57,91.89,109.88
2010-05-13,113.08,97.75,91.52,109.74
2010-05-14,112.31,97.91,91.83,109.77
2010-05-17,112.37,97.99,91.85,109.84
2010-05-18,112.36,97.95,91.68,110.22
2010-05-19,113.23,98.32,91.68,112.08
2010-05-20,113.95,98.5,91.96,112.22
2010-05-21,113.71,98.4,92.03,111.92
2010-05-24,114.08,97.54,94.83,114.24
2010-05-25,114.2,97.6,94.77,114.05
2010-05-26,114.03,97.63,94.64,113.9
2010-05-27,116.46,97.3,96.12,115.25
2010-05-28,116.58,97.26,96.25,115.6
2010-05-31,116.66,97.95,95.7,115.5
2010-06-01,116.79,97.93,95.89,115.48
2010-06-02,117.34,97.81,95.32,115.9
2010-06-03,116.71,97.67,95.41,115.82
2010-06-04,116.72,97.7,95.46,115.75
2010-06-07,117.16,98.43,97.75,115.2
2010-06-08,117.28,98.43,98.1,115.72
2010-06-09,116.53,98.66,98.97,114.06
2010-06-10,116.35,98.62,98.73,113.7
2010-06-11,116.3,98.62,98.76,113.64
2010-06-14,115.07,98.56,99.3,113.51
2010-06-15,113.2,97.94,101.69,111.49
2010-06-16,112.85,97.35,100.95,110.76
2010-06-17,112.94,97.43,100.72,110.9
2010-06-18,112.48,97.48,101.08,110.16
2010-06-21,114.85,97.87,104.07,112.99
2010-06-22,114.5,97.98,103.81,113.67
2010-06-23,110.15,99.79,102.78,108.12
2010-06-24,111.91,100.05,102.68,110.68
2010-06-25,112.11,100.52,101.85,110.08
2010-06-28,113.42,100.16,102.48,112.06
2010-06-29,114.09,100.14,102.56,112.65
2010-06-30,113.39,100.28,101.32,111.09
2010-07-01,113.61,100.3,101.46,111.25
2010-07-02,113.93,100.31,101.76,111.31
2010-07-05,112.73,100.33,101.45,110.19
2010-07-06,112.85,100.35,101.22,110.22
2010-07-07,116.21,100.64,101.3,112.09
2010-07-08,116.6,100.93,101.85,112.61
2010-07-09,115.71,101.08,102.89,111.11
2010-07-12,115.34,101.1,103.08,110.9
2010-07-13,115.27,101.11,102.78,110.9
2010-07-14,115.7,100.78,101.92,111.04
2010-07-15,113.88,101.0,101.44,109.93
2010-07-16,113.74,100.93,101.24,109.85
2010-07-19,113.04,100.92,101.35,108.71
2010-07-20,113.58,100.93,101.41,109.94
2010-07-21,111.92,100.78,100.77,109.77
2010-07-22,111.92,100.8,100.98,109.76
2010-07-23,111.8,100.99,101.25,110.02
2010-07-26,112.33,100.89,100.92,110.18
2010-07-27,112.36,100.9,100.95,110.19
2010-07-28,113.11,100.98,100.31,110.84
2010-07-29,113.45,101.05,100.47,111.69
2010-07-30,113.39,101.14,100.37,111.43
2010-08-02,108.05,105.09,109.27,109.23
2010-08-03,107.17,104.81,109.7,108.14
2010-08-04,107.52,104.76,109.76,108.46
2010-08-05,106.51,105.04,109.29,107.41
2010-08-06,105.96,105.06,109.48,106.87
2010-08-09,106.98,105.13,110.54,108.32
2010-08-10,102.59,105.03,117.01,104.6
2010-08-11,102.63,105.01,116.59,104.58
2010-08-12,102.68,104.99,117.11,103.9
2010-08-13,102.53,104.85,117.05,103.92
2010-08-16,102.82,105.08,116.78,104.36
2010-08-17,103.69,104.42,116.59,104.19
2010-08-18,103.4,105.18,115.27,105.63
2010-08-19,103.8,105.11,115.19,106.04
2010-08-20,101.35,105.47,115.45,104.13
2010-08-23,101.69,105.22,115.25,104.66
2010-08-24,101.58,105.42,114.91,104.63
2010-08-25,101.6,105.44,114.93,104.65
2010-08-26,102.34,105.45,115.53,103.54
2010-08-27,101.88,105.45,115.64,103.41
2010-08-30,101.9,105.46,115.66,103.42
2010-08-31,101.9,105.47,116.04,103.41
2010-09-01,101.19,105.07,114.89,101.3
2010-09-02,105.61,103.64,117.25,104.95
2010-09-03,105.57,103.58,117.21,104.8
2010-09-06,105.58,103.6,117.19,104.86
2010-09-07,104.67,104.41,118.98,104.49
2010-09-08,103.44,103.03,118.43,104.05
2010-09-09,105.4,102.7,118.37,106.05
2010-09-10,105.41,102.76,118.35,105.93
2010-09-13,105.08,102.91,118.84,105.96
2010-09-14,104.43,103.12,119.77,105.67
2010-09-15,104.04,102.99,118.43,104.57
2010-09-16,104.49,102.62,117.12,103.82
2010-09-17,104.53,102.77,117.67,103.78
2010-09-20,103.21,103.07,118.24,103.11
2010-09-21,103.13,103.1,118.59,102.9
2010-09-22,103.19,103.1,118.72,102.99
2010-09-23,103.1,103.19,118.8,103.06
2010-09-24,103.0,102.98,118.29,102.39
2010-09-27,102.91,102.95,118.26,102.35
2010-09-28,100.11,102.07,115.11,98.61
2010-09-29,101.47,101.56,114.33,100.85
2010-09-30,102.05,101.24,111.96,103.32
2010-10-01,104.38,101.7,111.71,104.91
2010-10-04,105.22,101.59,110.62,105.02
2010-10-05,105.4,101.67,110.25,104.76
2010-10-06,102.44,102.71,109.19,103.63
2010-10-07,102.55,102.87,108.73,103.73
2010-10-08,102.58,102.83,109.48,103.57
2010-10-11,101.81,103.27,109.06,103.03
2010-10-12,101.61,103.17,108.36,104.25
2010-10-13,101.88,102.89,109.53,106.11
2010-10-14,102.35,102.49,109.53,107.88
2010-10-15,102.98,103.23,109.88,109.43
2010-10-18,103.37,103.12,110.22,110.45
2010-10-19,103.5,103.23,110.54,110.09
2010-10-20,103.56,103.23,110.48,110.08
2010-10-21,104.25,103.45,111.4,110.97
2010-10-22,105.0,104.52,114.29,113.05
2010-10-25,105.18,104.13,116.6,112.93
2010-10-26,104.78,104.07,116.58,113.13
2010-10-27,103.42,104.31,117.55,112.44
2010-10-28,103.82,104.3,117.42,113.08
2010-10-29,103.82,104.67,119.06,111.18
2010-11-01,102.84,104.99,118.37,109.73
2010-11-02,102.92,105.01,118.27,109.73
2010-11-03,102.48,104.4,117.55,109.28
2010-11-04,103.08,104.1,118.49,108.45
2010-11-05,103.08,103.53,118.19,109.02
2010-11-08,103.03,103.54,118.12,108.96
2010-11-09,102.52,103.31,118.9,108.83
2010-11-10,102.2,103.67,118.6,107.27
2010-11-11,102.63,103.53,119.09,108.31
2010-11-12,102.64,103.51,118.51,107.72
2010-11-15,102.64,103.55,118.36,107.56
2010-11-16,101.49,103.67,117.52,106.49
2010-11-17,101.65,103.64,117.56,106.73
2010-11-18,100.05,103.91,117.17,106.17
2010-11-19,100.9,104.48,117.08,104.33
2010-11-22,101.34,103.86,117.0,105.37
2010-11-23,101.25,104.29,117.25,105.51
2010-11-24,101.28,104.35,117.42,105.57
2010-11-25,101.31,104.04,116.84,105.9
2010-11-26,101.44,104.05,116.98,105.59
2010-11-29,101.9,104.13,117.03,106.0
2010-11-30,104.25,104.13,118.54,108.45
2010-12-01,104.65,103.92,118.65,109.04
2010-12-02,104.68,103.93,118.64,109.03
2010-12-03,104.89,104.0,119.06,109.53
2010-12-06,101.83,105.06,118.62,106.49
2010-12-07,102.79,104.65,118.32,107.15
2010-12-08,102.79,104.85,118.55,107.63
2010-12-09,102.88,104.93,118.45,107.82
2010-12-10,102.29,104.82,118.64,106.23
2010-12-13,102.46,105.14,118.57,107.08
2010-12-14,102.76,105.53,118.67,108.06
2010-12-15,102.58,105.53,118.56,107.55
2010-12-16,102.0,105.24,117.63,107.36
2010-12-17,102.99,104.86,117.29,106.73
2010-12-20,103.14,104.86,116.91,106.7
2010-12-21,103.16,104.86,116.91,106.72
2010-12-22,102.66,104.73,116.43,107.2
2010-12-23,102.34,104.69,116.87,107.08
2010-12-24,103.8,104.69,115.86,106.29
2010-12-27,105.45,104.9,115.38,107.18
2010-12-28,105.28,104.9,115.52,107.04
2010-12-29,105.49,105.1,116.18,107.21
2010-12-30,105.69,104.83,116.19,107.46
2010-12-31,104.49,104.46,115.94,106.52
2011-01-03,103.82,104.0,115.86,105.2
2011-01-04,103.8,104.01,115.85,105.25
2011-01-05,102.23,104.21,115.94,103.64
2011-01-06,99.96,104.83,117.21,100.93
2011-01-07,100.2,104.75,117.59,101.07
2011-01-10,99.7,104.91,117.93,99.83
2011-01-11,98.8,104.44,118.0,95.91
2011-01-12,98.92,105.19,116.81,96.43
2011-01-13,98.68,105.62,116.37,95.71
2011-01-14,101.18,106.65,120.75,100.95
2011-01-17,101.29,106.64,120.78,101.01
2011-01-18,101.35,106.63,120.71,100.96
2011-01-19,101.32,106.64,119.92,101.3
2011-01-20,101.33,106.66,119.95,101.3
2011-01-21,101.04,106.43,120.89,101.11
2011-01-24,103.27,105.99,122.69,102.15
2011-01-25,103.88,105.99,122.97,102.51
2011-01-26,104.18,105.38,122.92,103.06
2011-01-27,106.03,105.82,122.86,104.88
2011-01-28,105.87,104.58,120.65,103.24
2011-01-31,107.11,104.46,120.96,102.55
2011-02-01,107.03,104.58,121.2,102.9
2011-02-02,107.06,104.59,121.26,102.87
2011-02-03,106.57,104.87,120.41,102.23
2011-02-04,107.22,104.73,120.87,101.71
2011-02-07,107.88,104.48,124.03,102.02
2011-02-08,107.56,104.51,124.47,101.63
2011-02-09,107.0,104.69,123.99,99.87
2011-02-10,107.05,104.72,124.04,99.88
2011-02-11,104.57,104.63,123.76,96.95
2011-02-14,104.55,104.8,123.86,96.99
2011-02-15,104.63,104.88,123.67,97.15
2011-02-16,104.06,104.73,123.98,95.48
2011-02-17,103.92,104.3,123.71,94.53
2011-02-18,103.67,104.26,123.51,94.33
2011-02-21,102.79,104.19,123.62,93.53
2011-02-22,102.61,104.26,123.8,93.33
2011-02-23,103.02,104.22,123.95,94.14
2011-02-24,102.44,104.07,123.5,93.05
2011-02-25,102.89,103.89,123.28,93.43
2011-02-28,107.36,104.15,127.1,97.27
2011-03-01,108.81,104.55,128.87,99.4
2011-03-02,108.84,104.56,128.88,99.41
2011-03-03,108.61,104.52,128.55,98.81
2011-03-04,103.94,104.42,133.51,95.22
2011-03-07,104.1,105.18,134.35,96.17
2011-03-08,103.91,105.43,133.54,95.89
2011-03-09,103.82,105.47,133.54,95.81
2011-03-10,104.51,105.66,132.72,95.48
2011-03-11,105.75,105.77,132.57,96.99
2011-03-14,104.99,106.15,132.41,97.26
2011-03-15,103.64,106.17,132.86,97.81
2011-03-16,109.06,107.04,131.58,102.74
2011-03-17,109.11,107.06,131.59,102.69
2011-03-18,109.1,107.08,131.56,102.66
2011-03-21,109.44,106.83,131.82,101.91
2011-03-22,110.03,106.52,130.63,102.86
2011-03-23,110.25,106.56,130.62,102.91
2011-03-24,110.56,106.43,130.43,103.05
2011-03-25,109.94,106.47,130.81,102.95
2011-03-28,110.65,106.59,130.71,103.46
2011-03-29,110.8,106.59,130.6,103.45
2011-03-30,110.56,106.82,130.61,103.0
2011-03-31,110.71,106.51,131.39,103.01
2011-04-01,109.61,106.45,131.18,100.85
2011-04-04,110.17,106.17,130.88,99.56
2011-04-05,110.37,106.16,130.85,99.83
2011-04-06,109.87,106.32,130.77,99.39
2011-04-07,109.92,106.37,130.91,99.48
2011-04-08,111.28,106.7,130.51,101.16
2011-04-11,110.94,106.53,129.74,101.18
2011-04-12,110.17,106.54,130.2,102.12
2011-04-13,107.6,106.38,129.96,100.43
2011-04-14,106.49,106.5,130.54,100.47
2011-04-15,107.38,106.0,130.45,100.22
2011-04-18,107.52,106.2,130.33,100.39
2011-04-19,107.73,106.14,130.02,100.41
2011-04-20,106.93,105.39,127.33,98.34
2011-04-21,105.74,105.16,126.52,97.96
2011-04-22,106.12,105.09,126.4,98.21
2011-04-25,106.14,104.83,124.92,98.9
2011-04-26,107.07,104.94,124.6,99.1
2011-04-27,107.2,104.92,124.57,99.21
2011-04-28,105.79,104.1,122.78,97.22
2011-04-29,103.8,104.69,124.08,95.73
2011-05-02,103.78,104.41,123.51,95.84
2011-05-03,103.64,104.38,123.41,95.85
2011-05-04,103.1,104.57,122.63,95.66
2011-05-05,103.28,104.67,122.55,96.28
2011-05-06,103.73,104.51,122.63,96.68
2011-05-09,104.43,104.76,122.38,97.57
2011-05-10,104.86,104.74,122.56,98.28
2011-05-11,104.12,103.5,122.03,96.3
2011-05-12,103.92,103.56,122.28,96.26
2011-05-13,103.96,103.57,122.3,96.27
2011-05-16,104.11,103.59,122.71,96.56
2011-05-17,104.18,103.54,122.87,96.57
2011-05-18,104.68,103.34,122.26,97.32
2011-05-19,105.46,103.97,122.61,98.1
2011-05-20,105.42,103.97,122.65,98.07
2011-05-23,105.42,103.97,122.67,98.06
2011-05-24,106.26,103.89,121.77,99.1
2011-05-25,105.94,103.74,123.04,99.3
2011-05-26,105.95,103.91,122.05,99.54
2011-05-27,105.98,103.91,122.28,99.41
2011-05-30,105.99,103.93,122.3,99.42
2011-05-31,105.4,103.29,122.28,98.8
2011-06-01,104.54,103.31,122.14,99.1
2011-06-02,104.91,103.35,121.15,99.36
2011-06-03,104.7,103.0,121.06,99.93
2011-06-06,106.23,102.9,119.75,100.96
2011-06-07,110.05,102.53,117.32,105.95
2011-06-08,110.16,102.93,116.78,106.0
2011-06-09,110.0,102.93,116.74,105.9
2011-06-10,109.06,103.01,116.89,105.86
2011-06-13,109.74,102.96,116.88,105.9
2011-06-14,109.82,102.94,117.54,106.71
2011-06-15,111.62,100.29,119.94,110.98
2011-06-16,111.52,100.51,119.94,111.13
2011-06-17,111.48,100.44,119.62,111.23
2011-06-20,111.52,100.41,119.64,111.35
2011-06-21,110.93,100.48,119.82,110.49
2011-06-22,108.56,101.24,120.75,107.72
2011-06-23,108.47,101.14,120.83,108.06
2011-06-24,108.47,101.1,120.87,108.03
2011-06-27,108.65,101.12,121.83,107.81
2011-06-28,108.7,101.27,122.44,108.31
2011-06-29,108.86,101.27,122.24,108.28
2011-06-30,111.18,101.24,122.42,110.81
2011-07-01,110.91,101.08,121.34,111.16
2011-07-04,109.5,101.04,121.46,109.59
2011-07-05,108.64,101.09,120.89,109.44
2011-07-06,107.92,101.29,121.02,108.86
2011-07-07,104.17,102.81,121.22,106.96
2011-07-08,103.21,102.82,121.06,106.06
2011-07-11,106.02,102.72,122.33,108.68
2011-07-12,110.44,101.34,125.14,114.98
2011-07-13,110.02,101.24,125.48,114.83
2011-07-14,109.17,101.5,125.88,112.31
2011-07-15,108.35,101.18,127.04,108.68
2011-07-18,108.83,100.9,127.14,109.07
2011-07-19,109.15,100.58,127.65,109.14
2011-07-20,108.36,100.64,127.73,107.99
2011-07-21,107.49,100.7,128.1,107.97
2011-07-22,109.21,100.11,129.17,110.01
2011-07-25,107.97,100.12,128.64,107.4
2011-07-26,107.66,99.89,129.14,107.37
2011-07-27,107.89,100.32,130.01,107.79
2011-07-28,107.98,100.37,129.86,107.88
2011-07-29,107.99,100.09,130.29,108.04
2011-08-01,107.91,100.32,130.94,108.65
2011-08-02,107.94,100.33,130.95,108.67
2011-08-03,107.67,100.49,130.83,108.67
2011-08-04,106.87,100.36,131.32,108.33
2011-08-05,107.71,100.23,130.14,108.77
2011-08-08,108.63,100.46,130.65,109.87
2011-08-09,107.69,100.92,131.33,109.02
2011-08-10,108.16,100.98,131.38,109.66
2011-08-11,108.24,100.98,131.25,109.48
2011-08-12,109.68,101.16,133.43,110.52
2011-08-15,109.6,101.25,133.37,110.41
2011-08-16,109.83,101.24,133.28,110.79
2011-08-17,110.14,101.25,133.68,110.93
2011-08-18,110.26,101.06,132.28,110.43
2011-08-19,111.46,101.31,132.8,111.94
2011-08-22,109.69,101.59,133.69,110.72
2011-08-23,109.83,101.56,133.56,110.78
2011-08-24,110.42,101.37,132.92,110.33
2011-08-25,110.41,101.58,133.31,109.78
2011-08-26,110.05,101.74,134.24,110.08
2011-08-29,110.15,101.74,134.28,110.22
2011-08-30,109.41,101.51,132.79,109.7
2011-08-31,108.82,101.64,131.92,108.94
2011-09-01,108.19,101.89,132.4,107.77
2011-09-02,108.38,101.74,134.39,107.91
2011-09-05,106.74,101.65,133.83,106.45
2011-09-06,107.05,100.96,136.21,108.18
2011-09-07,106.89,100.96,135.77,108.0
2011-09-08,106.98,100.89,134.44,108.87
2011-09-09,106.15,100.33,133.65,108.95
2011-09-12,104.89,100.43,133.34,107.68
2011-09-13,104.9,100.41,133.17,107.48
2011-09-14,100.39,100.2,135.26,105.43
2011-09-15,99.99,100.38,135.91,106.28
2011-09-16,101.23,100.49,135.91,106.86
2011-09-19,100.09,100.93,135.94,105.39
2011-09-20,100.36,100.74,135.47,105.88
2011-09-21,99.87,101.27,135.09,104.9
2011-09-22,99.64,101.31,135.04,104.89
2011-09-23,100.13,101.27,135.58,104.57
2011-09-26,99.89,101.62,135.05,103.81
2011-09-27,99.15,102.01,133.55,102.08
2011-09-28,99.18,102.06,133.64,102.21
2011-09-29,98.74,101.43,134.59,101.85
2011-09-30,99.38,101.0,134.25,102.31
2011-10-03,98.63,100.87,134.07,102.42
2011-10-04,97.86,100.24,136.06,100.66
2011-10-05,98.21,100.19,134.59,102.09
2011-10-06,98.41,100.15,135.68,103.03
2011-10-07,99.06,100.6,137.62,104.65
2011-10-10,98.84,100.72,139.1,104.83
2011-10-11,98.88,100.73,139.18,104.87
2011-10-12,98.9,100.72,139.19,104.84
2011-10-13,98.68,100.55,139.52,104.1
2011-10-14,98.48,100.63,140.24,104.16
2011-10-17,99.33,100.77,140.34,104.43
2011-10-18,101.17,100.55,139.5,106.0
2011-10-19,101.07,100.76,140.41,105.94
2011-10-20,100.1,100.59,141.44,105.33
2011-10-21,99.67,100.59,140.48,105.69
2011-10-24,99.25,100.55,141.97,106.61
2011-10-25,98.66,100.8,143.17,106.53
2011-10-26,98.62,100.84,143.13,106.6
2011-10-27,100.2,101.17,142.09,108.71
2011-10-28,100.1,101.27,141.9,108.32
2011-10-31,101.92,100.64,143.04,111.19
2011-11-01,101.91,100.67,143.24,111.2
2011-11-02,105.19,100.64,143.63,111.85
2011-11-03,104.7,100.45,143.88,111.67
2011-11-04,103.58,100.58,142.51,111.09
2011-11-07,103.28,100.37,142.31,110.1
2011-11-08,102.42,100.66,145.22,110.71
2011-11-09,103.09,100.44,144.14,111.98
2011-11-10,102.56,100.51,143.5,111.18
2011-11-11,102.88,100.36,143.36,111.66
2011-11-14,102.55,100.42,142.9,111.76
2011-11-15,103.43,100.35,142.9,112.09
2011-11-16,103.63,99.92,141.56,112.14
2011-11-17,103.84,99.89,141.51,112.22
2011-11-18,104.32,99.7,142.31,112.27
2011-11-21,103.41,99.94,139.84,112.61
2011-11-22,101.94,100.39,139.96,109.08
2011-11-23,101.84,100.71,142.86,109.85
2011-11-24,101.53,100.62,142.62,109.6
2011-11-25,100.71,100.84,143.36,109.6
2011-11-28,100.81,100.86,142.95,109.43
2011-11-29,101.02,100.87,142.86,109.78
2011-11-30,101.13,101.11,144.31,110.28
2011-12-01,101.71,101.04,144.84,110.71
2011-12-02,101.64,101.02,144.62,109.65
2011-12-05,101.76,100.66,146.56,109.7
2011-12-06,101.48,100.88,146.25,109.5
2011-12-07,101.51,100.83,144.69,109.18
2011-12-08,101.62,100.87,144.65,109.31
2011-12-09,101.32,100.77,144.5,109.3
2011-12-12,101.55,100.75,144.32,109.58
2011-12-13,102.08,101.01,144.15,109.7
2011-12-14,102.06,101.02,144.2,109.68
2011-12-15,101.99,101.26,144.31,109.51
2011-12-16,101.91,101.38,144.61,109.39
2011-12-19,100.07,100.6,145.38,107.31
2011-12-20,100.69,100.59,145.6,107.38
2011-12-21,100.71,100.01,146.84,108.55
2011-12-22,100.22,100.12,146.33,108.33
2011-12-23,100.24,100.21,146.15,109.05
2011-12-26,101.55,99.83,146.26,112.31
2011-12-27,101.46,99.87,146.26,112.3
2011-12-28,101.15,99.73,145.86,112.07
2011-12-29,100.35,99.91,146.04,111.0
2011-12-30,100.61,99.89,146.32,111.34
2012-01-02,100.13,100.38,148.65,110.9
2012-01-03,99.65,100.22,149.03,110.77
2012-01-04,99.28,100.28,149.02,110.34
2012-01-05,99.74,100.26,148.08,110.01
2012-01-06,99.92,100.09,148.45,109.74
2012-01-09,101.08,100.11,149.67,108.87
2012-01-10,100.95,100.15,149.68,108.83
2012-01-11,102.08,100.5,149.78,109.36
2012-01-12,101.47,100.88,148.89,109.42
2012-01-13,101.26,100.85,148.66,109.17
2012-01-16,99.54,101.07,146.93,108.02
2012-01-17,96.38,101.49,146.31,105.63
2012-01-18,96.17,100.85,146.56,105.85
2012-01-19,96.8,100.52,146.16,106.39
2012-01-20,97.9,101.37,145.83,108.73
2012-01-23,97.91,101.38,145.84,108.76
2012-01-24,100.12,101.85,151.35,110.88
2012-01-25,100.73,102.53,149.78,111.55
2012-01-26,101.31,102.37,148.52,112.8
2012-01-27,101.88,102.42,147.6,112.85
2012-01-30,101.86,102.45,147.67,112.84
2012-01-31,101.94,102.43,147.78,112.65
2012-02-01,102.36,102.37,147.95,113.63
2012-02-02,102.57,102.05,147.7,113.34
2012-02-03,103.08,102.1,147.87,114.0
2012-02-06,102.96,101.99,147.97,113.88
2012-02-07,103.25,101.88,147.38,113.88
2012-02-08,104.13,102.34,146.64,112.67
2012-02-09,103.71,102.42,146.02,112.43
2012-02-10,103.52,101.93,145.66,111.79
2012-02-13,103.49,101.98,145.8,111.85
2012-02-14,103.53,102.19,146.8,111.22
2012-02-15,101.22,101.79,146.84,110.51
2012-02-16,101.19,101.88,147.09,111.05
2012-02-17,101.18,101.81,146.52,111.3
2012-02-20,102.39,101.67,146.62,112.01
2012-02-21,102.42,101.67,146.58,112.01
2012-02-22,102.11,101.49,146.25,111.93
2012-02-23,101.95,101.39,146.37,111.7
2012-02-24,103.34,102.25,151.05,110.97
2012-02-27,104.88,102.9,150.57,113.09
2012-02-28,106.32,102.8,149.53,115.77
2012-02-29,105.16,102.87,149.77,114.85
2012-03-01,106.65,103.08,151.08,116.93
2012-03-02,106.85,103.2,151.26,117.51
2012-03-05,106.84,103.23,151.31,117.34
2012-03-06,107.69,103.22,151.04,117.71
2012-03-07,107.55,103.65,150.26,118.96
2012-03-08,108.38,104.27,151.05,119.07
2012-03-09,107.84,104.28,152.41,119.43
2012-03-12,106.69,104.49,148.49,117.29
2012-03-13,106.91,104.5,148.36,117.64
2012-03-14,107.17,104.58,148.32,118.0
2012-03-15,106.76,104.8,148.43,117.6
2012-03-16,109.12,103.77,148.81,119.02
2012-03-19,109.52,103.78,148.98,119.26
2012-03-20,108.46,103.43,148.63,117.67
2012-03-21,109.97,103.19,150.04,118.55
2012-03-22,110.02,103.19,150.04,118.6
2012-03-23,112.34,103.18,147.59,119.46
2012-03-26,112.68,103.18,147.75,119.49
2012-03-27,113.32,102.93,147.62,120.02
2012-03-28,113.69,102.8,147.68,120.44
2012-03-29,113.64,102.87,147.75,120.32
2012-03-30,113.09,102.94,146.79,119.46
2012-04-02,113.13,102.96,146.72,119.39
2012-04-03,113.41,103.19,147.0,119.94
2012-04-04,113.9,103.12,146.61,120.4
2012-04-05,114.06,103.14,146.64,120.63
2012-04-06,113.14,103.18,146.23,119.27
2012-04-09,112.42,102.8,146.89,120.28
2012-04-10,113.95,102.41,146.89,119.56
2012-04-11,114.17,102.19,147.7,119.65
2012-04-12,115.55,102.11,149.92,122.02
2012-04-13,115.85,101.77,151.0,122.05
2012-04-16,116.84,101.59,151.09,123.96
2012-04-17,115.34,101.84,150.55,121.61
2012-04-18,116.18,101.67,149.51,121.57
2012-04-19,116.16,101.71,149.86,124.51
2012-04-20,116.6,102.01,150.66,123.25
2012-04-23,123.05,101.81,152.26,122.29
2012-04-24,120.74,101.95,152.81,120.59
2012-04-25,120.36,101.38,153.4,121.2
2012-04-26,127.93,100.44,150.66,128.17
2012-04-27,127.72,100.43,150.63,128.14
2012-04-30,128.24,100.35,150.33,128.06
2012-05-01,128.27,100.36,150.38,128.12
2012-05-02,129.17,100.35,149.95,128.94
2012-05-03,129.81,100.31,150.33,129.94
2012-05-04,129.91,100.51,150.66,129.86
2012-05-07,130.21,100.46,149.71,131.34
2012-05-08,129.71,101.13,153.43,131.63
2012-05-09,127.65,101.64,152.48,128.94
2012-05-10,126.57,101.64,152.31,128.59
2012-05-11,126.59,101.66,152.28,128.64
2012-05-14,125.84,102.18,149.95,126.77
2012-05-15,124.79,102.58,149.5,125.51
2012-05-16,120.89,103.33,152.78,123.37
2012-05-17,123.12,102.62,154.31,126.24
2012-05-18,120.61,101.99,154.42,123.51
2012-05-21,120.28,101.61,151.1,121.97
2012-05-22,120.5,101.6,151.12,121.99
2012-05-23,122.06,101.41,150.53,126.79
2012-05-24,122.47,101.54,150.71,126.18
2012-05-25,122.43,101.86,151.24,126.66
2012-05-28,123.71,102.24,152.52,127.89
2012-05-29,123.96,102.3,152.75,128.1
2012-05-30,117.26,103.57,151.84,124.97
2012-05-31,116.96,103.39,151.89,124.71
2012-06-01,116.94,103.44,151.87,124.65
2012-06-04,116.37,103.74,152.52,125.69
2012-06-05,116.66,103.12,153.04,124.86
2012-06-06,120.23,103.1,152.44,125.73
2012-06-07,118.59,103.14,152.45,123.97
2012-06-08,118.91,103.07,154.84,123.48
2012-06-11,119.08,102.97,155.59,123.22
2012-06-12,119.29,103.04,155.71,123.34
2012-06-13,119.29,103.04,155.35,123.07
2012-06-14,119.55,103.02,155.2,123.15
2012-06-15,119.52,103.0,155.06,123.08
2012-06-18,119.58,102.92,155.55,123.25
2012-06-19,117.31,102.28,159.77,121.17
2012-06-20,116.94,102.19,156.13,120.42
2012-06-21,117.1,102.2,156.12,120.54
2012-06-22,117.38,102.44,156.54,121.19
2012-06-25,117.36,102.45,156.76,121.17
2012-06-26,117.63,102.52,157.14,121.35
2012-06-27,117.49,102.24,156.99,121.01
2012-06-28,117.96,101.99,156.11,121.4
2012-06-29,116.99,101.68,156.33,120.84
2012-07-02,118.0,101.39,157.45,121.73
2012-07-03,117.89,101.4,157.7,121.56
2012-07-04,118.02,101.39,157.78,121.73
2012-07-05,116.1,102.43,158.68,118.96
2012-07-06,116.25,102.31,158.61,119.08
2012-07-09,116.98,101.98,157.85,120.01
2012-07-10,118.68,102.31,158.52,122.22
2012-07-11,118.04,101.88,158.51,119.55
2012-07-12,118.57,102.37,157.93,121.32
2012-07-13,118.42,102.26,157.66,120.69
2012-07-16,118.46,102.39,157.87,121.09
2012-07-17,118.72,102.41,157.9,121.36
2012-07-18,117.76,102.28,160.49,119.19
2012-07-19,120.1,103.41,164.1,121.01
2012-07-20,121.62,103.4,164.53,122.29
2012-07-23,121.87,103.33,164.53,122.69
2012-07-24,122.24,103.31,164.87,122.78
2012-07-25,120.97,102.94,163.49,122.04
2012-07-26,118.47,103.4,162.73,119.77
2012-07-27,118.39,102.73,161.74,119.09
2012-07-30,118.4,102.73,161.74,119.1
2012-07-31,118.37,102.75,161.5,119.09
2012-08-01,118.66,102.15,163.17,119.05
2012-08-02,119.0,101.7,163.73,120.69
2012-08-03,119.21,101.6,163.95,120.4
2012-08-06,119.34,101.67,164.17,120.77
2012-08-07,119.24,101.66,163.71,120.19
2012-08-08,117.36,102.3,162.58,118.17
2012-08-09,118.21,101.63,158.49,118.17
2012-08-10,118.23,100.9,154.64,115.78
2012-08-13,115.89,101.5,154.05,115.19
2012-08-14,116.69,101.71,154.24,116.59
2012-08-15,116.31,101.85,154.43,116.95
2012-08-16,115.73,101.95,155.32,116.33
2012-08-17,118.37,102.1,156.58,120.3
2012-08-20,118.7,101.93,156.8,121.27
2012-08-21,118.82,101.83,156.69,121.39
2012-08-22,119.53,101.11,156.54,120.85
2012-08-23,119.34,101.24,156.03,121.55
2012-08-24,119.52,101.69,156.56,120.83
2012-08-27,124.35,101.15,159.6,123.5
2012-08-28,126.8,101.06,155.1,125.42
2012-08-29,125.86,101.15,154.78,124.13
2012-08-30,124.95,101.28,155.56,122.02
2012-08-31,125.06,101.52,157.04,121.48
2012-09-03,126.82,101.56,157.45,121.25
2012-09-04,129.52,101.14,156.92,123.76
2012-09-05,127.33,101.56,156.17,121.31
2012-09-06,127.54,100.91,155.52,122.63
2012-09-07,127.56,100.92,155.58,122.71
2012-09-10,127.88,100.93,155.35,122.99
2012-09-11,129.45,99.98,153.97,126.25
2012-09-12,129.46,99.99,154.01,126.26
2012-09-13,129.88,100.04,154.95,126.23
2012-09-14,130.17,99.99,153.94,126.53
2012-09-17,131.07,99.55,153.21,127.36
2012-09-18,130.98,98.93,150.47,126.92
2012-09-19,126.26,99.28,150.67,124.92
2012-09-20,121.76,98.84,147.13,121.45
2012-09-21,119.03,99.01,147.19,119.51
2012-09-24,117.33,99.34,145.49,119.45
2012-09-25,117.51,99.43,146.1,119.99
2012-09-26,116.01,100.13,144.05,119.52
2012-09-27,116.43,100.91,143.41,118.05
2012-09-28,116.98,100.59,139.13,116.31
2012-10-01,116.0,100.95,140.66,116.38
2012-10-02,114.73,101.13,136.06,114.77
2012-10-03,114.61,101.27,136.2,114.88
2012-10-04,114.5,101.32,136.23,114.9
2012-10-05,113.94,101.4,136.69,114.73
2012-10-08,114.64,101.53,137.11,115.35
2012-10-09,114.63,101.52,137.4,115.36
2012-10-10,114.69,101.49,137.57,115.32
2012-10-11,116.21,101.64,137.83,114.98
2012-10-12,116.07,101.65,137.9,114.85
2012-10-15,114.79,101.05,139.18,110.54
2012-10-16,114.95,101.25,139.46,110.34
2012-10-17,115.01,101.28,139.51,110.52
2012-10-18,115.71,101.21,140.34,110.39
2012-10-19,115.61,101.38,140.41,110.45
2012-10-22,115.39,101.91,141.08,110.97
2012-10-23,115.59,101.99,141.39,111.24
2012-10-24,115.67,101.99,141.49,111.27
2012-10-25,115.79,101.75,140.97,112.34
2012-10-26,115.57,101.77,140.8,112.27
2012-10-29,115.67,101.8,140.85,112.29
2012-10-30,115.44,102.0,141.2,111.72
2012-10-31,113.54,102.12,136.54,111.2
2012-11-01,113.56,102.13,136.54,111.21
2012-11-02,112.39,102.07,137.44,110.32
2012-11-05,112.19,102.09,137.08,110.28
2012-11-06,110.05,102.28,138.75,107.41
2012-11-07,109.99,102.22,138.76,107.34
2012-11-08,111.59,102.17,139.23,108.61
2012-11-09,111.63,101.67,138.8,109.72
2012-11-12,112.53,101.67,139.29,111.41
2012-11-13,112.44,101.75,139.38,112.02
2012-11-14,111.85,101.62,139.93,111.59
2012-11-15,110.09,101.35,139.02,109.71
2012-11-16,111.9,101.75,139.7,111.95
2012-11-19,112.47,102.01,140.21,111.96
2012-11-20,112.59,101.93,139.75,111.87
2012-11-21,112.61,101.94,139.76,111.89
2012-11-22,112.71,101.95,139.78,112.0
2012-11-23,115.06,101.99,138.36,119.61
2012-11-26,113.48,102.17,137.58,118.06
2012-11-27,113.17,102.23,138.35,117.73
2012-11-28,112.78,102.72,138.98,117.92
2012-11-29,113.81,102.32,139.11,118.33
2012-11-30,114.47,102.76,139.7,120.39
2012-12-03,111.93,102.79,137.3,118.58
2012-12-04,111.23,102.96,137.22,118.06
2012-12-05,110.18,102.73,136.32,117.32
2012-12-06,110.81,102.63,135.8,117.94
2012-12-07,110.51,102.7,135.96,117.87
2012-12-10,110.29,102.52,135.92,117.12
2012-12-11,110.35,102.57,135.86,117.11
2012-12-12,109.66,103.44,138.23,115.62
2012-12-13,109.0,103.06,139.94,115.59
2012-12-14,109.19,103.42,138.74,117.5
2012-12-17,109.08,103.58,139.44,117.46
2012-12-18,106.15,103.09,138.8,116.29
2012-12-19,105.79,103.19,138.85,115.7
2012-12-20,103.94,103.07,138.11,113.89
2012-12-21,103.56,103.06,138.07,113.37
2012-12-24,103.02,103.19,137.03,113.42
2012-12-25,102.83,103.24,137.08,113.32
2012-12-26,103.89,103.94,137.47,115.79
2012-12-27,103.69,103.86,137.42,115.42
2012-12-28,105.38,104.25,137.98,109.22
2012-12-31,104.57,104.73,138.71,108.49
2013-01-01,102.86,105.03,139.11,106.95
2013-01-02,102.87,105.09,138.78,106.91
2013-01-03,102.29,105.22,138.72,106.6
2013-01-04,101.97,104.49,136.39,108.52
2013-01-07,102.87,104.18,136.14,108.71
2013-01-08,102.89,104.18,136.08,108.7
2013-01-09,102.07,103.92,138.04,107.43
2013-01-10,101.77,104.2,138.17,106.69
2013-01-11,101.92,104.43,137.42,106.95
2013-01-14,102.0,104.42,137.42,106.97
2013-01-15,103.81,104.46,137.67,108.77
2013-01-16,105.14,104.53,137.34,110.01
2013-01-17,104.99,104.6,137.26,109.79
2013-01-18,104.96,104.62,137.27,110.14
2013-01-21,104.9,104.8,137.4,110.26
2013-01-22,106.42,103.94,135.92,108.74
2013-01-23,106.44,103.97,135.9,108.68
2013-01-24,106.63,103.86,135.54,108.78
2013-01-25,106.36,104.15,137.07,109.51
2013-01-28,107.2,104.39,138.05,111.82
2013-01-29,107.47,104.63,137.97,112.33
2013-01-30,107.1,104.59,138.29,111.9
2013-01-31,107.1,104.6,138.31,111.88
2013-02-01,106.65,104.65,138.23,111.65
2013-02-04,106.26,104.74,138.11,111.35
2013-02-05,106.93,104.77,137.47,110.72
2013-02-06,110.89,104.16,136.07,113.11
2013-02-07,111.86,103.83,136.35,112.48
2013-02-08,111.95,103.85,136.33,112.58
2013-02-11,112.06,103.89,136.91,112.59
2013-02-12,111.84,103.96,137.06,112.32
2013-02-13,111.9,103.93,136.75,112.13
2013-02-14,111.89,103.95,136.77,112.11
2013-02-15,112.0,103.96,136.72,112.03
2013-02-18,112.39,103.82,136.72,112.53
2013-02-19,113.36,103.44,137.19,112.03
2013-02-20,113.1,103.27,137.53,112.03
2013-02-21,112.8,103.39,137.25,111.89
2013-02-22,112.92,103.4,137.23,111.86
2013-02-25,112.4,103.49,137.7,111.15
2013-02-26,109.77,103.0,139.86,109.75
2013-02-27,109.01,103.0,140.61,110.09
2013-02-28,108.58,103.01,139.42,109.83
2013-03-01,111.28,102.72,136.6,112.69
2013-03-04,111.21,102.59,135.23,111.31
2013-03-05,111.8,102.75,136.15,111.67
2013-03-06,112.19,102.59,137.69,111.56
2013-03-07,112.87,102.62,137.86,111.93
2013-03-08,112.65,102.85,137.24,112.14
2013-03-11,110.16,103.79,138.81,110.84
2013-03-12,110.82,103.58,138.56,111.44
2013-03-13,109.36,103.92,137.93,111.77
2013-03-14,109.71,103.76,137.6,112.3
2013-03-15,109.38,105.05,133.91,109.47
2013-03-18,109.36,105.18,133.64,109.48
2013-03-19,110.37,105.41,135.14,111.02
2013-03-20,109.14,105.21,132.75,110.14
2013-03-21,108.95,105.26,132.62,110.28
2013-03-22,110.2,105.86,131.4,114.08
2013-03-25,111.43,106.42,133.47,115.58
2013-03-26,111.35,106.44,133.53,115.54
2013-03-27,111.59,106.4,133.54,116.14
2013-03-28,111.85,106.37,133.7,116.56
2013-03-29,112.68,107.33,135.06,116.04
2013-04-01,113.47,106.49,135.61,115.12
2013-04-02,113.56,106.51,135.54,115.18
2013-04-03,112.84,106.3,136.21,115.22
2013-04-04,113.64,106.02,135.82,114.98
2013-04-05,111.23,106.07,136.34,112.91
2013-04-08,110.5,106.39,134.09,114.33
2013-04-09,109.72,106.52,136.04,113.65
2013-04-10,109.72,105.72,135.83,114.37
2013-04-11,108.94,104.23,138.24,114.99
2013-04-12,109.1,104.33,137.65,115.24
2013-04-15,108.61,105.23,138.33,115.77
2013-04-16,109.5,105.16,138.32,114.2
2013-04-17,109.82,104.88,137.47,114.98
2013-04-18,109.82,104.88,137.52,115.01
2013-04-19,109.58,104.77,137.45,115.23
2013-04-22,109.19,104.81,137.62,115.61
2013-04-23,109.31,104.79,137.63,115.69
2013-04-24,109.36,104.84,137.63,115.92
2013-04-25,109.81,104.84,137.55,116.05
2013-04-26,109.88,104.86,137.48,116.2
2013-04-29,109.07,104.71,137.93,115.21
2013-04-30,109.6,104.61,138.07,115.24
2013-05-01,108.38,104.72,138.08,112.85
2013-05-02,108.49,104.89,138.33,113.65
2013-05-03,111.13,104.84,139.1,115.43
2013-05-06,110.4,104.64,138.4,114.01
2013-05-07,110.37,104.64,138.3,113.92
2013-05-08,110.72,103.99,137.65,114.74
2013-05-09,111.21,103.76,138.03,112.87
2013-05-10,110.34,103.59,136.35,111.92
2013-05-13,110.56,103.63,136.43,111.76
2013-05-14,111.04,104.47,139.87,112.3
2013-05-15,111.53,105.57,139.19,109.71
2013-05-16,110.78,106.12,137.77,109.35
2013-05-17,108.44,106.24,137.85,108.42
2013-05-20,108.46,106.24,137.88,108.52
2013-05-21,109.13,106.18,138.14,109.65
2013-05-22,110.05,106.59,138.16,108.99
2013-05-23,110.06,106.82,138.26,109.12
2013-05-24,110.16,106.84,138.41,109.24
2013-05-27,108.22,106.39,136.43,108.12
2013-05-28,106.29,107.09,133.6,105.38
2013-05-29,106.53,107.21,133.51,105.68
2013-05-30,106.21,107.3,133.98,105.38
2013-05-31,106.14,107.36,133.91,105.2
2013-06-03,106.53,107.25,133.64,105.5
2013-06-04,106.36,107.33,133.64,105.51
2013-06-05,106.29,107.28,133.22,105.44
2013-06-06,106.51,107.29,133.74,105.81
2013-06-07,107.38,107.13,134.56,106.69
2013-06-10,107.29,107.09,134.53,106.58
2013-06-11,108.16,106.97,134.43,107.44
2013-06-12,107.05,107.05,135.19,105.59
2013-06-13,103.92,107.13,135.07,102.47
2013-06-14,105.97,106.98,134.78,104.12
2013-06-17,105.85,107.1,135.47,104.01
2013-06-18,105.85,106.98,135.62,104.13
2013-06-19,106.77,106.29,130.92,104.18
2013-06-20,106.47,106.45,130.99,103.79
2013-06-21,101.32,107.34,134.98,99.05
2013-06-24,100.85,107.24,136.65,98.87
2013-06-25,101.06,107.14,137.58,99.85
2013-06-26,100.63,107.24,136.01,99.33
2013-06-27,100.65,107.25,136.02,99.35
2013-06-28,101.41,107.11,136.64,101.55
2013-07-01,102.63,107.81,139.19,101.3
2013-07-02,102.56,107.94,139.4,101.35
2013-07-03,101.46,107.94,139.11,100.38
2013-07-04,101.96,108.03,139.62,100.56
2013-07-05,100.19,108.39,139.17,98.91
2013-07-08,100.56,108.63,139.34,98.82
2013-07-09,101.89,108.15,140.86,98.97
2013-07-10,101.47,108.21,141.2,98.76
2013-07-11,101.64,108.3,141.5,98.93
2013-07-12,101.32,107.35,140.5,98.95
2013-07-15,99.8,107.14,138.32,98.05
2013-07-16,100.0,106.57,138.07,97.69
2013-07-17,100.97,105.84,135.51,99.05
2013-07-18,101.05,105.84,135.84,99.54
2013-07-19,102.72,106.21,138.02,100.47
2013-07-22,101.25,105.65,135.06,99.46
2013-07-23,99.01,105.47,136.95,97.73
2013-07-24,98.69,105.35,137.06,97.55
2013-07-25,98.4,105.38,136.75,96.94
2013-07-26,98.34,105.37,136.86,96.84
2013-07-29,104.76,104.56,130.14,103.99
2013-07-30,104.69,104.55,130.25,104.14
2013-07-31,104.71,104.53,129.13,104.4
2013-08-01,108.45,104.42,124.7,105.9
2013-08-02,108.72,104.45,124.76,105.99
2013-08-05,107.99,104.54,124.29,106.37
2013-08-06,108.07,104.63,125.24,107.82
2013-08-07,109.09,104.51,124.91,108.99
2013-08-08,109.37,104.34,124.24,109.2
2013-08-09,109.4,104.35,124.24,109.22
2013-08-12,111.29,104.32,123.29,110.26
2013-08-13,111.44,104.24,123.17,110.28
2013-08-14,111.53,104.27,122.89,109.95
2013-08-15,111.7,104.24,122.9,110.14
2013-08-16,111.73,104.43,121.97,109.62
2013-08-19,111.71,104.46,121.93,109.62
2013-08-20,112.23,104.29,121.79,110.25
2013-08-21,112.61,104.35,121.93,110.15
2013-08-22,112.08,103.81,122.04,111.27
2013-08-23,112.14,103.77,121.9,111.57
2013-08-26,109.95,103.03,115.55,109.29
2013-08-27,110.0,103.07,115.45,109.37
2013-08-28,110.42,103.49,116.08,109.32
2013-08-29,110.85,103.13,116.05,108.46
2013-08-30,107.27,102.82,113.55,105.5
2013-09-02,106.94,103.26,114.12,104.88
2013-09-03,107.01,103.28,114.3,104.98
2013-09-04,106.18,103.41,113.99,104.19
2013-09-05,106.16,103.33,114.1,104.23
2013-09-06,105.9,103.31,114.9,104.58
2013-09-09,106.58,103.1,114.78,105.06
2013-09-10,106.95,102.98,114.61,106.84
2013-09-11,106.89,102.99,114.55,106.75
2013-09-12,106.9,102.77,114.3,106.93
2013-09-13,106.86,102.77,114.25,106.81
2013-09-16,106.38,102.31,113.36,106.79
2013-09-17,106.54,102.26,113.47,106.86
2013-09-18,106.61,102.36,113.28,106.99
2013-09-19,104.98,102.23,113.06,104.76
2013-09-20,105.35,102.34,113.1,104.98
2013-09-23,105.61,102.32,113.04,105.27
2013-09-24,105.72,102.43,113.77,105.63
2013-09-25,103.58,103.04,114.2,103.54
2013-09-26,102.42,102.87,114.81,104.65
2013-09-27,100.83,102.24,112.34,105.78
2013-09-30,102.57,102.13,111.64,107.84
2013-10-01,102.51,102.35,111.46,106.35
2013-10-02,102.89,103.35,110.33,107.06
2013-10-03,103.37,103.56,110.95,106.91
2013-10-04,103.62,103.46,111.14,107.2
2013-10-07,102.91,102.92,110.28,106.5
2013-10-08,100.49,103.23,109.04,103.07
2013-10-09,101.06,103.53,108.09,103.02
2013-10-10,101.03,103.45,107.57,102.91
2013-10-11,100.91,103.37,107.6,102.87
2013-10-14,100.96,103.21,107.3,103.3
2013-10-15,100.45,103.29,108.81,103.42
2013-10-16,100.52,103.25,108.94,103.33
2013-10-17,100.19,103.29,109.14,102.76
2013-10-18,100.28,103.26,109.12,104.16
2013-10-21,102.04,103.62,108.26,103.2
2013-10-22,102.03,103.42,108.06,102.93
2013-10-23,99.12,103.23,107.54,101.03
2013-10-24,99.44,103.21,107.45,101.33
2013-10-25,99.2,102.72,109.43,101.47
2013-10-28,99.31,102.68,109.38,101.46
2013-10-29,99.66,103.07,108.98,102.46
2013-10-30,99.87,103.51,108.4,102.8
2013-10-31,99.3,105.87,112.6,102.19
2013-11-01,102.44,105.33,112.94,104.7
2013-11-04,102.4,105.35,112.95,104.71
2013-11-05,102.72,105.31,113.04,103.82
2013-11-06,103.73,105.69,113.63,105.75
2013-11-07,101.46,105.45,112.16,105.69
2013-11-08,102.38,105.4,112.37,106.12
2013-11-11,102.43,105.42,112.33,106.15
2013-11-12,102.67,105.44,112.43,106.23
2013-11-13,103.81,105.57,113.33,106.01
2013-11-14,103.97,105.29,112.8,105.96
2013-11-15,107.33,105.42,112.2,107.22
2013-11-18,107.14,105.37,112.32,107.4
2013-11-19,106.81,105.06,112.51,106.08
2013-11-20,106.83,105.03,112.22,106.35
2013-11-21,106.75,105.31,111.96,105.95
2013-11-22,106.77,105.32,112.0,105.94
2013-11-25,106.94,105.27,112.08,106.12
2013-11-26,106.41,105.35,112.04,105.57
2013-11-27,103.95,104.76,111.44,104.18
2013-11-28,103.94,104.77,111.45,104.14
2013-11-29,106.62,104.38,107.44,106.8
2013-12-02,103.5,105.34,107.45,104.97
2013-12-03,104.08,105.4,107.42,105.29
2013-12-04,102.98,105.71,107.91,103.95
2013-12-05,102.64,105.82,107.87,103.43
2013-12-06,103.61,104.61,106.21,100.86
2013-12-09,103.6,104.69,106.1,101.08
2013-12-10,104.56,104.46,107.42,103.06
2013-12-11,103.11,104.6,107.34,101.72
2013-12-12,103.38,104.53,107.17,102.09
2013-12-13,103.29,103.97,106.24,101.86
2013-12-16,103.1,103.83,106.42,102.19
2013-12-17,101.5,105.96,107.92,99.64
2013-12-18,102.03,105.86,107.59,99.84
2013-12-19,101.47,106.07,107.85,99.58
2013-12-20,100.61,106.1,107.52,98.62
2013-12-23,100.18,106.41,107.93,97.95
2013-12-24,101.44,106.1,107.68,98.38
2013-12-25,101.85,105.91,104.75,99.72
2013-12-26,101.62,106.13,104.81,99.78
2013-12-27,102.11,105.66,105.78,101.08
2013-12-30,100.03,105.57,106.11,98.94
2013-12-31,99.97,105.85,106.32,99.38
2014-01-01,104.86,105.65,103.62,106.6
2014-01-02,104.14,105.76,103.85,105.82
2014-01-03,102.26,105.32,107.41,105.53
2014-01-06,102.3,105.16,107.3,105.93
2014-01-07,102.28,105.24,107.09,105.84
2014-01-08,106.72,104.49,105.35,110.8
2014-01-09,106.12,104.64,105.55,110.45
2014-01-10,105.97,104.69,106.22,110.6
2014-01-13,106.52,104.71,105.92,111.61
2014-01-14,107.61,104.59,106.05,112.25
2014-01-15,106.47,105.25,106.82,111.96
2014-01-16,104.84,104.81,105.7,109.56
2014-01-17,104.45,104.82,104.57,109.13
2014-01-20,103.36,105.13,104.98,106.89
2014-01-21,103.53,105.08,105.09,106.9
2014-01-22,103.63,104.91,104.87,107.64
2014-01-23,103.98,105.02,105.31,108.59
2014-01-24,104.0,105.04,105.27,108.64
2014-01-27,103.48,105.55,106.67,105.37
2014-01-28,103.46,105.58,106.68,105.27
2014-01-29,103.75,105.26,106.25,105.5
2014-01-30,104.98,105.25,106.95,107.36
2014-01-31,107.95,105.24,105.28,110.82
2014-02-03,108.09,105.24,105.31,111.02
2014-02-04,107.95,105.24,105.46,111.2
2014-02-05,106.96,104.88,105.48,110.8
2014-02-06,106.96,104.9,105.5,110.77
2014-02-07,107.0,104.91,105.46,110.9
2014-02-10,106.88,105.01,105.13,111.47
2014-02-11,106.36,105.52,105.72,111.07
2014-02-12,107.75,105.7,107.77,114.48
2014-02-13,107.82,105.69,107.76,114.44
2014-02-14,107.69,105.58,107.14,114.9
2014-02-17,106.87,105.6,106.79,113.63
2014-02-18,107.24,105.41,107.64,112.47
2014-02-19,103.19,106.57,109.86,112.06
2014-02-20,103.33,106.51,110.13,111.74
2014-02-21,103.37,106.52,110.13,111.79
2014-02-24,103.24,106.53,110.02,111.6
2014-02-25,103.65,106.83,109.58,111.19
2014-02-26,103.37,106.92,109.66,111.19
2014-02-27,103.3,106.8,109.48,111.48
2014-02-28,103.4,106.52,109.32,110.91
2014-03-03,103.88,106.46,109.5,110.19
2014-03-04,103.33,107.21,108.86,110.01
2014-03-05,106.46,106.56,106.08,111.52
2014-03-06,108.24,107.08,106.76,107.56
2014-03-07,107.82,107.34,109.13,107.93
2014-03-10,108.12,107.23,109.48,108.03
2014-03-11,107.95,107.33,109.36,107.91
2014-03-12,107.92,107.43,109.38,107.85
2014-03-13,107.87,107.48,109.56,107.96
2014-03-14,106.09,107.02,109.08,105.39
2014-03-17,106.06,107.04,109.09,105.36
2014-03-18,105.66,107.39,109.25,105.38
2014-03-19,107.71,107.55,109.42,106.69
2014-03-20,108.04,107.53,109.24,107.02
2014-03-21,109.95,107.6,109.56,108.19
2014-03-24,110.25,107.75,108.17,106.18
2014-03-25,110.4,107.77,108.4,106.27
2014-03-26,110.77,108.22,108.87,105.93
2014-03-27,110.2,108.3,108.1,106.02
2014-03-28,110.43,108.35,108.52,106.53
2014-03-31,107.71,107.92,107.36,103.08
2014-04-01,108.16,107.75,107.41,103.12
2014-04-02,109.39,107.48,107.93,103.94
2014-04-03,109.15,107.66,107.96,103.76
2014-04-04,112.28,108.38,109.76,103.27
2014-04-07,112.47,108.02,109.94,103.67
2014-04-08,112.61,108.05,109.08,103.61
2014-04-09,112.79,108.19,109.71,103.52
2014-04-10,112.73,108.23,109.69,103.45
2014-04-11,109.41,108.89,111.42,105.95
2014-04-14,112.24,108.23,111.0,108.33
2014-04-15,111.66,108.98,113.8,109.46
2014-04-16,111.08,108.86,113.33,108.32
2014-04-17,113.08,108.5,113.52,110.53
2014-04-18,113.2,108.48,113.62,110.59
2014-04-21,112.41,108.6,112.68,110.14
2014-04-22,112.24,108.6,112.73,110.07
2014-04-23,113.39,108.15,112.13,112.23
2014-04-24,114.59,108.63,111.22,113.97
2014-04-25,115.28,108.38,110.58,114.28
2014-04-28,115.36,108.38,110.72,114.36
2014-04-29,116.32,108.2,111.85,114.13
2014-04-30,115.88,107.31,109.87,113.57
2014-05-01,116.15,107.41,109.77,113.59
2014-05-02,115.96,107.52,110.19,113.35
2014-05-05,117.32,107.51,110.54,113.95
2014-05-06,117.91,107.25,110.64,114.47
2014-05-07,118.1,107.14,110.3,114.49
2014-05-08,116.68,107.56,110.44,113.72
2014-05-09,116.85,107.83,110.16,113.82
2014-05-12,117.11,107.78,109.82,114.21
2014-05-13,117.28,107.75,109.89,114.23
2014-05-14,116.48,107.74,108.24,114.44
2014-05-15,116.49,107.77,108.26,114.47
2014-05-16,117.43,107.6,108.63,115.49
2014-05-19,117.88,107.69,109.07,115.72
2014-05-20,117.06,107.76,109.67,115.71
2014-05-21,116.58,108.05,109.62,115.25
2014-05-22,116.02,108.09,109.5,115.43
2014-05-23,116.09,108.06,109.47,115.35
2014-05-26,115.34,108.13,109.4,114.8
2014-05-27,114.43,108.19,108.37,113.55
2014-05-28,114.23,108.47,108.19,112.7
2014-05-29,114.29,108.47,108.21,112.75
2014-05-30,112.69,109.13,109.09,110.72
2014-06-02,112.13,108.98,107.67,109.88
2014-06-03,110.84,109.04,108.11,109.51
2014-06-04,114.06,108.91,110.08,112.72
2014-06-05,113.48,108.76,109.83,112.49
2014-06-06,112.07,108.52,108.89,112.75
2014-06-09,112.06,108.55,108.98,112.72
2014-06-10,111.7,108.33,108.9,111.65
2014-06-11,111.74,108.34,108.89,111.57
2014-06-12,111.46,108.66,109.01,112.26
2014-06-13,118.79,107.85,108.81,119.52
2014-06-16,118.22,107.94,108.02,116.38
2014-06-17,118.42,108.08,108.07,116.28
2014-06-18,118.34,108.07,108.09,116.15
2014-06-19,118.47,108.09,108.26,116.41
2014-06-20,119.48,107.55,107.01,115.8
2014-06-23,115.52,107.94,105.64,114.49
2014-06-24,115.61,107.95,105.62,114.59
2014-06-25,117.39,108.31,106.84,115.56
2014-06-26,113.25,107.58,105.21,112.88
2014-06-27,113.33,107.55,105.13,112.93
2014-06-30,113.2,107.54,105.22,112.67
2014-07-01,113.28,107.55,105.15,112.71
2014-07-02,113.74,107.52,105.28,113.11
2014-07-03,114.54,106.98,105.82,114.18
2014-07-04,114.36,106.96,105.5,113.75
2014-07-07,114.31,107.01,105.47,113.92
2014-07-08,114.48,107.07,105.81,114.34
2014-07-09,113.22,106.81,103.83,115.93
2014-07-10,113.5,106.41,103.02,116.31
2014-07-11,113.5,106.41,103.06,116.19
2014-07-14,113.62,106.39,102.77,116.18
2014-07-15,114.7,106.58,103.5,117.93
2014-07-16,114.22,106.52,104.07,117.32
2014-07-17,113.93,106.07,104.48,114.72
2014-07-18,108.08,106.31,104.64,114.44
2014-07-21,107.57,106.71,105.09,113.25
2014-07-22,107.45,106.64,104.55,113.44
2014-07-23,106.78,106.89,104.05,111.78
2014-07-24,107.75,106.78,104.05,113.33
2014-07-25,105.89,107.17,102.6,112.26
2014-07-28,106.83,107.38,101.16,111.13
2014-07-29,106.82,107.34,101.19,111.2
2014-07-30,105.83,107.49,101.48,110.93
2014-07-31,103.81,108.19,100.92,110.06
2014-08-01,103.05,108.33,98.86,109.03
2014-08-04,103.65,108.11,98.34,109.78
2014-08-05,102.6,109.06,97.97,110.47
2014-08-06,102.2,109.55,96.97,109.89
2014-08-07,101.98,109.26,97.59,109.58
2014-08-08,102.01,109.42,97.87,110.27
2014-08-11,102.48,109.22,97.45,110.32
2014-08-12,102.67,109.26,97.57,110.4
2014-08-13,102.62,109.3,97.56,110.23
2014-08-14,103.02,109.15,97.49,110.27
2014-08-15,104.69,109.58,99.53,112.0
2014-08-18,104.85,109.58,99.56,112.16
2014-08-19,104.63,110.31,99.34,114.11
2014-08-20,104.63,110.31,99.46,114.14
2014-08-21,104.81,110.34,99.35,114.37
2014-08-22,102.72,111.11,100.32,115.12
2014-08-25,101.55,111.02,100.09,114.07
2014-08-26,102.23,111.65,102.56,117.18
2014-08-27,102.29,111.72,102.17,117.72
2014-08-28,102.11,111.69,102.04,117.34
2014-08-29,103.41,111.35,101.44,119.82
2014-09-01,103.72,111.44,101.34,120.14
2014-09-02,104.41,111.72,101.64,120.87
2014-09-03,103.97,111.73,101.48,121.07
2014-09-04,103.97,111.67,101.34,120.81
2014-09-05,105.15,111.91,100.71,122.36
2014-09-08,104.27,112.33,101.41,120.45
2014-09-09,105.29,112.01,100.87,122.57
2014-09-10,105.25,112.03,100.87,122.5
2014-09-11,107.63,111.82,101.49,124.56
2014-09-12,107.36,111.7,101.72,125.15
2014-09-15,108.53,111.59,102.29,126.02
2014-09-16,106.94,111.99,101.94,125.08
2014-09-17,106.1,111.28,102.86,130.75
2014-09-18,106.29,111.18,103.13,131.09
2014-09-19,106.24,111.22,103.23,131.09
2014-09-22,106.3,111.37,103.26,130.96
2014-09-23,105.89,111.5,102.88,130.53
2014-09-24,105.83,111.54,102.8,130.64
2014-09-25,106.43,112.19,101.99,132.31
2014-09-26,105.83,112.3,102.21,131.89
2014-09-29,105.73,112.35,102.29,131.79
2014-09-30,109.91,111.36,102.84,133.95
2014-10-01,109.28,111.58,102.71,131.98
2014-10-02,109.64,111.35,103.94,130.2
2014-10-03,109.51,111.35,104.27,130.06
2014-10-06,107.28,110.45,105.49,129.81
2014-10-07,107.42,110.46,105.36,130.09
2014-10-08,107.01,109.94,105.81,128.69
2014-10-09,108.24,109.84,105.74,130.07
2014-10-10,107.7,109.91,105.78,129.56
2014-10-13,110.91,110.47,105.45,131.53
2014-10-14,111.1,110.44,105.61,131.59
2014-10-15,113.6,109.03,103.26,133.27
2014-10-16,113.45,108.99,104.36,132.37
2014-10-17,112.13,110.57,103.21,133.25
2014-10-20,111.19,110.35,103.18,132.52
2014-10-21,111.27,110.35,103.32,132.36
2014-10-22,111.07,110.47,103.55,132.0
2014-10-23,111.79,110.51,103.11,134.23
2014-10-24,111.59,110.22,103.0,133.88
2014-10-27,111.17,110.32,102.89,132.69
2014-10-28,110.97,110.45,103.42,133.23
2014-10-29,111.0,110.48,103.51,133.37
2014-10-30,111.24,110.26,103.56,133.52
2014-10-31,112.19,110.09,100.73,134.65
2014-11-03,112.26,110.11,100.61,134.74
2014-11-04,112.72,110.06,101.58,136.17
2014-11-05,120.01,109.29,101.18,145.1
2014-11-06,119.83,109.43,100.78,144.25
2014-11-07,119.87,109.44,100.79,144.28
2014-11-10,119.87,109.48,101.0,144.52
2014-11-11,119.44,109.57,101.53,143.84
2014-11-12,120.51,108.58,98.84,146.04
2014-11-13,120.19,108.5,98.43,145.97
2014-11-14,119.72,108.42,97.68,144.91
2014-11-17,120.56,108.5,99.01,144.9
2014-11-18,119.56,108.74,98.4,144.55
2014-11-19,120.55,106.3,98.64,146.79
2014-11-20,120.57,106.33,98.64,146.79
2014-11-21,119.14,107.15,99.07,147.11
2014-11-24,117.82,107.69,99.65,146.32
2014-11-25,116.77,108.09,98.49,144.55
2014-11-26,116.72,108.15,98.6,144.5
2014-11-27,116.29,108.25,98.53,143.79
2014-11-28,115.91,108.2,97.54,144.86
2014-12-01,115.99,107.98,97.76,143.5
2014-12-02,115.94,108.02,97.8,143.7
2014-12-03,113.97,107.82,98.82,143.27
2014-12-04,113.91,107.46,97.95,142.63
2014-12-05,114.37,107.5,98.27,143.09
2014-12-08,115.88,107.48,97.84,145.1
2014-12-09,115.57,107.66,98.33,143.47
2014-12-10,114.81,107.14,98.64,142.22
2014-12-11,115.7,106.98,97.97,143.67
2014-12-12,120.22,106.98,99.28,144.13
2014-12-15,121.37,107.39,99.56,146.91
2014-12-16,120.83,107.49,99.37,146.47
2014-12-17,123.44,108.26,101.71,147.49
2014-12-18,122.23,108.03,102.21,144.21
2014-12-19,122.45,108.58,101.27,144.3
2014-12-22,122.26,108.66,101.63,144.61
2014-12-23,122.46,108.63,101.58,144.8
2014-12-24,122.31,108.42,101.97,144.92
2014-12-25,122.47,108.43,102.04,145.09
2014-12-26,119.87,109.38,102.28,139.64
2014-12-29,123.42,110.13,101.77,142.86
2014-12-30,123.51,110.13,101.85,142.97
2014-12-31,123.02,108.79,104.76,142.78
2015-01-01,124.52,109.13,103.86,147.0
2015-01-02,125.68,109.17,102.63,149.16
2015-01-05,124.69,109.15,102.8,147.45
2015-01-06,125.14,109.16,103.24,147.44
2015-01-07,125.47,109.06,103.41,147.59
2015-01-08,125.04,109.12,103.09,146.95
2015-01-09,125.01,109.18,102.96,146.9
2015-01-12,125.75,109.7,102.48,147.34
2015-01-13,125.74,109.76,102.87,147.74
2015-01-14,125.77,109.77,102.88,147.76
2015-01-15,125.78,109.79,102.8,147.69
2015-01-16,127.14,109.3,103.0,148.6
2015-01-19,126.88,108.97,102.94,147.62
2015-01-20,128.85,109.09,102.05,150.76
2015-01-21,128.94,109.37,102.76,151.75
2015-01-22,128.68,109.51,103.35,152.67
2015-01-23,128.72,109.53,103.36,152.7
2015-01-26,126.56,109.87,103.61,151.43
2015-01-27,126.88,110.01,103.98,151.97
2015-01-28,126.89,109.98,103.65,151.72
2015-01-29,125.94,110.05,103.54,150.87
2015-01-30,125.94,110.06,103.57,150.84
2015-02-02,126.42,109.96,104.21,151.37
2015-02-03,126.23,109.94,104.28,151.32
2015-02-04,125.32,109.93,104.31,150.11
2015-02-05,125.58,109.84,103.83,151.57
2015-02-06,125.71,109.88,103.99,151.42
2015-02-09,125.92,109.98,103.98,151.87
2015-02-10,125.17,110.07,103.98,150.54
2015-02-11,125.1,110.19,103.78,151.84
2015-02-12,126.26,110.27,102.42,154.69
2015-02-13,126.41,110.04,102.79,154.65
2015-02-16,126.31,109.72,102.93,156.97
2015-02-17,126.68,109.68,103.12,157.13
2015-02-18,125.2,109.86,103.18,155.13
2015-02-19,124.7,109.73,102.25,153.85
2015-02-20,123.94,109.73,102.51,153.19
2015-02-23,124.02,109.74,102.43,153.07
2015-02-24,123.75,109.65,102.5,152.78
2015-02-25,123.69,109.62,102.41,152.71
2015-02-26,123.17,109.46,102.39,151.26
2015-02-27,123.41,109.25,102.41,151.78
2015-03-02,122.85,108.57,100.18,153.29
2015-03-03,122.38,108.43,100.16,154.34
2015-03-04,123.15,108.4,100.86,154.8
2015-03-05,123.18,108.44,100.83,154.57
2015-03-06,123.03,108.72,101.07,156.5
2015-03-09,122.9,108.79,101.07,156.91
2015-03-10,122.9,108.95,101.46,157.53
2015-03-11,122.98,108.91,101.47,157.09
2015-03-12,123.14,108.85,101.46,157.08
2015-03-13,119.64,109.05,104.26,152.41
2015-03-16,119.91,109.1,104.08,152.35
2015-03-17,121.0,109.05,104.42,153.78
2015-03-18,120.73,108.77,104.14,154.14
2015-03-19,120.69,109.23,104.33,152.62
2015-03-20,119.61,109.29,104.59,151.98
2015-03-23,119.63,109.21,104.28,152.13
2015-03-24,118.29,110.13,103.98,151.17
2015-03-25,117.31,109.71,103.63,148.29
2015-03-26,116.95,109.67,103.29,147.77
2015-03-27,116.97,109.7,103.41,147.81
2015-03-30,115.77,110.0,103.69,147.56
2015-03-31,115.79,110.03,103.76,147.62
2015-04-01,115.54,110.2,103.71,147.56
2015-04-02,115.96,111.87,105.11,147.51
2015-04-03,115.98,111.88,105.13,147.53
2015-04-06,115.64,111.87,105.31,147.66
2015-04-07,115.17,111.61,105.45,146.51
2015-04-08,114.83,111.4,105.46,147.07
2015-04-09,112.38,113.39,111.68,152.71
2015-04-10,112.77,113.26,111.7,154.17
2015-04-13,112.69,113.22,111.28,154.34
2015-04-14,111.8,113.94,113.39,155.03
2015-04-15,111.9,113.33,110.46,150.34
2015-04-16,111.56,113.47,110.62,150.34
2015-04-17,111.69,113.6,110.76,150.46
2015-04-20,111.72,113.62,110.78,150.49
2015-04-21,110.1,114.88,109.48,151.51
2015-04-22,110.12,114.9,109.51,151.51
2015-04-23,110.14,114.91,109.52,151.53
2015-04-24,110.07,114.86,109.53,151.41
2015-04-27,109.46,114.79,109.19,152.27
2015-04-28,108.62,113.53,109.68,150.69
2015-04-29,107.53,113.67,108.39,148.12
2015-04-30,107.91,113.52,107.37,147.38
2015-05-01,110.1,113.31,108.53,148.5
2015-05-04,110.02,113.32,108.47,148.19
2015-05-05,109.8,113.41,108.79,147.61
2015-05-06,108.63,113.98,109.6,146.9
2015-05-07,108.48,113.98,109.81,146.48
2015-05-08,108.37,113.72,109.89,145.81
2015-05-11,107.93,113.71,109.54,145.21
2015-05-12,109.0,113.37,108.51,143.91
2015-05-13,108.53,113.59,109.28,143.39
2015-05-14,108.23,113.61,109.16,142.75
2015-05-15,108.23,113.63,109.61,142.37
2015-05-18,106.98,113.94,109.82,141.95
2015-05-19,107.04,113.95,109.87,142.09
2015-05-20,106.69,114.22,112.09,139.08
2015-05-21,106.71,114.47,112.97,139.36
2015-05-22,106.69,114.29,113.03,138.87
2015-05-25,106.69,114.12,112.71,138.31
2015-05-26,107.82,114.19,112.72,139.54
2015-05-27,107.67,113.88,111.91,138.85
2015-05-28,108.89,113.71,111.62,139.08
2015-05-29,109.66,113.23,112.27,141.91
2015-06-01,110.61,112.75,111.28,142.23
2015-06-02,109.99,112.68,111.31,142.05
2015-06-03,110.0,112.69,111.3,142.05
2015-06-04,110.35,112.78,113.64,142.82
2015-06-05,111.8,112.72,114.22,143.14
2015-06-08,112.27,112.7,114.29,143.88
2015-06-09,112.55,112.77,114.22,144.07
2015-06-10,112.33,112.81,113.4,144.74
2015-06-11,111.76,113.12,113.57,147.66
2015-06-12,111.17,112.58,113.7,144.5
2015-06-15,112.19,112.01,112.56,144.4
2015-06-16,113.39,112.28,115.28,143.87
2015-06-17,111.58,112.55,115.09,141.69
2015-06-18,111.5,112.77,114.89,140.83
2015-06-19,109.74,113.07,115.66,139.81
2015-06-22,108.89,110.71,111.11,144.91
2015-06-23,107.84,110.06,109.93,144.8
2015-06-24,107.17,109.82,109.93,144.18
2015-06-25,109.02,110.03,111.53,148.82
2015-06-26,112.78,109.43,106.68,153.32
2015-06-29,112.56,109.42,106.47,153.01
2015-06-30,113.03,109.58,106.44,153.14
2015-07-01,113.21,109.58,106.35,153.33
2015-07-02,112.85,109.7,106.68,153.06
2015-07-03,113.66,109.48,106.68,152.4
2015-07-06,113.59,109.51,106.7,152.33
2015-07-07,112.12,109.77,107.09,147.76
2015-07-08,107.33,110.06,108.95,145.56
2015-07-09,107.39,110.02,108.93,144.78
2015-07-10,107.69,109.99,108.5,145.16
2015-07-13,108.06,110.35,109.12,147.68
2015-07-14,107.11,110.21,110.53,148.84
2015-07-15,107.27,110.24,110.41,149.11
2015-07-16,107.28,110.21,110.31,149.14
2015-07-17,106.78,110.11,110.65,150.02
2015-07-20,106.8,110.12,110.66,150.04
2015-07-21,107.03,112.1,113.31,151.75
2015-07-22,108.21,111.81,113.24,154.13
2015-07-23,107.74,111.66,113.82,154.05
2015-07-24,107.15,111.65,114.84,154.92
2015-07-27,107.76,111.78,114.68,157.18
2015-07-28,106.98,111.92,117.08,155.61
2015-07-29,106.2,112.0,116.36,155.33
2015-07-30,105.93,111.84,116.57,155.09
2015-07-31,105.83,111.83,116.61,155.01
2015-08-03,105.23,112.02,115.9,154.1
2015-08-04,104.8,112.5,116.49,153.07
2015-08-05,104.86,112.49,116.33,153.13
2015-08-06,104.73,112.15,116.02,154.63
2015-08-07,104.88,112.27,116.27,154.59
2015-08-10,105.26,112.21,116.03,154.68
2015-08-11,105.28,112.12,115.85,154.87
2015-08-12,109.05,110.84,114.98,154.48
2015-08-13,108.9,110.84,115.12,154.56
2015-08-14,108.98,110.87,115.33,154.43
2015-08-17,107.97,110.6,116.19,154.57
2015-08-18,107.7,110.84,115.09,153.89
2015-08-19,107.81,110.84,115.12,154.33
2015-08-20,107.62,110.91,115.29,153.96
2015-08-21,107.54,111.06,115.46,154.21
2015-08-24,106.05,110.9,115.57,152.63
2015-08-25,106.26,110.9,115.54,152.92
2015-08-26,106.24,111.37,114.87,152.99
2015-08-27,106.14,111.56,114.6,152.86
2015-08-28,107.63,111.24,114.58,155.6
2015-08-31,108.2,111.47,115.29,155.88
2015-09-01,108.24,111.54,115.8,156.22
2015-09-02,107.7,111.62,116.27,154.96
2015-09-03,107.82,110.73,115.44,153.91
2015-09-04,107.81,110.75,115.56,153.85
2015-09-07,107.73,110.76,115.26,153.55
2015-09-08,108.6,110.86,115.73,154.24
2015-09-09,108.57,111.16,115.87,152.39
2015-09-10,108.58,111.26,116.03,151.97
2015-09-11,108.47,111.25,116.1,152.74
2015-09-14,108.33,111.6,116.77,152.46
2015-09-15,108.41,111.61,116.86,152.64
2015-09-16,107.74,111.84,117.18,153.16
2015-09-17,107.16,111.85,117.0,153.33
2015-09-18,107.08,112.07,116.86,152.46
2015-09-21,107.24,112.21,116.88,152.79
2015-09-22,107.64,112.15,117.1,152.01
2015-09-23,107.81,111.93,117.89,151.92
2015-09-24,107.92,111.91,117.84,151.21
2015-09-25,105.67,112.28,117.05,151.83
2015-09-28,104.47,112.75,115.42,148.54
2015-09-29,104.33,112.7,115.39,148.21
2015-09-30,104.41,112.56,115.64,148.51
2015-10-01,105.23,112.59,116.5,149.63
2015-10-02,109.54,112.74,116.42,153.76
2015-10-05,109.06,112.83,116.77,153.09
2015-10-06,107.41,113.4,118.04,151.27
2015-10-07,107.43,113.42,118.07,151.29
2015-10-08,107.47,113.42,118.12,151.29
2015-10-09,107.33,113.6,117.97,152.07
2015-10-12,106.96,113.29,117.95,151.63
2015-10-13,106.97,113.24,117.88,151.71
2015-10-14,108.89,113.54,117.13,151.36
2015-10-15,110.63,113.71,117.16,154.72
2015-10-16,110.61,113.76,117.12,154.45
2015-10-19,111.04,114.1,117.45,155.44
2015-10-20,110.96,113.94,117.55,154.82
2015-10-21,104.5,114.34,119.88,143.74
2015-10-22,104.64,114.26,120.36,143.35
2015-10-23,104.49,114.23,120.67,142.96
2015-10-26,104.62,114.2,121.6,142.75
2015-10-27,104.59,114.29,121.16,142.5
2015-10-28,105.73,113.84,121.53,144.15
2015-10-29,105.16,114.66,121.77,141.12
2015-10-30,108.11,114.6,122.02,147.73
2015-11-02,106.56,113.7,122.76,147.77
2015-11-03,106.57,113.72,122.77,147.78
2015-11-04,107.18,113.71,123.42,148.49
2015-11-05,106.73,114.09,123.39,148.4
2015-11-06,106.87,114.1,123.56,148.96
2015-11-09,106.87,114.18,123.88,148.17
2015-11-10,105.96,114.22,123.18,148.78
2015-11-11,106.05,114.21,123.18,148.87
2015-11-12,105.77,114.26,123.12,148.74
2015-11-13,106.38,115.17,126.73,150.11
2015-11-16,107.13,115.54,126.85,149.9
2015-11-17,106.77,115.74,126.91,149.72
2015-11-18,107.08,115.94,126.65,150.83
2015-11-19,106.64,115.68,125.29,150.92
2015-11-20,106.64,115.7,125.38,151.0
2015-11-23,106.95,115.7,125.76,151.25
2015-11-24,106.1,115.69,126.48,151.43
2015-11-25,106.13,115.7,126.5,151.46
2015-11-26,107.19,115.85,127.09,153.54
2015-11-27,107.12,115.73,127.13,153.89
2015-11-30,107.98,116.46,127.19,154.67
2015-12-01,107.35,116.77,127.27,153.09
2015-12-02,107.27,116.84,127.48,153.05
2015-12-03,107.36,116.93,128.22,150.01
2015-12-04,107.03,116.79,128.11,149.46
2015-12-07,107.11,116.8,126.91,148.21
2015-12-08,107.06,116.2,126.08,149.09
2015-12-09,104.55,116.34,131.16,144.83
2015-12-10,102.75,116.47,131.63,142.72
2015-12-11,105.1,116.36,132.7,148.16
2015-12-14,106.06,115.92,133.18,149.61
2015-12-15,105.09,115.43,130.19,148.2
2015-12-16,105.74,115.46,130.69,149.12
2015-12-17,107.54,115.01,131.28,151.33
2015-12-18,106.98,114.58,131.92,150.64
2015-12-21,107.74,114.49,131.51,151.09
2015-12-22,108.65,114.87,131.66,152.4
2015-12-23,108.42,115.0,133.27,150.46
2015-12-24,108.45,115.02,133.3,150.45
2015-12-25,108.47,115.08,133.41,150.58
2015-12-28,108.71,114.95,131.13,149.94
2015-12-29,108.71,114.82,131.08,150.0
2015-12-30,111.68,114.38,132.68,154.89
2015-12-31,110.02,114.9,132.26,154.64
2016-01-01,110.11,114.89,132.22,154.52
2016-01-04,110.14,114.91,132.23,154.56
2016-01-05,110.23,114.9,132.06,154.5
2016-01-06,110.64,115.11,132.3,154.28
2016-01-07,112.73,115.32,130.01,156.72
2016-01-08,112.79,115.39,130.08,157.29
2016-01-11,112.34,115.5,129.55,156.7
2016-01-12,110.99,116.6,131.44,154.84
2016-01-13,112.39,116.33,131.48,157.41
2016-01-14,112.4,116.39,131.08,157.55
2016-01-15,112.01,116.46,132.02,157.16
2016-01-18,112.27,116.54,131.66,158.27
2016-01-19,111.83,116.8,131.7,157.71
2016-01-20,111.72,116.78,131.84,157.55
2016-01-21,111.71,116.22,131.12,156.06
2016-01-22,111.78,116.29,131.33,156.62
2016-01-25,111.83,116.3,131.36,156.63
2016-01-26,111.06,116.5,131.38,156.13
2016-01-27,111.14,116.52,131.45,156.18
2016-01-28,112.45,116.86,132.11,158.29
2016-01-29,112.62,116.62,132.22,158.65
2016-02-01,113.15,116.41,131.84,159.37
2016-02-02,112.9,116.52,131.95,159.03
2016-02-03,112.98,116.61,132.77,159.16
2016-02-04,114.41,116.35,130.08,159.6
2016-02-05,114.47,117.09,132.38,161.06
2016-02-08,114.72,116.83,132.61,161.81
2016-02-09,113.38,117.15,131.85,160.35
2016-02-10,113.6,117.02,131.94,161.33
2016-02-11,113.16,116.88,129.64,160.12
2016-02-12,111.8,117.14,128.22,157.43
2016-02-15,111.43,117.16,128.44,157.5
2016-02-16,110.99,117.15,128.34,156.96
2016-02-17,111.1,117.23,128.42,156.87
2016-02-18,111.31,117.08,128.39,157.59
2016-02-19,111.69,117.05,127.86,158.85
2016-02-22,111.44,116.87,127.69,158.05
2016-02-23,112.94,116.68,127.16,160.09
2016-02-24,113.49,116.71,127.64,160.48
2016-02-25,114.36,116.49,127.88,161.84
2016-02-26,113.28,116.97,128.28,160.1
2016-02-29,113.21,116.98,128.14,160.15
2016-03-01,113.41,116.73,128.47,159.43
2016-03-02,112.67,116.89,128.48,157.63
2016-03-03,112.82,116.77,127.77,158.0
2016-03-04,112.69,116.96,127.92,157.67
2016-03-07,112.65,117.02,128.03,157.56
2016-03-08,112.55,117.01,127.67,157.79
2016-03-09,112.39,117.1,127.95,157.58
2016-03-10,112.99,117.19,128.83,156.85
2016-03-11,114.02,116.75,129.9,156.43
2016-03-14,113.78,116.87,129.63,156.74
2016-03-15,113.47,116.91,129.7,156.52
2016-03-16,113.24,116.9,129.25,156.52
2016-03-17,114.53,116.27,128.73,156.76
2016-03-18,113.48,116.28,128.91,154.9
2016-03-21,113.75,115.76,129.55,156.22
2016-03-22,113.51,115.62,129.48,155.48
2016-03-23,112.77,115.57,128.07,155.09
2016-03-24,112.44,115.47,127.71,154.3
2016-03-25,112.16,115.31,127.26,153.25
2016-03-28,111.64,116.29,128.25,151.1
2016-03-29,110.42,116.33,129.59,150.01
2016-03-30,111.73,116.56,131.09,151.73
2016-03-31,112.88,116.26,130.79,154.34
2016-04-01,114.14,116.38,134.87,149.47
2016-04-04,114.34,116.36,134.86,149.63
2016-04-05,114.27,116.35,134.95,149.47
2016-04-06,116.11,116.74,134.89,150.63
2016-04-07,113.68,117.17,136.65,151.33
2016-04-08,113.38,117.16,136.24,150.2
2016-04-11,113.81,117.21,136.72,150.7
2016-04-12,113.07,117.22,136.57,149.8
2016-04-13,113.34,117.13,136.3,150.0
2016-04-14,116.15,116.48,135.56,149.8
2016-04-15,115.51,116.17,135.13,148.11
2016-04-18,117.55,115.45,134.34,151.05
2016-04-19,117.47,115.49,134.27,151.06
2016-04-20,116.58,115.48,134.11,150.28
2016-04-21,116.45,115.49,134.05,150.5
2016-04-22,115.89,115.56,134.19,147.93
2016-04-25,114.49,116.13,136.52,143.29
2016-04-26,115.14,115.88,137.25,145.22
2016-04-27,115.23,115.83,137.43,145.41
2016-04-28,113.97,115.76,136.75,144.79
2016-04-29,114.87,117.58,133.68,145.37
2016-05-02,115.78,117.52,132.4,146.63
2016-05-03,116.37,117.47,132.04,147.77
2016-05-04,116.59,117.5,132.03,148.18
2016-05-05,116.25,117.46,131.38,147.86
2016-05-06,116.55,117.58,131.24,147.66
2016-05-09,121.27,118.95,133.83,152.99
2016-05-10,121.64,119.14,134.13,154.04
2016-05-11,121.22,120.07,134.93,153.6
2016-05-12,121.52,120.01,134.97,154.16
2016-05-13,119.3,119.63,131.94,152.62
2016-05-16,120.17,119.4,133.57,158.39
2016-05-17,120.2,119.38,133.45,158.56
2016-05-18,119.54,119.11,132.71,157.29
2016-05-19,119.42,119.21,132.47,157.37
2016-05-20,119.65,119.64,132.95,157.2
2016-05-23,119.75,119.62,133.01,157.17
2016-05-24,120.32,120.76,134.85,158.1
2016-05-25,120.39,120.88,135.42,158.46
2016-05-26,116.58,120.2,133.78,154.87
2016-05-27,116.83,120.33,133.9,154.9
2016-05-30,117.57,120.61,134.77,156.52
2016-05-31,118.29,120.55,134.59,157.47
2016-06-01,121.58,123.69,137.74,151.18
2016-06-02,118.63,122.0,143.12,148.8
2016-06-03,118.98,122.0,143.02,149.15
2016-06-06,119.08,122.03,142.66,149.1
2016-06-07,118.96,122.25,142.77,147.08
2016-06-08,117.85,122.8,143.3,146.4
2016-06-09,117.61,122.83,143.74,146.06
2016-06-10,117.65,122.84,143.91,147.02
2016-06-13,119.18,121.8,143.91,146.15
2016-06-14,121.3,121.72,142.96,148.7
2016-06-15,122.35,121.81,142.8,149.47
2016-06-16,120.13,123.02,146.3,149.11
2016-06-17,120.56,122.46,145.7,148.84
2016-06-20,119.86,123.1,147.57,148.72
2016-06-21,136.66,123.09,145.1,168.41
2016-06-22,136.66,123.12,145.24,168.31
2016-06-23,136.76,123.12,145.36,168.47
2016-06-24,137.82,122.88,140.84,171.91
2016-06-27,138.66,122.9,140.0,171.28
2016-06-28,139.72,122.81,140.88,171.57
2016-06-29,139.5,122.89,140.52,171.91
2016-06-30,140.74,121.95,138.12,170.71
2016-07-01,142.89,121.33,137.98,172.5
2016-07-04,142.43,121.42,136.9,171.78
2016-07-05,141.42,121.46,136.83,170.02
2016-07-06,141.49,121.48,136.86,170.1
2016-07-07,141.25,121.52,136.87,169.92
2016-07-08,141.43,121.67,137.9,170.68
2016-07-11,141.68,122.16,139.17,170.35
2016-07-12,142.12,122.12,140.13,171.26
2016-07-13,140.83,122.19,137.93,168.47
2016-07-14,141.24,122.19,137.85,167.54
2016-07-15,137.78,123.19,137.69,166.62
2016-07-18,135.38,122.34,137.14,162.94
2016-07-19,135.03,122.56,136.53,162.16
2016-07-20,134.93,122.54,136.76,162.02
2016-07-21,134.56,122.58,136.12,163.31
2016-07-22,135.97,122.63,137.84,165.29
2016-07-25,134.1,122.58,135.39,163.57
2016-07-26,135.83,121.43,133.11,163.2
2016-07-27,136.1,121.02,133.29,163.77
2016-07-28,137.2,121.04,134.05,165.97
2016-07-29,137.17,120.9,134.05,166.19
2016-08-01,137.21,120.97,134.56,166.6
2016-08-02,138.77,121.63,137.7,168.68
2016-08-03,138.75,121.51,137.11,168.18
2016-08-04,139.71,121.79,138.34,168.67
2016-08-05,139.48,122.0,138.25,168.14
2016-08-08,143.14,122.35,141.35,173.04
2016-08-09,144.65,122.21,140.78,176.7
2016-08-10,145.11,122.55,141.49,177.56
2016-08-11,143.56,122.53,140.57,175.72
2016-08-12,143.75,122.55,140.43,176.0
2016-08-15,143.89,122.55,140.42,176.16
2016-08-16,146.76,123.08,136.64,175.63
2016-08-17,145.79,122.98,136.87,176.78
2016-08-18,145.61,122.98,135.92,175.14
2016-08-19,144.83,122.85,135.51,176.27
2016-08-22,145.78,122.99,134.28,177.88
2016-08-23,144.5,122.91,133.25,174.79
2016-08-24,144.52,122.93,133.28,174.82
2016-08-25,143.54,122.8,135.3,174.88
2016-08-26,143.28,122.93,135.65,174.61
2016-08-29,143.15,123.66,136.67,173.81
2016-08-30,148.02,124.37,134.43,176.47
2016-08-31,148.41,124.4,134.63,176.7
2016-09-01,147.17,125.6,134.54,179.77
2016-09-02,147.23,124.14,132.28,172.69
2016-09-05,145.81,124.46,131.31,168.06
2016-09-06,146.18,125.01,128.3,167.95
2016-09-07,144.33,124.74,126.65,166.41
2016-09-08,144.82,124.71,127.31,165.65
2016-09-09,144.76,124.73,127.06,165.38
2016-09-12,146.38,124.22,128.35,165.1
2016-09-13,146.92,123.98,130.47,165.72
2016-09-14,146.65,123.83,130.81,165.19
2016-09-15,146.47,123.83,130.74,165.01
2016-09-16,148.3,123.52,130.24,166.98
2016-09-19,149.4,124.28,130.19,167.95
2016-09-20,150.06,124.68,130.18,168.04
2016-09-21,150.22,124.57,130.02,168.15
2016-09-22,152.5,125.63,129.81,170.76
2016-09-23,152.83,125.73,129.31,170.53
2016-09-26,157.12,126.03,127.72,176.44
2016-09-27,156.57,125.9,127.7,176.47
2016-09-28,155.63,126.11,128.09,176.49
2016-09-29,155.66,126.13,128.12,176.49
2016-09-30,156.0,126.27,128.25,176.74
2016-10-03,156.29,126.28,128.32,177.1
2016-10-04,156.33,126.37,128.15,176.93
2016-10-05,157.12,126.55,128.35,177.13
2016-10-06,159.29,126.24,129.2,179.27
2016-10-07,160.27,125.68,130.34,179.81
2016-10-10,159.99,125.58,129.92,179.44
2016-10-11,160.94,126.08,130.93,177.5
2016-10-12,161.91,125.92,131.19,178.28
2016-10-13,146.89,124.44,123.99,154.79
2016-10-14,149.52,124.73,124.24,155.85
2016-10-17,149.15,124.91,123.95,156.03
2016-10-18,148.63,125.0,124.5,155.11
2016-10-19,149.88,124.81,121.87,154.7
2016-10-20,153.31,125.44,122.1,154.99
2016-10-21,155.82,124.56,121.53,157.65
2016-10-24,156.94,124.82,118.99,158.7
2016-10-25,156.77,124.37,118.31,159.17
2016-10-26,156.84,124.34,117.79,159.46
2016-10-27,157.03,124.25,117.86,159.5
2016-10-28,156.97,124.33,117.97,159.47
2016-10-31,155.73,124.3,117.35,160.51
2016-11-01,156.23,124.92,118.41,160.48
2016-11-02,157.02,123.74,120.0,162.97
2016-11-03,157.52,123.73,119.9,163.5
2016-11-04,157.11,123.84,119.36,163.55
2016-11-07,155.78,124.04,119.42,162.41
2016-11-08,153.33,124.5,121.3,159.61
2016-11-09,153.4,124.63,121.4,160.03
2016-11-10,153.03,124.67,121.23,159.75
2016-11-11,153.52,124.17,122.04,161.1
2016-11-14,153.62,124.19,121.93,161.07
2016-11-15,153.41,124.21,121.96,161.31
2016-11-16,152.42,123.62,121.12,163.52
2016-11-17,151.81,123.68,120.74,161.45
2016-11-18,151.15,123.51,120.77,162.37
2016-11-21,151.48,123.36,120.02,162.01
2016-11-22,152.54,123.17,119.68,162.55
2016-11-23,152.47,123.22,119.62,162.56
2016-11-24,148.73,122.36,119.32,157.4
2016-11-25,147.8,122.49,119.9,156.78
2016-11-28,147.54,122.52,119.91,156.44
2016-11-29,147.64,122.51,119.81,156.56
2016-11-30,147.63,122.34,119.73,156.33
2016-12-01,147.48,122.35,120.46,156.29
2016-12-02,147.36,122.3,120.63,155.69
2016-12-05,146.63,122.1,119.73,155.38
2016-12-06,147.01,121.97,119.69,155.64
2016-12-07,148.64,122.28,120.04,156.64
2016-12-08,150.27,122.21,118.2,157.65
2016-12-09,150.91,121.64,118.88,156.64
2016-12-12,150.81,121.7,119.67,159.83
2016-12-13,150.81,121.69,119.6,159.73
2016-12-14,150.49,121.79,119.47,159.5
2016-12-15,151.67,122.08,119.99,160.74
2016-12-16,147.38,121.27,119.02,156.52
2016-12-19,146.67,122.53,118.08,154.54
2016-12-20,145.27,122.37,117.41,152.06
2016-12-21,145.54,122.61,117.97,152.4
2016-12-22,147.03,122.53,118.77,153.33
2016-12-23,147.62,122.68,119.33,152.57
2016-12-26,147.12,122.84,119.47,151.67
2016-12-27,146.14,122.83,120.8,154.02
2016-12-28,146.23,123.13,120.91,153.77
2016-12-29,146.21,123.4,121.88,155.39
2016-12-30,146.21,123.4,121.95,155.36
2017-01-02,148.53,123.62,124.11,157.89
2017-01-03,152.69,123.41,126.06,158.73
2017-01-04,153.19,123.29,124.94,159.96
2017-01-05,153.09,123.22,124.89,160.21
2017-01-06,154.05,123.44,125.25,162.08
2017-01-09,147.8,123.36,128.1,157.05
2017-01-10,149.77,122.76,129.42,158.61
2017-01-11,149.8,122.76,129.43,158.62
2017-01-12,149.68,122.74,129.37,158.38
2017-01-13,149.88,122.72,129.34,158.52
2017-01-16,150.25,122.62,129.97,157.76
2017-01-17,151.63,122.57,130.17,157.58
2017-01-18,151.83,122.56,130.15,157.62
2017-01-19,151.84,122.76,128.8,157.64
2017-01-20,161.32,121.99,130.27,169.31
2017-01-23,163.44,121.33,130.26,172.97
2017-01-24,165.13,121.82,131.07,173.79
2017-01-25,166.2,121.98,130.95,175.44
2017-01-26,166.63,121.86,130.85,175.02
2017-01-27,166.59,122.03,130.07,174.53
2017-01-30,167.83,122.24,131.07,175.79
2017-01-31,167.71,122.48,128.67,172.46
2017-02-01,168.08,122.48,128.82,172.63
2017-02-02,168.03,122.49,128.78,172.51
2017-02-03,168.08,122.51,128.81,172.52
2017-02-06,167.03,123.63,130.69,172.17
2017-02-07,166.25,123.58,129.84,171.26
2017-02-08,165.15,123.59,130.77,170.29
2017-02-09,165.53,123.68,130.67,171.26
2017-02-10,165.39,123.22,131.02,171.48
2017-02-13,168.69,123.73,133.36,174.04
2017-02-14,168.73,124.0,134.31,174.34
2017-02-15,171.05,124.53,135.16,175.72
2017-02-16,170.98,125.83,136.53,175.63
2017-02-17,170.36,125.86,136.08,175.19
2017-02-20,170.66,126.29,137.2,175.84
2017-02-21,169.67,127.42,138.96,177.45
2017-02-22,170.31,127.48,138.29,178.94
2017-02-23,170.59,127.47,138.21,179.22
2017-02-24,165.53,128.31,138.77,175.26
2017-02-27,165.91,128.1,138.6,175.27
2017-02-28,162.27,128.93,137.57,171.58
2017-03-01,163.64,129.36,139.52,177.42
2017-03-02,166.72,129.26,138.48,179.28
2017-03-03,168.23,129.14,138.93,180.0
2017-03-06,166.01,129.0,136.94,178.12
2017-03-07,165.39,128.65,136.37,179.75
2017-03-08,166.83,129.28,136.8,178.05
2017-03-09,167.11,128.22,135.55,181.65
2017-03-10,167.45,128.3,134.77,181.65
2017-03-13,165.87,128.43,134.52,180.96
2017-03-14,165.88,128.47,134.58,180.96
2017-03-15,165.98,128.36,134.54,180.99
2017-03-16,166.65,128.26,134.36,181.67
2017-03-17,166.68,128.28,134.38,181.7
2017-03-20,167.26,127.91,133.45,180.85
2017-03-21,166.68,127.29,132.61,180.27
2017-03-22,167.42,126.82,132.92,180.41
2017-03-23,169.52,126.64,134.66,182.53
2017-03-24,172.04,126.81,135.89,184.66
2017-03-27,173.4,126.88,136.43,185.52
2017-03-28,174.24,126.89,135.66,184.78
2017-03-29,174.8,127.74,135.92,184.65
2017-03-30,176.42,127.81,135.88,184.48
2017-03-31,174.43,127.95,135.49,180.82
2017-04-03,174.83,128.03,135.31,181.03
2017-04-04,175.15,127.86,135.39,180.73
2017-04-05,173.63,128.29,137.32,185.51
2017-04-06,175.09,128.34,137.4,186.41
2017-04-07,174.88,128.35,137.46,186.27
2017-04-10,175.01,128.18,137.55,186.21
2017-04-11,174.04,128.19,137.93,185.22
2017-04-12,172.82,127.3,137.71,183.74
2017-04-13,173.22,128.06,140.23,183.21
2017-04-14,174.74,128.23,141.44,186.06
2017-04-17,173.23,128.15,138.06,185.82
2017-04-18,174.37,128.21,138.23,186.86
2017-04-19,172.49,128.14,138.35,184.49
2017-04-20,172.62,128.14,138.44,184.91
2017-04-21,171.74,128.02,138.4,182.89
2017-04-24,172.4,127.86,138.59,183.76
2017-04-25,174.99,127.06,137.09,182.44
2017-04-26,177.46,126.83,133.95,182.68
2017-04-27,177.34,126.83,133.95,182.36
2017-04-28,178.42,126.94,133.22,183.06
2017-05-01,180.75,127.04,132.31,185.7
2017-05-02,179.35,127.56,133.64,183.92
2017-05-03,179.64,126.98,135.01,184.2
2017-05-04,183.3,125.87,130.55,183.71
2017-05-05,181.22,125.99,130.19,181.6
2017-05-08,185.2,126.59,132.03,185.37
2017-05-09,190.0,126.49,132.89,187.41
2017-05-10,190.59,127.24,132.79,187.38
2017-05-11,196.02,127.66,136.35,194.38
2017-05-12,196.14,127.56,136.14,194.55
2017-05-15,196.15,127.6,136.08,194.56
2017-05-16,196.36,127.87,135.79,194.21
2017-05-17,194.08,127.4,136.07,192.34
2017-05-18,195.29,127.59,135.22,193.73
2017-05-19,189.03,127.0,131.05,190.16
2017-05-22,188.52,127.05,131.11,189.51
2017-05-23,186.48,126.9,131.29,187.59
2017-05-24,185.11,127.36,132.29,184.78
2017-05-25,185.86,127.37,132.53,186.44
2017-05-26,185.82,127.84,132.5,187.42
2017-05-29,184.01,128.48,132.34,187.24
2017-05-30,183.16,128.4,132.14,186.29
2017-05-31,183.75,128.37,132.46,186.58
2017-06-01,184.82,128.24,131.56,187.05
2017-06-02,181.37,128.71,131.91,185.3
2017-06-05,184.9,128.77,134.01,188.81
2017-06-06,184.91,128.24,133.56,188.73
2017-06-07,184.52,127.8,133.71,187.56
2017-06-08,187.26,127.7,133.18,191.21
2017-06-09,188.53,127.53,133.28,192.2
2017-06-12,187.47,127.6,132.74,191.83
2017-06-13,187.18,127.53,132.45,191.35
2017-06-14,187.04,127.63,132.24,190.86
2017-06-15,187.97,129.06,133.07,197.5
2017-06-16,188.2,129.07,133.0,197.65
2017-06-19,188.38,129.27,132.55,196.11
2017-06-20,189.85,129.25,131.52,198.34
2017-06-21,190.21,129.15,130.77,198.28
2017-06-22,191.13,130.28,131.34,198.71
2017-06-23,190.65,131.4,133.34,200.94
2017-06-26,190.72,131.44,133.36,201.05
2017-06-27,190.58,130.68,131.64,198.96
2017-06-28,190.67,130.82,132.26,199.54
2017-06-29,191.09,130.87,132.35,200.14
2017-06-30,191.91,130.86,132.22,200.56
2017-07-03,190.76,131.29,133.77,203.42
2017-07-04,190.58,131.26,133.87,203.25
2017-07-05,189.0,131.87,133.29,204.62
2017-07-06,189.31,131.94,132.65,205.34
2017-07-07,188.52,132.22,132.77,204.67
2017-07-10,188.62,132.37,134.12,203.0
2017-07-11,186.91,132.34,133.38,204.38
2017-07-12,186.87,132.34,133.3,204.54
2017-07-13,193.97,131.6,133.87,207.42
2017-07-14,192.76,131.89,133.28,208.24
2017-07-17,196.08,131.28,132.95,211.19
2017-07-18,197.34,130.37,129.65,211.1
2017-07-19,191.2,129.16,127.56,202.25
2017-07-20,191.69,129.18,127.44,202.06
2017-07-21,192.58,128.88,126.86,202.81
2017-07-24,192.76,128.84,126.98,202.69
2017-07-25,192.87,128.74,125.31,200.28
2017-07-26,193.02,128.89,125.08,200.68
2017-07-27,193.1,129.19,124.66,199.23
2017-07-28,193.01,129.19,124.65,199.34
2017-07-31,193.04,129.16,124.68,199.54
2017-08-01,193.6,129.05,124.76,199.97
2017-08-02,192.85,129.13,124.73,199.39
2017-08-03,195.2,128.55,124.46,201.18
2017-08-04,197.52,128.78,124.68,203.1
2017-08-07,197.73,128.75,124.73,203.21
2017-08-08,196.91,128.93,125.56,204.59
2017-08-09,195.54,128.92,124.69,204.58
2017-08-10,194.96,128.44,125.62,203.43
2017-08-11,193.09,128.63,125.62,199.5
2017-08-14,193.47,128.52,125.28,198.71
2017-08-15,196.49,128.18,125.47,203.91
2017-08-16,196.18,128.19,125.39,203.53
2017-08-17,195.76,128.11,124.38,203.99
2017-08-18,195.01,127.82,124.87,204.75
2017-08-21,193.96,128.01,125.64,204.3
2017-08-22,193.89,128.1,125.62,203.94
2017-08-23,193.93,128.16,125.87,203.7
2017-08-24,193.41,128.29,125.82,204.03
2017-08-25,192.61,128.2,127.44,204.31
2017-08-28,193.42,128.09,127.26,205.22
2017-08-29,192.68,128.57,127.25,209.67
2017-08-30,190.62,128.69,127.35,208.27
2017-08-31,192.23,128.23,127.88,208.24
2017-09-01,192.12,128.26,127.97,207.99
2017-09-04,188.11,128.73,130.06,205.17
2017-09-05,187.77,129.01,131.46,203.82
2017-09-06,186.74,129.29,131.89,203.12
2017-09-07,184.33,129.56,132.64,202.61
2017-09-08,183.78,129.27,132.59,202.18
2017-09-11,183.89,129.28,132.57,202.29
2017-09-12,184.75,129.23,132.54,202.16
2017-09-13,183.08,129.7,132.7,198.81
2017-09-14,183.14,129.72,132.77,198.94
2017-09-15,183.15,129.72,132.59,199.01
2017-09-18,183.52,129.75,131.33,200.2
2017-09-19,183.22,129.08,128.8,200.68
2017-09-20,183.35,129.15,128.42,201.34
2017-09-21,185.76,129.59,129.39,203.73
2017-09-22,185.83,129.56,129.4,204.12
2017-09-25,185.49,129.75,129.97,204.02
2017-09-26,184.54,129.65,134.92,204.78
2017-09-27,183.49,129.97,135.1,204.66
2017-09-28,182.5,130.45,135.79,205.58
2017-09-29,183.95,130.32,135.54,206.85
2017-10-02,185.11,130.6,135.77,208.21
2017-10-03,183.52,129.93,133.38,204.5
2017-10-04,181.81,129.96,133.73,202.85
2017-10-05,185.44,130.71,133.33,205.17
2017-10-06,185.64,130.98,133.12,205.72
2017-10-09,177.32,129.83,130.43,204.03
2017-10-10,181.1,129.41,129.57,204.92
2017-10-11,181.14,129.42,129.59,204.95
2017-10-12,181.65,129.13,129.62,205.86
2017-10-13,181.6,128.77,129.64,205.19
2017-10-16,181.67,128.88,130.06,205.35
2017-10-17,182.43,129.82,135.16,208.12
2017-10-18,184.67,128.96,134.48,210.97
2017-10-19,184.63,129.33,135.26,210.67
2017-10-20,177.98,126.94,129.95,202.65
2017-10-23,177.94,126.96,129.91,202.58
2017-10-24,178.95,126.41,130.53,203.4
2017-10-25,178.93,126.44,130.83,203.42
2017-10-26,179.06,126.73,131.02,203.04
2017-10-27,190.52,127.05,133.03,217.5
2017-10-30,190.32,127.05,133.24,217.15
2017-10-31,190.92,126.94,133.36,218.07
2017-11-01,190.28,126.96,131.25,215.45
2017-11-02,189.17,126.93,129.7,214.37
2017-11-03,188.72,126.7,129.69,213.34
2017-11-06,188.83,126.59,131.31,213.04
2017-11-07,188.63,126.6,131.0,212.46
2017-11-08,189.42,126.75,130.92,213.39
2017-11-09,190.01,126.72,130.94,213.8
2017-11-10,190.43,126.73,130.52,213.75
2017-11-13,190.76,126.81,130.49,214.43
2017-11-14,189.74,127.25,130.31,214.07
2017-11-15,189.79,127.18,130.57,214.48
2017-11-16,189.55,126.84,127.64,212.56
2017-11-17,189.01,126.47,128.48,212.47
2017-11-20,192.54,126.65,130.14,214.04
2017-11-21,193.21,125.42,131.75,220.62
2017-11-22,192.65,125.64,129.95,218.55
2017-11-23,194.73,125.17,131.88,219.52
2017-11-24,194.76,125.11,130.57,219.11
2017-11-27,194.94,125.09,130.27,218.92
2017-11-28,197.38,124.68,131.12,218.81
2017-11-29,197.42,124.69,131.14,218.85
2017-11-30,197.75,124.53,132.5,219.33
2017-12-01,197.84,124.65,132.66,219.06
2017-12-04,197.74,124.71,132.61,218.94
2017-12-05,196.66,124.77,131.98,217.3
2017-12-06,196.21,124.83,131.78,217.2
2017-12-07,195.61,124.25,128.9,211.62
2017-12-08,191.46,125.09,129.76,206.87
2017-12-11,189.11,125.22,129.88,203.34
2017-12-12,188.95,125.37,129.75,202.64
2017-12-13,189.3,125.0,129.94,202.69
2017-12-14,189.34,125.01,129.96,202.73
2017-12-15,189.54,124.68,129.62,201.42
2017-12-18,189.5,124.69,129.61,201.32
2017-12-19,189.54,124.73,129.67,201.27
2017-12-20,187.95,125.11,129.66,197.7
2017-12-21,178.78,126.17,130.02,187.37
2017-12-22,172.71,127.54,126.66,179.31
2017-12-25,173.12,127.45,128.07,178.67
2017-12-26,173.56,127.47,127.94,178.81
2017-12-27,173.31,126.56,126.51,174.31
2017-12-28,173.54,126.45,125.67,175.82
2017-12-29,173.55,126.31,125.78,175.81
2018-01-01,174.54,126.36,127.52,175.38
2018-01-02,174.84,126.4,127.41,175.48
2018-01-03,174.38,126.31,126.72,175.64
2018-01-04,174.29,126.13,126.42,174.64
2018-01-05,174.78,126.1,126.34,174.95
2018-01-08,174.96,126.01,126.01,174.51
2018-01-09,174.82,126.07,126.23,174.4
2018-01-10,174.73,126.11,126.17,174.3
2018-01-11,174.97,126.02,126.44,174.74
2018-01-12,175.16,126.06,126.63,175.12
2018-01-15,177.94,126.27,128.21,176.81
2018-01-16,178.12,126.3,128.45,176.4
2018-01-17,178.39,126.32,128.56,176.71
2018-01-18,177.63,126.78,128.67,175.36
2018-01-19,175.19,127.63,132.53,174.01
2018-01-22,174.8,127.96,132.75,173.66
2018-01-23,174.94,128.11,132.62,173.6
2018-01-24,174.33,128.65,133.1,173.56
2018-01-25,175.99,128.52,133.44,175.84
2018-01-26,176.04,128.53,133.45,175.87
2018-01-29,174.77,128.98,133.63,173.66
2018-01-30,177.03,129.1,133.66,176.04
2018-01-31,180.1,128.29,133.75,179.58
2018-02-01,179.7,128.63,134.69,181.53
2018-02-02,180.5,128.75,134.02,181.52
2018-02-05,180.18,129.05,133.84,180.1
2018-02-06,178.29,129.18,134.58,179.61
2018-02-07,179.45,129.07,136.83,179.68
2018-02-08,179.78,129.06,136.73,179.89
2018-02-09,178.6,131.09,139.48,178.26
2018-02-12,178.94,131.18,139.46,178.48
2018-02-13,178.69,131.32,139.66,178.27
2018-02-14,178.25,131.38,139.6,177.88
2018-02-15,177.77,131.33,140.33,178.52
2018-02-16,179.86,131.28,141.79,181.6
2018-02-19,178.7,131.22,140.93,181.25
2018-02-20,178.75,131.24,140.99,181.32
2018-02-21,180.11,131.33,140.0,181.27
2018-02-22,179.37,131.32,140.08,180.84
2018-02-23,179.95,131.32,139.91,181.33
2018-02-26,181.22,131.47,139.23,182.76
2018-02-27,181.0,131.64,140.4,182.65
2018-02-28,181.51,131.67,140.15,183.05
2018-03-01,181.67,131.54,139.55,181.71
2018-03-02,181.82,131.48,139.55,181.45
2018-03-05,181.53,131.42,139.25,181.46
2018-03-06,183.99,131.1,139.74,185.21
2018-03-07,184.17,130.99,139.57,185.18
2018-03-08,186.14,131.31,140.14,185.72
2018-03-09,186.14,131.33,140.1,185.87
2018-03-12,186.36,131.34,139.03,186.15
2018-03-13,187.16,131.64,139.52,187.2
2018-03-14,187.04,131.98,140.18,187.8
2018-03-15,186.63,132.04,139.9,187.35
2018-03-16,187.1,132.0,139.86,187.49
2018-03-19,187.34,131.98,139.88,187.77
2018-03-20,185.21,132.39,140.22,187.32
2018-03-21,185.52,132.38,140.01,187.55
2018-03-22,186.09,132.36,140.16,187.84
2018-03-23,184.06,131.5,140.09,185.45
2018-03-26,184.53,130.91,138.27,186.58
2018-03-27,184.05,131.28,137.69,188.3
2018-03-28,185.1,131.45,138.25,188.44
2018-03-29,183.43,131.75,137.89,187.81
2018-03-30,183.52,131.6,136.38,186.96
2018-04-02,180.66,131.01,137.02,185.42
2018-04-03,181.01,131.23,137.91,186.79
2018-04-04,178.74,132.09,138.7,187.96
2018-04-05,181.28,131.64,136.09,188.06
2018-04-06,180.76,131.63,135.96,187.36
2018-04-09,181.08,131.33,135.02,188.74
2018-04-10,181.86,131.24,134.64,189.95
2018-04-11,180.06,131.11,133.57,186.81
2018-04-12,182.09,132.06,134.33,186.9
2018-04-13,184.02,131.8,134.37,187.63
2018-04-16,183.4,131.99,133.34,186.19
2018-04-17,182.58,131.5,134.39,184.09
2018-04-18,183.3,131.51,134.23,184.58
2018-04-19,183.16,130.97,133.97,183.55
2018-04-20,185.21,130.7,131.08,186.35
2018-04-23,184.93,130.33,130.71,186.58
2018-04-24,185.27,130.35,130.93,187.21
2018-04-25,190.54,129.97,130.44,189.09
2018-04-26,190.72,130.03,129.8,187.08
2018-04-27,189.82,129.93,129.48,187.3
2018-04-30,189.94,129.91,129.36,188.37
2018-05-01,185.94,130.6,130.22,184.81
2018-05-02,185.64,130.35,131.21,184.26
2018-05-03,185.16,130.07,131.29,183.69
2018-05-04,187.38,129.74,132.86,186.22
2018-05-07,184.67,129.18,133.71,187.04
2018-05-08,185.0,129.2,134.07,187.07
2018-05-09,186.48,129.02,135.38,187.4
2018-05-10,187.07,128.95,135.49,187.44
2018-05-11,188.1,129.01,137.04,188.52
2018-05-14,189.5,128.77,137.57,188.44
2018-05-15,189.01,128.98,138.15,186.25
2018-05-16,188.0,129.57,141.95,186.7
2018-05-17,187.06,129.4,141.53,185.99
2018-05-18,186.61,129.42,141.49,185.7
2018-05-21,186.59,129.36,141.06,186.02
2018-05-22,185.39,130.03,139.72,184.71
2018-05-23,185.41,129.95,139.94,184.97
2018-05-24,183.65,129.33,140.54,180.16
2018-05-25,182.69,129.39,140.84,177.83
2018-05-28,182.59,129.42,140.85,177.69
2018-05-29,183.94,130.22,140.24,175.48
2018-05-30,188.83,129.89,142.73,178.87
2018-05-31,188.89,129.85,142.74,178.75
2018-06-01,189.56,129.5,139.36,185.41
2018-06-04,195.84,128.81,139.14,189.61
2018-06-05,195.54,128.8,139.95,189.73
2018-06-06,194.67,129.0,139.9,188.23
2018-06-07,195.34,129.16,139.67,188.94
2018-06-08,194.51,129.09,138.44,186.87
2018-06-11,194.97,128.88,137.09,186.14
2018-06-12,194.27,128.62,138.34,184.77
2018-06-13,192.32,128.75,136.79,181.86
2018-06-14,191.86,128.25,136.7,181.56
2018-06-15,193.39,128.37,136.19,185.28
2018-06-18,191.01,128.88,138.55,182.97
2018-06-19,191.03,128.93,138.64,183.0
2018-06-20,190.71,129.28,138.17,183.68
2018-06-21,190.72,129.26,138.27,183.59
2018-06-22,190.76,129.28,138.27,183.63
2018-06-25,190.8,129.3,138.29,183.67
2018-06-26,192.55,129.43,139.28,184.62
2018-06-27,193.28,129.43,139.85,185.69
2018-06-28,193.02,129.48,139.97,185.53
2018-06-29,193.06,129.51,139.93,185.49
2018-07-02,193.65,129.52,140.06,185.47
2018-07-03,193.42,129.59,140.12,185.23
2018-07-04,195.82,128.89,137.67,187.92
2018-07-05,195.82,128.9,137.7,187.97
2018-07-06,196.64,130.46,139.4,189.3
2018-07-09,195.58,130.24,138.77,187.89
2018-07-10,194.68,130.22,138.87,187.0
2018-07-11,195.72,130.09,138.71,186.54
2018-07-12,196.7,129.89,139.03,187.65
2018-07-13,194.36,128.65,135.73,182.64
2018-07-16,194.39,128.9,138.08,180.39
2018-07-17,194.4,128.91,138.04,180.32
2018-07-18,194.75,128.74,137.26,181.76
2018-07-19,196.59,128.81,137.19,183.88
2018-07-20,195.49,128.81,138.08,180.78
2018-07-23,195.25,128.88,137.33,181.18
2018-07-24,195.49,128.78,136.66,183.68
2018-07-25,195.51,128.82,136.76,183.75
2018-07-26,195.44,127.31,137.22,186.71
2018-07-27,197.02,126.87,137.53,187.19
2018-07-30,196.78,126.92,137.13,186.87
2018-07-31,198.73,126.11,135.68,186.92
2018-08-01,198.97,126.1,135.42,187.1
2018-08-02,197.39,125.98,135.7,183.65
2018-08-03,197.68,125.95,135.88,183.08
2018-08-06,196.78,126.01,136.21,182.23
2018-08-07,196.48,125.94,135.91,180.94
2018-08-08,197.54,126.78,134.75,184.67
2018-08-09,197.73,127.16,134.56,183.92
2018-08-10,202.0,127.77,135.36,186.15
2018-08-13,201.78,127.81,135.51,185.97
2018-08-14,203.72,127.74,136.62,190.02
2018-08-15,206.38,126.89,136.54,197.2
2018-08-16,205.99,126.81,137.07,196.3
2018-08-17,208.42,126.51,137.95,195.71
2018-08-20,208.18,126.49,137.94,195.35
2018-08-21,208.13,126.54,137.84,195.27
2018-08-22,208.08,126.42,138.37,195.6
2018-08-23,208.49,126.55,138.45,195.04
2018-08-24,207.18,126.8,137.63,190.31
2018-08-27,203.88,126.72,138.86,187.53
2018-08-28,206.12,126.78,138.5,189.86
2018-08-29,206.18,126.78,138.51,189.9
2018-08-30,207.53,125.62,138.23,192.25
2018-08-31,207.14,125.67,138.51,191.94
2018-09-03,206.65,125.76,138.7,192.1
2018-09-04,207.05,125.08,138.66,189.2
2018-09-05,206.07,125.2,138.62,188.4
2018-09-06,205.47,125.3,137.8,188.07
2018-09-07,207.85,124.88,138.7,191.6
2018-09-10,207.44,125.23,139.77,191.73
2018-09-11,208.18,125.19,139.17,192.08
2018-09-12,207.76,125.14,138.89,191.24
2018-09-13,212.99,126.14,142.6,201.4
2018-09-14,216.16,125.29,140.49,204.46
2018-09-17,216.81,125.25,140.84,204.95
2018-09-18,216.76,125.26,140.82,205.0
2018-09-19,215.92,125.01,140.7,203.05
2018-09-20,216.17,125.01,140.8,203.38
2018-09-21,216.37,124.9,140.69,203.27
2018-09-24,215.43,125.29,141.09,200.92
2018-09-25,215.85,125.36,140.98,202.21
2018-09-26,210.12,127.08,141.01,207.72
2018-09-27,210.83,127.02,141.19,208.64
2018-09-28,209.24,126.63,141.09,207.14
2018-10-01,211.3,127.63,142.8,211.0
2018-10-02,206.62,128.36,140.87,217.32
2018-10-03,209.59,129.36,143.16,218.57
2018-10-04,207.68,128.84,144.57,211.46
2018-10-05,209.11,128.83,144.73,212.74
2018-10-08,212.53,129.37,146.81,217.87
2018-10-09,217.44,128.4,143.78,223.65
2018-10-10,217.71,128.41,143.84,223.76
2018-10-11,221.88,128.17,143.67,231.26
2018-10-12,223.07,128.17,143.09,231.35
2018-10-15,220.74,128.37,143.1,230.45
2018-10-16,221.86,128.35,143.58,231.01
2018-10-17,223.44,128.51,143.81,233.64
2018-10-18,221.7,128.66,143.2,233.49
2018-10-19,220.99,128.99,143.33,230.38
2018-10-22,222.2,129.24,141.47,229.06
2018-10-23,221.48,130.1,141.86,236.02
2018-10-24,221.65,130.12,141.84,236.11
2018-10-25,222.11,131.27,143.34,235.85
2018-10-26,221.99,131.2,143.69,236.19
2018-10-29,222.13,131.27,143.74,235.81
2018-10-30,222.1,131.24,143.78,235.74
2018-10-31,221.81,130.48,143.75,233.73
2018-11-01,221.99,130.48,143.77,233.78
2018-11-02,218.9,130.22,143.33,233.01
2018-11-05,221.4,129.7,140.32,236.41
2018-11-06,221.5,129.7,140.21,238.39
2018-11-07,221.58,130.04,141.27,242.96
2018-11-08,224.74,129.67,142.77,246.07
2018-11-09,227.06,129.59,142.45,245.66
2018-11-12,226.46,129.68,142.5,245.46
2018-11-13,226.13,129.94,142.56,246.59
2018-11-14,226.58,129.35,141.15,246.82
2018-11-15,223.6,129.68,139.72,247.59
2018-11-16,223.63,129.73,139.8,247.7
2018-11-19,226.11,129.87,140.83,251.99
2018-11-20,225.08,129.73,141.07,250.12
2018-11-21,224.02,130.04,141.55,248.6
2018-11-22,224.7,130.25,140.92,248.18
2018-11-23,226.49,130.32,141.02,250.24
2018-11-26,227.86,130.47,140.16,250.82
2018-11-27,228.3,129.73,139.67,249.87
2018-11-28,225.47,129.05,138.43,246.63
2018-11-29,226.89,128.48,137.56,246.8
2018-11-30,226.4,128.56,137.52,246.72
2018-12-03,225.85,128.3,137.75,246.2
2018-12-04,221.8,127.95,137.1,241.34
2018-12-05,221.64,127.99,137.16,241.36
2018-12-06,221.61,127.92,137.0,240.83
2018-12-07,221.12,127.89,136.96,240.83
2018-12-10,221.34,127.83,136.94,240.21
2018-12-11,218.68,128.18,137.31,237.12
2018-12-12,216.87,128.19,137.82,240.2
2018-12-13,215.6,128.17,138.44,247.04
2018-12-14,216.06,128.18,139.64,249.55
2018-12-17,215.81,128.11,139.88,249.02
2018-12-18,215.81,127.89,140.03,249.34
2018-12-19,216.07,127.81,139.93,249.75
2018-12-20,215.84,128.06,140.31,251.76
2018-12-21,212.11,127.9,140.15,248.53
2018-12-24,212.3,127.92,139.94,248.3
2018-12-25,215.06,127.99,139.86,250.73
2018-12-26,216.2,127.76,139.75,251.36
2018-12-27,213.8,127.08,145.07,247.8
2018-12-28,213.26,125.78,144.48,249.03
2018-12-31,206.85,125.14,141.17,240.17
2019-01-01,211.25,125.1,142.34,244.8
2019-01-02,211.66,124.94,142.52,244.96
2019-01-03,214.45,125.11,141.12,246.56
2019-01-04,214.71,125.18,141.63,247.13
2019-01-07,216.39,124.61,141.1,250.09
2019-01-08,217.59,124.62,141.12,258.59
2019-01-09,217.01,124.32,142.73,258.32
2019-01-10,217.3,124.17,141.2,257.4
2019-01-11,218.52,124.31,141.67,258.62
2019-01-14,217.77,124.44,141.77,258.11
2019-01-15,220.12,123.86,142.28,261.78
2019-01-16,218.24,123.96,143.67,260.6
2019-01-17,218.14,123.96,143.87,260.35
2019-01-18,218.19,123.97,143.89,260.4
2019-01-21,212.76,126.5,144.58,241.1
2019-01-22,213.89,126.74,145.38,243.45
2019-01-23,213.72,126.9,145.75,243.26
2019-01-24,218.16,125.99,142.28,248.14
2019-01-25,213.43,126.46,141.79,248.21
2019-01-28,213.47,126.48,141.82,248.24
2019-01-29,214.0,126.73,142.58,247.89
2019-01-30,214.07,126.68,141.8,248.13
2019-01-31,215.0,126.4,142.69,247.49
2019-02-01,217.43,126.87,142.58,251.39
2019-02-04,217.03,126.18,144.52,250.45
2019-02-05,217.78,126.64,145.7,251.41
2019-02-06,220.11,126.01,144.9,251.76
2019-02-07,220.17,126.02,144.92,251.78
2019-02-08,219.95,126.09,145.07,251.59
2019-02-11,219.73,126.13,145.1,251.52
2019-02-12,220.8,126.37,147.15,251.62
2019-02-13,220.54,126.5,147.08,252.73
2019-02-14,221.79,126.52,146.83,253.62
2019-02-15,221.89,126.64,147.04,251.49
2019-02-18,222.17,127.14,148.24,250.13
2019-02-19,222.46,127.12,148.31,250.34
2019-02-20,221.57,127.32,148.41,249.76
2019-02-21,221.34,127.31,148.36,249.77
2019-02-22,221.94,127.72,154.04,250.96
2019-02-25,222.0,129.17,151.35,252.05
2019-02-26,220.68,129.38,151.33,253.19
2019-02-27,220.74,129.11,151.16,255.22
2019-02-28,223.15,129.23,150.65,256.98
2019-03-01,222.0,129.71,150.37,256.01
2019-03-04,222.34,130.13,150.07,254.77
2019-03-05,221.31,129.81,149.72,251.55
2019-03-06,221.7,129.74,150.23,251.04
2019-03-07,222.06,130.41,150.43,254.41
2019-03-08,221.54,130.44,150.51,254.3
2019-03-11,221.6,130.46,150.53,254.34
2019-03-12,222.81,130.07,149.46,253.26
2019-03-13,222.83,130.17,150.01,254.67
2019-03-14,221.81,130.1,149.53,252.37
2019-03-15,223.25,129.74,149.64,253.61
2019-03-18,222.75,129.76,149.89,253.44
2019-03-19,224.04,129.88,151.1,254.22
2019-03-20,224.81,129.91,151.14,254.88
2019-03-21,226.22,129.57,151.27,255.44
2019-03-22,227.88,129.07,153.64,257.31
2019-03-25,227.7,128.99,153.47,257.58
2019-03-26,225.49,128.81,152.04,255.32
2019-03-27,223.49,128.82,152.58,254.22
2019-03-28,225.15,128.85,152.48,256.15
2019-03-29,225.71,128.86,152.47,256.98
2019-04-01,226.1,128.93,152.6,257.57
2019-04-02,226.17,128.93,152.64,257.58
2019-04-03,224.71,128.8,153.69,256.51
2019-04-04,221.01,128.63,153.19,251.37
2019-04-05,221.15,128.66,153.05,251.35
2019-04-08,220.8,128.71,152.53,251.63
2019-04-09,220.32,128.73,152.41,251.19
2019-04-10,220.01,128.89,157.11,246.39
2019-04-11,220.28,128.84,157.12,246.98
2019-04-12,220.61,127.68,154.01,247.99
2019-04-15,222.42,127.43,153.43,251.75
2019-04-16,223.35,127.31,152.84,252.48
2019-04-17,222.29,127.52,155.05,252.93
2019-04-18,229.35,127.7,156.82,253.83
2019-04-19,229.3,127.73,157.02,254.11
2019-04-22,235.85,128.49,157.53,271.23
2019-04-23,236.22,128.54,157.53,269.94
2019-04-24,228.51,128.16,154.14,263.53
2019-04-25,230.17,128.1,155.26,266.57
2019-04-26,228.35,128.58,154.53,265.29
2019-04-29,228.78,128.36,154.99,265.67
2019-04-30,228.39,128.09,160.03,269.29
2019-05-01,228.86,128.09,159.92,272.05
2019-05-02,228.31,128.14,159.68,271.13
2019-05-03,230.94,128.22,157.49,272.99
2019-05-06,232.6,128.15,157.69,274.8
2019-05-07,232.34,128.15,157.59,274.9
2019-05-08,234.18,127.63,156.43,273.05
2019-05-09,233.93,127.66,156.66,272.66
2019-05-10,236.31,127.78,157.67,273.44
2019-05-13,238.17,127.77,158.88,272.72
2019-05-14,238.64,127.29,158.19,274.13
2019-05-15,239.61,127.47,159.29,276.22
2019-05-16,243.49,125.68,159.75,273.78
2019-05-17,241.57,126.29,161.65,272.06
2019-05-20,242.72,126.25,161.61,273.02
2019-05-21,235.63,127.74,161.99,272.26
2019-05-22,234.57,127.76,162.09,270.39
2019-05-23,233.05,128.04,162.57,271.12
2019-05-24,233.05,128.19,162.53,270.67
2019-05-27,232.18,128.65,161.54,264.22
2019-05-28,232.36,128.72,161.53,264.1
2019-05-29,229.5,129.14,166.23,268.51
2019-05-30,232.77,129.13,166.2,275.14
2019-05-31,233.22,129.0,165.84,275.59
2019-06-03,232.78,129.04,165.97,275.43
2019-06-04,235.08,129.19,166.34,278.38
2019-06-05,235.24,129.2,166.38,278.5
2019-06-06,234.25,129.05,165.72,279.08
2019-06-07,234.25,129.06,165.94,279.09
2019-06-10,235.68,129.49,166.81,279.5
2019-06-11,236.6,129.58,167.4,282.82
2019-06-12,242.7,129.73,166.1,285.26
2019-06-13,242.94,129.74,166.25,284.55
2019-06-14,243.3,129.84,167.67,284.89
2019-06-17,245.83,129.35,166.22,285.3
2019-06-18,249.95,129.49,166.74,292.09
2019-06-19,250.03,129.51,166.77,292.16
2019-06-20,250.87,129.36,166.38,292.87
2019-06-21,251.59,128.78,157.39,297.69
2019-06-24,250.61,128.57,155.02,296.08
2019-06-25,250.73,127.63,154.06,296.67
2019-06-26,250.64,127.64,153.79,297.07
2019-06-27,249.6,127.73,153.49,297.31
2019-06-28,247.75,126.89,154.0,297.84
2019-07-01,248.01,126.8,154.51,297.91
2019-07-02,248.75,126.88,153.24,297.7
2019-07-03,245.92,126.95,153.2,285.03
2019-07-04,246.39,126.94,153.41,283.63
2019-07-05,255.69,126.74,151.44,297.87
2019-07-08,255.06,126.3,151.17,296.1
2019-07-09,252.14,126.49,151.62,294.88
2019-07-10,252.33,126.5,152.83,295.88
2019-07-11,253.67,126.52,151.87,299.23
2019-07-12,253.18,126.54,151.98,299.56
2019-07-15,253.8,126.49,151.27,298.36
2019-07-16,254.2,126.47,151.88,297.05
2019-07-17,253.55,126.54,151.94,297.65
2019-07-18,253.6,126.55,151.95,297.69
2019-07-19,252.17,126.31,150.05,300.57
2019-07-22,252.11,126.41,149.22,301.32
2019-07-23,251.76,126.53,150.93,302.96
2019-07-24,253.97,126.44,157.72,303.26
2019-07-25,246.04,126.42,157.88,296.04
2019-07-26,245.72,124.24,158.78,297.18
2019-07-29,240.96,124.36,158.35,289.15
2019-07-30,244.43,124.23,158.1,293.2
2019-07-31,245.01,124.14,158.32,294.38
2019-08-01,245.26,123.98,158.26,294.31
2019-08-02,248.41,124.11,157.82,297.57
2019-08-05,255.15,124.11,157.44,289.71
2019-08-06,256.37,124.16,158.08,291.72
2019-08-07,260.36,124.44,156.78,298.58
2019-08-08,256.41,123.7,156.64,298.83
2019-08-09,256.56,123.49,156.72,298.67
2019-08-12,257.44,123.23,157.11,300.3
2019-08-13,256.94,123.32,154.84,297.8
2019-08-14,257.5,124.22,150.83,294.22
2019-08-15,255.57,124.41,151.79,291.88
2019-08-16,255.79,124.97,151.62,287.0
2019-08-19,255.3,125.13,154.46,291.93
2019-08-20,258.06,124.67,157.08,295.46
2019-08-21,262.55,124.63,154.81,300.11
2019-08-22,262.51,124.78,154.95,299.17
2019-08-23,258.33,124.97,154.15,294.4
2019-08-26,258.49,125.01,154.19,294.79
2019-08-27,259.1,124.93,153.79,294.81
2019-08-28,263.04,125.14,155.17,299.73
2019-08-29,262.66,125.07,155.06,299.03
2019-08-30,262.94,125.36,155.38,300.08
2019-09-02,262.84,125.43,155.34,299.67
2019-09-03,263.0,125.41,155.36,299.69
2019-09-04,263.69,125.45,154.63,298.38
2019-09-05,265.3,125.58,155.48,299.82
2019-09-06,260.86,126.99,151.64,297.09
2019-09-09,260.69,127.26,151.31,296.3
2019-09-10,259.46,127.36,151.36,295.58
2019-09-11,260.6,127.44,150.93,294.85
2019-09-12,260.41,127.47,150.58,297.65
2019-09-13,260.96,127.64,150.83,299.66
2019-09-16,262.37,127.05,151.12,300.19
2019-09-17,262.37,126.99,151.25,299.31
2019-09-18,268.14,126.39,149.95,301.63
2019-09-19,270.34,126.16,149.37,300.52
2019-09-20,271.89,126.22,149.5,301.75
2019-09-23,270.87,126.0,149.04,299.28
2019-09-24,273.89,125.82,151.11,304.51
2019-09-25,272.84,125.81,149.85,306.54
2019-09-26,272.9,125.84,149.86,306.01
2019-09-27,271.74,126.71,153.15,308.76
2019-09-30,272.35,126.66,152.58,309.13
2019-10-01,269.24,126.48,151.69,305.56
2019-10-02,269.15,126.45,151.81,305.17
2019-10-03,268.89,126.17,153.43,306.76
2019-10-04,275.51,126.14,153.87,312.15
2019-10-07,275.8,126.14,153.92,312.61
2019-10-08,277.18,125.35,154.4,312.68
2019-10-09,272.69,125.69,153.68,310.08
2019-10-10,271.55,125.62,154.24,308.32
2019-10-11,272.79,124.86,151.48,307.01
2019-10-14,274.47,125.28,150.79,308.17
2019-10-15,273.77,125.33,150.86,307.8
2019-10-16,278.36,125.12,151.09,308.84
2019-10-17,277.33,125.31,152.65,308.51
2019-10-18,278.89,125.17,151.14,308.95
2019-10-21,280.36,125.65,157.05,314.46
2019-10-22,283.98,126.68,154.84,320.75
2019-10-23,280.87,126.6,152.61,313.48
2019-10-24,281.83,126.22,152.87,316.23
2019-10-25,280.79,126.43,153.14,315.14
2019-10-28,280.88,126.44,153.15,315.23
2019-10-29,279.35,126.78,153.22,318.43
2019-10-30,277.91,127.09,153.04,315.3
2019-10-31,280.93,126.06,151.31,320.12
2019-11-01,281.13,125.62,150.38,320.16
2019-11-04,289.8,125.44,149.87,325.05
2019-11-05,290.31,125.52,147.79,325.03
2019-11-06,288.24,124.72,147.2,321.4
2019-11-07,287.82,124.75,147.07,321.36
2019-11-08,286.94,124.86,146.98,319.68
2019-11-11,286.93,124.87,146.97,319.66
2019-11-12,290.42,124.61,148.08,323.24
2019-11-13,290.58,124.67,148.21,323.49
2019-11-14,290.98,124.49,148.44,324.13
2019-11-15,292.15,124.67,149.04,324.65
2019-11-18,291.07,124.7,148.77,323.6
2019-11-19,291.53,124.69,148.96,324.06
2019-11-20,291.85,124.75,149.39,324.54
2019-11-21,292.34,124.86,149.4,324.86
2019-11-22,288.38,124.42,148.75,320.5
2019-11-25,288.21,124.44,148.33,321.47
2019-11-26,288.13,124.53,148.68,321.9
2019-11-27,284.25,124.59,150.63,316.42
2019-11-28,285.62,123.54,152.9,314.85
2019-11-29,283.73,124.64,153.23,314.02
2019-12-02,283.94,124.57,153.62,315.78
2019-12-03,284.16,124.57,153.66,315.94
2019-12-04,285.38,124.44,153.83,317.55
2019-12-05,278.33,125.43,152.78,314.25
2019-12-06,275.63,125.31,152.21,311.45
2019-12-09,275.43,125.31,153.43,311.95
2019-12-10,274.27,125.31,153.35,311.21
2019-12-11,272.4,125.4,152.91,310.47
2019-12-12,272.6,125.49,152.9,310.19
2019-12-13,273.32,125.56,153.16,312.42
2019-12-16,272.57,125.29,152.18,311.22
2019-12-17,275.88,123.97,152.74,315.73
2019-12-18,276.48,123.96,152.7,305.45
2019-12-19,275.81,123.9,153.42,303.1
2019-12-20,273.79,123.43,151.92,304.32
2019-12-23,276.94,123.81,151.75,306.64
2019-12-24,277.56,123.74,151.45,307.47
2019-12-25,278.97,123.88,151.7,308.71
2019-12-26,276.35,125.25,156.62,306.96
2019-12-27,275.95,125.33,156.52,306.18
2019-12-30,276.79,125.11,155.42,307.18
2019-12-31,277.5,125.14,155.39,307.14
2020-01-01,276.98,125.04,153.49,310.37
2020-01-02,274.48,125.33,156.61,305.71
2020-01-03,274.53,125.35,156.63,305.75
2020-01-06,276.72,125.37,155.9,307.53
2020-01-07,276.62,125.81,156.09,307.42
2020-01-08,278.34,125.78,155.72,308.07
2020-01-09,280.97,125.72,155.09,310.72
2020-01-10,284.44,125.76,152.52,316.07
2020-01-13,280.03,125.7,152.9,312.26
2020-01-14,280.8,125.72,152.93,312.55
2020-01-15,283.16,126.28,153.61,316.17
2020-01-16,283.96,126.2,154.54,316.31
2020-01-17,292.5,126.09,161.54,322.58
2020-01-20,293.21,126.08,161.86,324.09
2020-01-21,294.59,126.03,162.83,324.25
2020-01-22,296.72,126.35,162.59,324.28
2020-01-23,295.69,126.31,167.35,317.52
2020-01-24,291.56,126.84,167.69,317.19
2020-01-27,291.71,126.83,167.72,317.43
2020-01-28,295.71,126.85,167.65,321.71
2020-01-29,291.79,127.19,167.88,317.56
2020-01-30,290.46,128.19,165.61,321.75
2020-01-31,298.67,128.78,165.92,330.26
2020-02-03,295.46,128.19,166.87,326.82
2020-02-04,294.3,128.31,168.57,325.85
2020-02-05,304.78,128.79,169.19,334.81
2020-02-06,294.62,129.06,166.52,323.12
2020-02-07,293.85,128.87,167.45,321.67
2020-02-10,291.18,128.83,166.79,317.54
2020-02-11,295.62,128.09,166.91,321.57
2020-02-12,300.51,128.25,167.87,322.37
2020-02-13,305.68,128.28,169.85,329.66
2020-02-14,300.32,129.04,170.69,327.96
2020-02-17,302.4,128.66,171.25,334.81
2020-02-18,301.24,128.62,171.52,333.34
2020-02-19,291.7,127.79,168.38,320.34
2020-02-20,300.96,128.01,170.62,329.59
2020-02-21,303.89,128.51,171.72,333.58
2020-02-24,303.96,128.49,171.56,333.62
2020-02-25,304.27,129.07,173.43,333.37
2020-02-26,303.64,129.21,173.42,330.11
2020-02-27,304.02,129.25,173.05,330.8
2020-02-28,303.06,129.25,172.94,327.21
2020-03-02,302.93,129.27,172.94,326.79
2020-03-03,303.38,129.37,172.27,327.17
2020-03-04,306.52,129.3,172.78,328.09
2020-03-05,305.39,129.21,173.52,327.34
2020-03-06,312.6,128.71,172.78,332.41
2020-03-09,314.39,128.08,172.33,331.77
2020-03-10,307.98,128.59,171.55,328.54
2020-03-11,307.94,128.64,171.54,328.47
2020-03-12,311.11,128.63,170.72,335.05
2020-03-13,311.81,128.62,170.76,335.53
2020-03-16,311.61,128.64,170.73,335.49
2020-03-17,312.27,128.68,170.17,335.91
2020-03-18,328.83,127.34,171.83,358.61
2020-03-19,329.41,126.89,171.5,358.23
2020-03-20,329.47,126.9,171.51,358.33
2020-03-23,331.35,126.93,175.02,360.39
2020-03-24,330.52,127.15,175.0,357.02
2020-03-25,326.92,127.45,175.55,353.78
2020-03-26,326.96,127.51,175.53,353.77
2020-03-27,328.06,127.6,175.85,355.52
2020-03-30,331.26,127.42,176.2,357.1
2020-03-31,330.89,126.94,174.88,357.97
2020-04-01,330.37,126.93,174.89,356.25
2020-04-02,331.0,127.38,176.13,359.35
2020-04-03,334.97,126.02,182.22,355.17
2020-04-06,335.81,125.93,182.38,356.16
2020-04-07,337.41,125.64,181.2,354.23
2020-04-08,339.49,125.67,181.34,357.76
2020-04-09,339.43,125.68,180.49,357.13
2020-04-10,339.25,125.98,181.73,359.89
2020-04-13,339.14,126.0,181.58,360.09
2020-04-14,340.38,125.01,180.33,351.81
2020-04-15,358.27,124.1,179.82,361.77
2020-04-16,354.69,123.47,185.66,358.44
2020-04-17,355.8,123.38,185.42,359.45
2020-04-20,347.64,123.42,187.65,357.62
2020-04-21,347.69,123.49,187.77,357.72
2020-04-22,348.1,123.29,187.68,357.87
2020-04-23,349.37,123.14,188.26,361.15
2020-04-24,350.12,123.04,187.19,360.59
2020-04-27,349.13,123.06,187.72,359.43
2020-04-28,360.69,123.29,188.69,370.07
2020-04-29,351.55,126.06,192.26,369.75
2020-04-30,346.42,126.41,194.98,367.9
2020-05-01,347.93,126.44,195.33,370.46
2020-05-04,346.94,126.28,195.19,369.06
2020-05-05,346.78,126.35,194.99,369.38
2020-05-06,343.92,126.52,193.89,366.59
2020-05-07,343.21,126.31,194.87,365.71
2020-05-08,343.5,126.34,194.41,365.4
2020-05-11,343.9,126.33,194.24,365.69
2020-05-12,348.96,128.71,203.9,374.04
2020-05-13,351.87,128.75,203.84,376.67
2020-05-14,355.49,130.77,200.11,378.81
2020-05-15,354.58,130.93,200.26,378.29
2020-05-18,354.53,130.89,200.08,378.26
2020-05-19,354.97,132.4,197.89,380.91
2020-05-20,355.01,132.71,197.77,380.79
2020-05-21,343.97,132.83,199.22,379.88
2020-05-22,342.8,132.03,202.72,387.68
2020-05-25,342.57,132.07,202.56,387.4
2020-05-26,340.75,132.47,195.81,386.45
2020-05-27,339.69,132.14,195.71,384.12
2020-05-28,339.42,132.15,195.34,383.63
2020-05-29,336.98,132.14,194.51,381.64
2020-06-01,333.61,132.38,195.16,382.26
2020-06-02,329.46,132.36,194.33,376.44
2020-06-03,323.96,132.59,192.7,372.31
2020-06-04,326.42,133.25,193.25,373.35
2020-06-05,325.96,133.3,192.94,373.3
2020-06-08,325.82,133.41,192.95,373.02
2020-06-09,325.28,133.54,192.76,373.33
2020-06-10,325.66,133.86,192.79,370.33
2020-06-11,326.84,133.88,192.57,373.68
2020-06-12,325.27,133.98,193.26,375.92
2020-06-15,321.43,133.94,190.79,374.25
2020-06-16,303.41,135.29,188.84,369.87
2020-06-17,300.98,135.81,188.28,365.46
2020-06-18,309.96,134.9,187.12,375.36
2020-06-19,310.4,134.93,182.96,378.22
2020-06-22,306.94,134.63,176.74,362.49
2020-06-23,308.92,134.37,177.87,365.49
2020-06-24,309.04,134.22,177.22,366.67
2020-06-25,309.04,134.26,176.94,367.04
2020-06-26,310.3,134.15,177.53,367.53
2020-06-29,310.05,134.3,177.9,366.93
2020-06-30,311.59,134.41,177.0,367.86
2020-07-01,311.2,134.48,177.62,367.71
2020-07-02,314.87,134.47,176.76,372.13
2020-07-03,313.9,134.36,177.92,369.8
2020-07-06,313.95,134.38,177.91,369.65
2020-07-07,314.33,134.56,177.94,369.99
2020-07-08,312.71,135.17,180.37,365.23
2020-07-09,312.79,135.18,180.39,365.3
2020-07-10,311.06,135.32,179.68,363.78
2020-07-13,312.92,135.65,180.0,370.67
2020-07-14,314.23,135.94,179.39,370.22
2020-07-15,316.26,135.92,179.64,372.17
2020-07-16,317.29,135.96,178.59,372.98
2020-07-17,315.72,135.95,178.01,372.88
2020-07-20,315.59,135.29,178.55,373.81
2020-07-21,315.23,135.32,178.85,372.84
2020-07-22,315.97,135.2,178.65,373.58
2020-07-23,315.99,135.21,178.61,373.64
2020-07-24,313.87,134.84,178.21,373.98
2020-07-27,313.43,135.23,178.82,371.92
2020-07-28,318.59,135.01,181.01,374.28
2020-07-29,312.3,136.29,181.55,362.32
2020-07-30,313.63,136.37,181.49,362.61
2020-07-31,310.54,136.61,181.2,361.91
2020-08-03,308.2,137.21,179.82,360.53
2020-08-04,307.16,136.8,178.84,360.87
2020-08-05,307.59,136.87,179.14,360.86
2020-08-06,308.13,137.15,178.6,360.51
2020-08-07,306.83,137.64,179.93,363.45
2020-08-10,307.68,136.94,179.65,365.9
2020-08-11,307.51,137.01,179.62,365.7
2020-08-12,306.48,136.7,181.27,361.62
2020-08-13,306.5,136.72,181.3,361.62
2020-08-14,306.55,136.75,181.31,361.68
2020-08-17,313.71,135.05,180.73,376.2
2020-08-18,313.42,134.93,180.14,377.03
2020-08-19,313.26,135.04,180.77,378.84
2020-08-20,303.81,133.94,169.35,360.53
2020-08-21,304.69,133.9,169.1,361.74
2020-08-24,302.93,134.09,170.48,362.75
2020-08-25,303.52,134.14,170.6,362.43
2020-08-26,304.4,134.05,169.78,362.75
2020-08-27,301.51,132.66,171.36,358.25
2020-08-28,304.65,132.9,172.3,364.92
2020-08-31,298.7,133.16,180.37,358.35
2020-09-01,299.15,133.19,180.49,358.68
2020-09-02,304.35,132.04,179.61,360.92
2020-09-03,298.65,131.14,179.96,354.71
2020-09-04,298.32,131.15,179.3,355.21
2020-09-07,298.71,131.31,179.54,355.56
2020-09-08,298.93,131.04,180.04,355.55
2020-09-09,293.79,131.42,178.77,347.46
2020-09-10,287.88,132.32,180.76,340.62
2020-09-11,287.94,132.33,180.81,340.79
2020-09-14,284.83,132.75,180.28,338.4
2020-09-15,285.0,132.68,180.45,338.84
2020-09-16,284.97,132.73,180.56,339.33
2020-09-17,282.67,132.91,180.34,336.4
2020-09-18,282.53,133.12,179.79,334.75
2020-09-21,281.33,133.27,180.87,335.98
2020-09-22,277.5,133.69,180.69,331.1
2020-09-23,278.09,133.71,180.25,329.83
2020-09-24,278.15,133.73,180.28,329.88
2020-09-25,280.73,133.72,181.46,331.53
2020-09-28,282.55,133.09,180.28,330.87
2020-09-29,280.55,132.58,177.82,325.01
2020-09-30,281.04,132.88,180.41,316.84
2020-10-01,281.03,132.97,180.53,316.99
2020-10-02,281.66,133.48,180.15,319.17
2020-10-05,282.56,133.8,178.73,324.17
2020-10-06,283.92,133.88,179.01,325.92
2020-10-07,290.29,133.38,176.81,337.33
2020-10-08,290.18,133.53,176.39,339.07
2020-10-09,294.07,134.32,178.01,344.74
2020-10-12,292.2,133.73,176.02,338.15
2020-10-13,299.3,133.1,176.85,342.48
2020-10-14,291.77,133.46,176.31,335.76
2020-10-15,291.89,133.53,176.08,335.65
2020-10-16,291.07,133.17,175.09,335.04
2020-10-19,290.89,133.24,174.93,334.44
2020-10-20,289.87,133.3,174.32,334.86
2020-10-21,290.9,133.15,175.18,336.52
2020-10-22,287.09,132.89,174.88,334.01
2020-10-23,291.57,132.68,172.35,338.66
2020-10-26,288.13,133.67,172.81,330.6
2020-10-27,288.58,133.57,173.46,334.05
2020-10-28,288.59,133.59,173.56,334.13
2020-10-29,280.56,134.36,176.73,332.8
2020-10-30,280.36,134.51,176.77,332.56
2020-11-02,281.44,134.35,176.56,333.34
2020-11-03,284.32,134.17,176.62,341.41
2020-11-04,284.59,134.18,176.56,341.56
2020-11-05,283.86,134.04,175.75,340.85
2020-11-06,284.0,134.08,175.81,340.97
2020-11-09,283.76,134.05,175.82,339.77
2020-11-10,286.78,133.33,177.02,338.85
2020-11-11,286.5,134.07,175.09,337.01
2020-11-12,286.58,133.76,173.43,335.13
2020-11-13,286.04,134.19,175.32,331.54
2020-11-16,284.69,134.34,175.86,329.68
2020-11-17,286.3,134.7,177.87,332.22
2020-11-18,284.8,134.58,178.97,327.71
2020-11-19,284.79,134.83,179.19,324.83
2020-11-20,283.17,135.04,177.74,321.24
2020-11-23,282.3,135.14,177.66,319.0
2020-11-24,282.82,135.04,177.16,317.85
2020-11-25,282.63,135.11,176.73,319.28
2020-11-26,282.61,135.02,177.29,317.2
2020-11-27,282.73,135.05,177.32,317.26
2020-11-30,281.6,135.44,177.31,311.7
2020-12-01,283.39,135.8,178.64,313.8
2020-12-02,290.67,134.81,179.66,319.97
2020-12-03,292.53,134.46,178.93,320.64
2020-12-04,292.33,134.47,178.84,320.26
2020-12-07,289.48,134.75,180.71,317.64
2020-12-08,290.9,134.33,180.97,318.06
2020-12-09,290.78,134.3,180.92,317.47
2020-12-10,280.81,134.56,177.24,310.67
2020-12-11,286.93,134.42,178.4,321.71
2020-12-14,286.87,134.46,178.5,321.35
2020-12-15,284.23,134.4,179.5,318.73
2020-12-16,290.86,133.49,180.71,328.73
2020-12-17,289.55,134.36,180.58,323.13
2020-12-18,286.95,134.42,181.48,321.37
2020-12-21,288.47,133.87,181.69,322.28
2020-12-22,286.63,134.49,182.47,319.51
2020-12-23,295.73,133.28,182.42,328.86
2020-12-24,291.23,133.66,181.25,328.14
2020-12-25,286.9,134.34,182.75,326.81
2020-12-28,285.69,134.55,181.49,336.19
2020-12-29,283.88,134.64,181.75,334.06
2020-12-30,284.0,134.55,181.56,334.48
2020-12-31,283.97,134.45,181.49,334.93
2021-01-01,285.57,134.59,180.66,335.0
2021-01-04,286.12,134.48,180.88,335.89
2021-01-05,286.84,134.43,180.82,335.67
2021-01-06,284.56,134.29,179.67,336.28
2021-01-07,282.84,135.16,177.18,328.24
2021-01-08,282.21,134.74,174.18,329.05
2021-01-11,280.74,134.81,173.95,328.19
2021-01-12,279.64,134.75,172.64,326.79
2021-01-13,288.49,134.83,170.02,335.47
2021-01-14,288.38,134.83,169.93,335.37
2021-01-15,286.9,135.63,171.08,326.46
2021-01-18,285.49,135.61,171.55,323.74
2021-01-19,284.06,135.88,170.94,325.46
2021-01-20,286.73,135.37,171.92,331.62
2021-01-21,287.55,136.13,172.0,329.01
2021-01-22,286.53,135.59,169.14,326.71
2021-01-25,286.72,135.41,168.76,326.18
2021-01-26,287.29,135.46,168.99,326.63
2021-01-27,287.24,135.51,168.87,329.88
2021-01-28,289.1,134.91,170.8,326.13
2021-01-29,292.23,134.75,170.4,330.75
2021-02-01,296.32,134.84,168.16,337.16
2021-02-02,295.58,135.14,169.18,337.38
2021-02-03,289.88,135.51,167.87,333.45
2021-02-04,291.12,135.49,166.82,334.09
2021-02-05,290.97,135.54,166.83,333.91
2021-02-08,290.01,135.79,167.02,330.36
2021-02-09,291.08,135.56,166.33,331.33
2021-02-10,287.72,135.82,168.62,333.14
2021-02-11,289.13,135.79,167.78,332.0
2021-02-12,277.07,140.37,161.51,323.48
2021-02-15,277.27,140.36,161.5,324.23
2021-02-16,278.25,138.99,162.06,319.64
2021-02-17,283.91,138.83,162.35,326.49
2021-02-18,287.48,138.36,163.09,328.64
2021-02-19,289.67,138.06,163.48,327.85
2021-02-22,289.83,138.0,163.49,327.79
2021-02-23,289.86,138.03,163.54,327.75
2021-02-24,289.61,138.11,163.37,326.93
2021-02-25,289.88,138.09,163.51,326.61
2021-02-26,284.25,137.79,163.12,320.2
2021-03-01,284.5,137.8,163.1,320.28
2021-03-02,282.96,137.7,162.63,317.32
2021-03-03,282.97,137.73,162.88,317.0
2021-03-04,283.15,136.59,160.17,318.79
2021-03-05,282.36,136.7,160.15,318.07
2021-03-08,282.37,136.71,160.1,318.32
2021-03-09,282.07,137.39,161.05,317.16
2021-03-10,281.44,137.4,160.89,317.14
2021-03-11,277.5,137.41,158.57,310.04
2021-03-12,276.29,137.43,158.53,311.7
2021-03-15,276.88,137.73,157.72,314.16
2021-03-16,278.38,138.03,157.41,316.85
2021-03-17,273.73,137.65,158.05,316.46
2021-03-18,274.73,136.98,157.99,316.6
2021-03-19,280.86,136.71,156.5,320.95
2021-03-22,280.07,136.98,156.54,319.41
2021-03-23,280.27,137.05,156.75,319.65
2021-03-24,280.26,137.07,157.64,319.89
2021-03-25,280.92,137.08,157.57,320.35
2021-03-26,280.55,137.3,157.42,320.08
2021-03-29,279.53,137.28,157.38,319.03
2021-03-30,280.15,137.2,157.8,320.99
2021-03-31,280.54,137.29,157.69,322.4
2021-04-01,283.74,137.58,157.1,326.66
2021-04-02,282.9,137.04,155.92,327.42
2021-04-05,283.06,137.06,155.99,327.63
2021-04-06,278.36,136.45,156.13,324.3
2021-04-07,282.0,136.14,159.73,330.21
2021-04-08,281.88,136.25,159.74,330.15
2021-04-09,282.04,135.84,159.23,331.24
2021-04-12,285.18,135.88,159.15,332.56
2021-04-13,297.94,134.14,158.06,349.7
2021-04-14,298.3,134.49,158.45,348.75
2021-04-15,297.77,134.54,157.16,348.39
2021-04-16,300.47,135.22,161.26,351.18
2021-04-19,300.6,135.23,161.27,351.37
2021-04-20,301.85,135.17,161.58,351.74
2021-04-21,302.1,135.18,161.65,352.0
2021-04-22,303.93,135.35,161.47,358.96
2021-04-23,303.88,135.38,162.27,359.08
2021-04-26,304.68,135.39,162.54,359.79
2021-04-27,304.78,135.41,162.54,359.89
2021-04-28,316.54,134.58,174.35,373.39
2021-04-29,319.34,134.6,174.16,375.12
2021-04-30,313.23,132.42,174.1,359.49
2021-05-03,311.15,131.38,171.66,352.89
2021-05-04,311.43,131.46,171.72,353.13
2021-05-05,315.71,130.9,170.35,354.93
2021-05-06,321.2,130.85,172.21,361.83
2021-05-07,325.44,131.55,171.56,367.62
2021-05-10,323.89,131.88,174.2,365.96
2021-05-11,331.62,131.48,177.05,369.82
2021-05-12,331.48,131.59,177.3,369.4
2021-05-13,318.46,133.76,179.34,360.25
2021-05-14,318.66,133.9,179.67,360.2
2021-05-17,315.04,133.81,181.86,355.0
2021-05-18,314.38,133.79,181.76,355.45
2021-05-19,322.47,133.03,180.57,364.84
2021-05-20,322.71,133.04,180.58,364.86
2021-05-21,321.62,133.26,181.68,361.27
2021-05-24,321.05,133.11,183.62,367.09
2021-05-25,325.03,134.14,180.99,375.73
2021-05-26,324.88,134.17,181.01,375.61
2021-05-27,324.9,134.12,181.43,375.44
2021-05-28,325.89,133.92,181.71,377.02
2021-05-31,326.12,133.84,181.42,376.88
2021-06-01,331.24,133.85,184.88,386.28
2021-06-02,332.29,133.77,186.69,386.1
2021-06-03,334.15,133.73,186.29,388.33
2021-06-04,331.73,134.58,189.89,391.73
2021-06-07,332.21,134.57,189.96,392.0
2021-06-08,332.82,134.53,189.38,391.6
2021-06-09,349.09,134.86,188.35,391.57
2021-06-10,353.0,135.29,188.99,392.74
2021-06-11,353.11,135.34,189.1,392.82
2021-06-14,353.63,135.5,189.61,392.31
2021-06-15,354.15,135.58,189.53,392.0
2021-06-16,353.93,135.65,189.49,391.81
2021-06-17,349.11,135.6,189.5,390.22
2021-06-18,349.21,135.61,189.52,390.32
2021-06-21,349.76,135.67,189.67,397.54
2021-06-22,355.62,135.24,190.23,407.1
2021-06-23,355.28,135.37,190.36,405.84
2021-06-24,352.78,134.74,188.5,400.4
2021-06-25,363.13,133.23,192.22,404.95
2021-06-28,363.9,133.3,192.24,408.47
2021-06-29,357.36,133.65,189.91,403.19
2021-06-30,356.12,133.77,191.0,404.29
2021-07-01,354.72,133.72,190.5,405.08
2021-07-02,358.72,133.61,190.89,405.06
2021-07-05,369.62,134.02,194.63,410.1
2021-07-06,368.94,134.04,193.82,409.24
2021-07-07,377.47,134.3,195.41,415.16
2021-07-08,381.01,133.94,195.61,416.99
2021-07-09,379.15,134.27,196.53,416.98
2021-07-12,377.85,134.41,195.79,415.0
2021-07-13,379.88,133.68,200.48,418.92
2021-07-14,380.59,133.22,202.57,419.51
2021-07-15,377.92,133.28,202.26,414.96
2021-07-16,377.47,133.16,202.31,414.56
2021-07-19,378.32,133.02,203.78,410.61
2021-07-20,374.84,133.07,204.17,408.39
2021-07-21,378.86,132.62,202.99,410.83
2021-07-22,378.89,132.87,202.97,411.27
2021-07-23,386.13,131.99,199.37,421.26
2021-07-26,385.2,131.94,198.79,420.87
2021-07-27,386.74,131.79,198.73,421.07
2021-07-28,368.08,131.8,190.57,404.61
2021-07-29,368.23,131.82,190.58,404.46
2021-07-30,370.5,131.65,189.96,406.46
2021-08-02,370.8,132.26,192.42,407.34
2021-08-03,367.76,131.47,193.18,404.16
2021-08-04,366.49,131.75,192.82,403.89
2021-08-05,365.25,132.06,194.48,402.97
2021-08-06,366.1,132.22,193.91,401.85
2021-08-09,366.08,132.31,193.79,403.89
2021-08-10,358.39,131.33,193.02,398.03
2021-08-11,358.41,131.36,192.87,396.55
2021-08-12,359.04,131.42,192.82,396.97
2021-08-13,359.84,131.5,192.57,397.71
2021-08-16,361.59,131.54,193.21,399.04
2021-08-17,361.8,131.57,193.27,399.76
2021-08-18,362.14,131.6,193.35,400.63
2021-08-19,362.82,132.2,193.01,405.37
2021-08-20,362.71,132.2,192.96,405.25
2021-08-23,358.64,132.66,194.6,399.43
2021-08-24,359.01,132.43,195.03,397.41
2021-08-25,358.09,132.7,193.9,395.9
2021-08-26,359.18,133.86,192.94,391.46
2021-08-27,363.04,134.15,194.49,395.7
2021-08-30,361.58,134.34,192.7,392.62
2021-08-31,366.91,134.35,193.38,395.47
2021-09-01,364.18,134.6,191.39,395.91
2021-09-02,361.27,134.57,191.1,393.56
2021-09-03,360.86,134.26,189.12,395.55
2021-09-06,361.84,134.79,187.73,394.92
2021-09-07,361.82,134.49,188.09,395.27
2021-09-08,362.01,134.49,188.14,394.88
2021-09-09,363.86,134.74,189.32,394.48
2021-09-10,364.06,134.65,188.98,393.82
2021-09-13,365.84,134.78,189.74,396.25
2021-09-14,365.34,134.8,189.51,395.97
2021-09-15,363.76,134.61,190.16,394.54
2021-09-16,361.89,134.71,189.37,396.17
2021-09-17,365.46,135.13,187.69,399.76
2021-09-20,363.1,135.19,186.84,398.58
2021-09-21,364.15,134.96,186.91,398.8
2021-09-22,365.14,134.82,186.46,399.42
2021-09-23,367.34,134.71,184.51,398.16
2021-09-24,366.88,134.59,182.46,397.45
2021-09-27,369.41,134.35,182.57,400.21
2021-09-28,370.84,135.11,183.58,408.76
2021-09-29,369.13,134.93,183.36,408.2
2021-09-30,371.41,134.84,182.9,411.1
2021-10-01,371.11,134.95,180.68,414.7
2021-10-04,367.04,135.02,181.15,413.91
2021-10-05,363.93,135.37,182.98,412.24
2021-10-06,368.89,134.79,185.43,419.88
2021-10-07,369.55,134.79,184.91,420.85
2021-10-08,377.67,134.86,184.81,424.12
2021-10-11,372.4,133.8,183.02,420.17
2021-10-12,373.25,133.86,183.46,420.22
2021-10-13,367.99,134.76,186.84,416.99
2021-10-14,367.77,134.79,187.01,417.08
2021-10-15,368.06,134.78,186.9,417.33
2021-10-18,367.34,134.83,186.96,416.29
2021-10-19,367.23,134.83,186.91,416.14
2021-10-20,367.17,134.83,186.97,416.05
2021-10-21,368.34,134.83,187.59,417.37
2021-10-22,369.5,134.49,184.25,420.23
2021-10-25,370.16,134.5,184.2,420.7
2021-10-26,371.48,134.86,184.95,423.61
2021-10-27,367.03,134.48,181.95,418.03
2021-10-28,360.67,134.53,180.52,406.96
2021-10-29,360.61,134.53,180.4,407.0
2021-11-01,360.69,134.54,180.3,407.22
2021-11-02,350.94,132.84,181.07,416.24
2021-11-03,353.28,132.37,182.75,415.29
2021-11-04,353.05,132.49,183.22,414.95
2021-11-05,352.75,132.31,183.84,414.09
2021-11-08,350.31,132.43,181.41,413.52
2021-11-09,344.48,133.79,190.21,410.79
2021-11-10,344.01,133.5,194.62,404.11
2021-11-11,346.96,133.45,192.73,405.25
2021-11-12,342.25,134.72,195.57,408.94
2021-11-15,343.33,134.41,196.94,411.32
2021-11-16,336.43,134.25,200.23,405.24
2021-11-17,344.21,133.79,203.6,415.1
2021-11-18,343.93,133.4,203.47,414.21
2021-11-19,343.15,133.38,203.53,411.67
2021-11-22,345.37,133.29,205.28,413.91
2021-11-23,345.26,133.25,204.86,414.33
2021-11-24,342.85,133.08,204.56,410.8
2021-11-25,344.11,133.46,204.61,411.52
2021-11-26,344.83,133.72,204.06,411.95
2021-11-29,349.46,133.95,205.57,417.86
2021-11-30,351.0,134.48,203.47,417.98
2021-12-01,351.21,134.45,203.39,417.61
2021-12-02,351.63,134.2,202.76,416.28
2021-12-03,355.02,134.31,206.06,418.37
2021-12-06,358.14,134.4,206.18,419.9
2021-12-07,358.12,134.25,205.91,418.95
2021-12-08,358.31,134.32,205.96,418.31
2021-12-09,363.22,134.36,207.46,427.82
2021-12-10,363.89,134.48,206.26,429.55
2021-12-13,363.61,134.91,206.77,428.26
2021-12-14,357.95,135.02,206.02,427.99
2021-12-15,359.33,134.81,206.15,428.23
2021-12-16,360.29,134.54,205.94,430.41
2021-12-17,357.85,133.4,201.95,423.54
2021-12-20,356.13,133.43,202.11,423.87
2021-12-21,359.64,132.95,205.31,434.45
2021-12-22,348.25,133.73,202.29,421.13
2021-12-23,345.85,135.25,204.55,431.71
2021-12-24,344.61,135.37,205.04,429.49
2021-12-27,354.49,134.75,208.08,440.66
2021-12-28,355.3,134.64,208.82,445.04
2021-12-29,355.22,134.64,208.88,445.16
2021-12-30,355.23,134.78,209.17,444.95
2021-12-31,355.33,134.79,209.3,444.98
2022-01-03,360.68,134.48,207.98,454.3
2022-01-04,358.85,135.19,210.05,455.44
2022-01-05,356.27,135.06,211.58,453.45
2022-01-06,364.94,135.31,212.19,458.93
2022-01-07,362.0,136.87,213.89,448.43
2022-01-10,357.35,137.35,212.62,443.41
2022-01-11,361.74,137.6,214.29,451.74
2022-01-12,365.32,137.21,214.45,449.54
2022-01-13,366.65,137.44,218.53,450.24
2022-01-14,366.0,137.67,219.45,448.89
2022-01-17,365.71,137.56,218.93,449.5
2022-01-18,368.61,138.36,225.71,449.06
2022-01-19,367.71,138.24,225.15,448.68
2022-01-20,367.91,138.25,225.24,449.04
2022-01-21,368.64,138.5,223.49,449.88
2022-01-24,369.27,138.47,223.66,450.57
2022-01-25,368.23,138.42,222.3,443.82
2022-01-26,368.55,138.3,222.7,444.0
2022-01-27,369.19,138.27,222.86,444.69
2022-01-28,369.09,138.53,223.34,446.86
2022-01-31,369.4,137.84,220.83,448.48
2022-02-01,369.53,137.86,220.81,448.16
2022-02-02,377.31,137.28,212.48,448.53
2022-02-03,374.39,137.9,213.7,446.17
2022-02-04,374.48,137.92,213.73,446.25
2022-02-07,372.54,137.4,211.83,448.83
2022-02-08,371.87,137.24,211.95,448.03
2022-02-09,369.7,136.6,205.81,442.37
2022-02-10,357.95,136.71,199.25,421.08
2022-02-11,362.63,136.15,201.05,424.75
2022-02-14,362.74,136.18,201.08,424.51
2022-02-15,368.4,134.21,203.61,425.63
2022-02-16,369.13,134.22,204.39,428.76
2022-02-17,369.42,134.21,205.11,426.69
2022-02-18,371.25,134.13,205.65,429.8
2022-02-21,372.67,133.72,204.2,428.37
2022-02-22,372.83,133.71,204.37,428.44
2022-02-23,371.79,133.78,207.24,425.71
2022-02-24,371.91,133.17,207.01,426.91
2022-02-25,370.37,132.3,201.74,426.67
2022-02-28,370.27,132.33,201.9,426.71
2022-03-01,373.63,131.96,200.87,429.88
2022-03-02,362.75,130.87,195.9,418.65
2022-03-03,360.11,131.02,196.19,416.65
2022-03-04,367.11,130.4,195.13,422.68
2022-03-07,371.04,130.27,193.7,421.35
2022-03-08,372.12,130.51,192.86,421.15
2022-03-09,367.49,131.24,193.02,418.06
2022-03-10,367.51,131.23,193.14,418.17
2022-03-11,367.92,131.3,193.01,418.65
2022-03-14,367.09,131.44,191.89,417.42
2022-03-15,367.39,131.44,192.01,417.51
2022-03-16,362.58,131.49,191.42,414.03
2022-03-17,358.8,130.99,189.16,407.91
2022-03-18,359.08,130.68,187.5,408.0
2022-03-21,358.81,130.69,188.42,405.17
2022-03-22,359.78,130.6,189.44,405.52
2022-03-23,371.86,129.49,192.6,408.67
2022-03-24,373.38,129.52,192.65,408.49
2022-03-25,377.04,129.11,194.85,408.8
2022-03-28,380.27,129.54,200.61,412.0
2022-03-29,381.0,129.48,200.7,412.35
2022-03-30,389.19,129.2,205.8,417.02
2022-03-31,388.09,129.5,205.63,416.71
2022-04-01,388.26,129.47,205.45,415.31
2022-04-04,394.99,128.98,206.55,413.73
2022-04-05,395.87,129.25,206.5,416.18
2022-04-06,396.53,128.95,209.04,419.62
2022-04-07,396.75,129.03,209.28,420.73
2022-04-08,396.29,128.76,210.3,420.03
2022-04-11,397.95,128.75,210.11,421.15
2022-04-12,398.5,128.74,209.96,421.23
2022-04-13,400.1,128.82,210.23,422.58
2022-04-14,399.56,128.92,211.17,423.34
2022-04-15,399.62,128.92,211.12,423.39
2022-04-18,399.9,129.03,210.69,425.53
2022-04-19,401.71,129.37,209.12,438.31
2022-04-20,401.67,129.23,208.63,436.82
2022-04-21,404.06,129.08,210.35,437.23
2022-04-22,404.17,129.27,208.87,439.12
2022-04-25,410.98,128.7,207.83,442.62
2022-04-26,410.59,128.48,208.76,441.66
2022-04-27,403.94,128.59,209.27,434.73
2022-04-28,406.14,128.77,210.08,438.15
2022-04-29,402.98,128.82,209.3,434.9
2022-05-02,404.67,128.84,209.54,436.25
2022-05-03,405.98,128.39,209.76,441.38
2022-05-04,405.01,128.45,209.66,440.39
2022-05-05,404.97,128.47,209.79,440.2
2022-05-06,405.05,128.51,209.81,440.19
2022-05-09,403.0,128.54,210.25,438.64
2022-05-10,397.74,128.28,207.23,436.21
2022-05-11,398.78,128.21,207.19,436.6
2022-05-12,392.84,127.68,210.02,425.66
2022-05-13,391.56,127.96,208.99,423.55
2022-05-16,392.39,127.65,206.23,424.95
2022-05-17,390.28,127.66,206.66,422.41
2022-05-18,394.46,128.56,203.31,420.35
2022-05-19,396.65,128.74,198.6,426.2
2022-05-20,395.77,128.69,198.41,424.05
2022-05-23,398.17,128.3,198.18,426.58
2022-05-24,396.79,128.44,198.95,428.57
2022-05-25,397.21,128.36,199.1,428.82
2022-05-26,401.65,128.19,197.92,433.17
2022-05-27,401.91,128.22,198.0,433.21
2022-05-30,402.83,128.37,197.31,430.04
2022-05-31,403.58,128.41,197.23,431.03
2022-06-01,402.33,128.68,198.56,432.47
2022-06-02,403.39,128.67,198.83,433.26
2022-06-03,401.05,128.39,198.65,432.8
2022-06-06,395.69,128.85,200.34,429.35
2022-06-07,399.24,128.45,200.57,429.35
2022-06-08,406.28,128.23,201.41,438.49
2022-06-09,409.43,128.23,201.08,440.73
2022-06-10,408.86,128.17,201.21,438.06
2022-06-13,410.48,128.35,200.71,437.61
2022-06-14,414.7,128.71,200.56,441.85
2022-06-15,415.97,128.7,200.08,442.14
2022-06-16,416.12,128.71,200.11,442.31
2022-06-17,416.82,128.69,199.06,442.51
2022-06-20,428.58,127.96,199.48,450.05
2022-06-21,429.59,128.23,201.68,452.04
2022-06-22,428.94,128.28,201.59,451.35
2022-06-23,432.48,128.95,204.54,450.66
2022-06-24,437.65,129.4,203.07,455.99
2022-06-27,435.12,129.28,204.0,453.02
2022-06-28,432.39,130.34,202.18,450.14
2022-06-29,431.74,131.07,203.32,447.16
2022-06-30,431.7,131.99,203.99,446.02
2022-07-01,432.02,132.15,205.69,446.34
2022-07-04,431.95,132.14,205.74,445.96
2022-07-05,441.07,132.63,205.26,451.98
2022-07-06,440.96,131.42,206.47,444.95
2022-07-07,445.71,131.06,207.05,444.83
2022-07-08,450.41,131.11,206.44,448.68
2022-07-11,450.65,131.12,206.5,448.87
2022-07-12,453.78,130.93,207.79,452.96
2022-07-13,453.74,130.93,208.62,448.83
2022-07-14,470.87,130.72,204.49,462.06
2022-07-15,464.59,131.07,205.73,458.51
2022-07-18,467.46,131.11,203.31,460.3
2022-07-19,467.33,130.75,201.95,462.31
2022-07-20,467.6,130.87,201.85,461.04
2022-07-21,464.65,131.13,204.69,464.97
2022-07-22,465.68,131.06,204.84,466.97
2022-07-25,465.77,131.06,204.8,467.2
2022-07-26,438.06,131.09,206.78,439.55
2022-07-27,438.3,131.11,206.83,439.8
2022-07-28,446.4,130.31,206.13,447.5
2022-07-29,447.42,130.49,207.06,449.92
2022-08-01,438.41,131.27,207.67,441.31
2022-08-02,443.89,130.4,204.7,437.97
2022-08-03,444.47,130.4,204.56,437.61
2022-08-04,446.86,130.42,204.44,438.92
2022-08-05,446.59,130.58,205.82,440.22
2022-08-08,446.64,130.63,206.12,440.44
2022-08-09,446.97,130.65,206.05,440.77
2022-08-10,446.78,131.42,206.0,436.54
2022-08-11,436.97,131.63,204.57,426.29
2022-08-12,436.97,131.59,204.94,426.91
2022-08-15,430.62,131.78,204.2,421.38
2022-08-16,431.82,131.62,203.66,422.27
2022-08-17,424.09,131.97,202.41,416.18
2022-08-18,424.38,131.45,203.8,424.9
2022-08-19,424.0,131.43,203.93,424.6
2022-08-22,419.42,131.72,206.19,422.19
2022-08-23,421.89,131.54,208.29,424.7
2022-08-24,410.43,131.97,205.45,414.76
2022-08-25,410.8,132.04,205.1,415.19
2022-08-26,405.28,132.39,204.08,411.28
2022-08-29,404.58,132.69,202.32,411.71
2022-08-30,406.15,133.4,200.38,409.98
2022-08-31,407.2,133.46,200.78,411.47
2022-09-01,415.16,133.82,198.51,407.86
2022-09-02,414.17,133.12,195.79,399.45
2022-09-05,414.9,133.5,195.93,396.0
2022-09-06,415.0,133.53,195.4,394.4
2022-09-07,413.02,133.38,194.79,391.46
2022-09-08,411.56,133.8,195.16,390.04
2022-09-09,415.06,133.83,196.47,393.65
2022-09-12,404.9,134.29,197.31,381.13
2022-09-13,404.45,134.17,196.71,380.32
2022-09-14,407.83,133.75,196.19,381.63
2022-09-15,404.29,133.66,197.83,378.2
2022-09-16,405.07,133.36,200.29,372.47
2022-09-19,405.46,133.43,200.49,371.82
2022-09-20,407.46,133.66,201.25,373.95
2022-09-21,410.92,133.57,203.33,379.21
2022-09-22,413.39,133.51,202.83,374.48
2022-09-23,406.16,133.87,203.68,371.16
2022-09-26,405.71,133.96,201.12,368.05
2022-09-27,405.85,134.05,200.69,367.86
2022-09-28,405.14,133.98,199.36,366.98
2022-09-29,401.85,133.98,198.24,362.6
2022-09-30,400.85,134.08,197.82,360.58
2022-10-03,401.02,133.98,197.76,360.26
2022-10-04,394.16,134.36,197.05,355.93
2022-10-05,395.22,134.21,195.35,354.21
2022-10-06,392.31,133.74,195.3,351.3
2022-10-07,389.66,134.28,196.69,350.74
2022-10-10,399.27,134.68,199.77,359.4
2022-10-11,399.48,134.71,199.94,359.51
2022-10-12,405.98,135.61,199.4,357.7
2022-10-13,412.32,134.66,198.2,359.24
2022-10-14,410.76,134.49,198.7,356.8
2022-10-17,410.13,134.14,199.3,355.96
2022-10-18,435.4,132.2,193.4,378.88
2022-10-19,436.04,132.01,192.51,378.42
2022-10-20,437.41,132.11,192.56,380.74
2022-10-21,432.35,131.35,194.62,378.63
2022-10-24,423.04,131.61,193.25,365.74
2022-10-25,419.64,131.34,193.96,363.91
2022-10-26,417.83,131.35,194.9,363.09
2022-10-27,427.43,131.27,194.93,387.31
2022-10-28,427.58,131.27,194.93,387.55
2022-10-31,427.21,131.52,193.97,390.37
2022-11-01,428.63,131.28,193.65,390.61
2022-11-02,425.98,131.72,193.74,389.78
2022-11-03,426.52,131.7,194.07,389.99
2022-11-04,424.87,131.88,193.91,388.33
2022-11-07,427.0,131.69,192.57,388.13
2022-11-08,426.26,131.74,192.79,387.63
2022-11-09,420.56,132.15,193.54,391.17
2022-11-10,420.94,132.12,194.52,386.33
2022-11-11,421.22,132.08,194.49,386.6
2022-11-14,421.31,132.09,194.51,386.67
2022-11-15,422.3,131.81,195.41,387.77
2022-11-16,421.73,132.08,196.15,386.03
2022-11-17,412.09,131.16,197.16,395.85
2022-11-18,404.08,132.36,199.15,393.97
2022-11-21,404.38,132.4,198.31,394.53
2022-11-22,402.44,132.46,199.5,392.56
2022-11-23,398.1,131.11,199.74,391.62
2022-11-24,398.2,131.11,199.8,391.63
2022-11-25,389.93,132.08,199.93,393.35
2022-11-28,389.7,132.5,198.41,393.0
2022-11-29,394.52,132.92,197.01,396.55
2022-11-30,393.38,132.82,196.35,394.79
2022-12-01,391.37,132.95,196.54,392.75
2022-12-02,384.99,133.35,198.73,393.39
2022-12-05,378.0,134.61,198.68,393.93
2022-12-06,377.48,134.72,199.59,394.13
2022-12-07,375.96,135.23,199.64,392.82
2022-12-08,373.74,135.42,198.7,386.94
2022-12-09,370.73,135.81,196.4,390.28
2022-12-12,376.44,135.59,197.43,400.61
2022-12-13,375.55,135.81,196.14,398.78
2022-12-14,358.28,133.88,199.7,378.46
2022-12-15,358.48,133.88,199.74,378.76
2022-12-16,356.65,133.82,199.78,377.47
2022-12-19,353.64,134.72,195.17,377.59
2022-12-20,360.49,134.77,198.76,394.56
2022-12-21,361.69,134.81,199.36,395.54
2022-12-22,361.44,134.74,199.94,397.1
2022-12-23,361.78,134.75,200.04,397.27
2022-12-26,360.73,135.12,201.58,399.74
2022-12-27,357.55,135.91,199.93,398.66
2022-12-28,359.13,136.19,200.7,399.69
2022-12-29,360.85,136.36,202.05,399.92
2022-12-30,360.52,136.3,202.05,399.75
2023-01-02,362.44,135.83,200.3,403.78
2023-01-03,363.58,136.83,203.01,404.18
2023-01-04,363.99,137.04,203.55,402.78
2023-01-05,391.88,138.52,207.76,396.49
2023-01-06,400.57,137.85,211.31,408.34
2023-01-09,397.84,138.04,213.18,404.3
2023-01-10,407.01,137.63,215.11,413.89
2023-01-11,408.17,137.63,214.89,412.64
2023-01-12,409.21,137.83,216.13,411.82
2023-01-13,405.67,138.12,217.08,409.36
2023-01-16,408.91,137.36,216.29,414.65
2023-01-17,423.51,135.84,211.93,429.7
2023-01-18,423.06,135.92,212.25,429.97
2023-01-19,423.75,136.0,212.01,430.49
2023-01-20,417.95,135.34,214.73,429.13
2023-01-23,417.27,135.56,214.23,423.08
2023-01-24,416.92,135.58,214.31,423.38
2023-01-25,417.47,135.52,214.97,423.98
2023-01-26,417.61,135.54,215.05,424.13
2023-01-27,417.58,135.6,215.11,424.06
2023-01-30,418.01,135.57,215.06,424.72
2023-01-31,413.3,135.79,214.41,423.15
2023-02-01,416.82,136.36,212.37,416.68
2023-02-02,415.83,136.41,216.17,415.21
2023-02-03,416.12,136.43,216.0,415.37
2023-02-06,414.16,136.49,216.89,410.36
2023-02-07,412.32,136.5,216.7,406.09
2023-02-08,411.18,136.73,213.92,401.38
2023-02-09,422.15,136.52,214.74,408.13
2023-02-10,420.55,136.64,214.31,409.36
2023-02-13,420.59,136.67,214.35,409.38
2023-02-14,419.23,136.66,215.85,410.87
2023-02-15,418.98,138.11,210.52,419.24
2023-02-16,415.68,138.01,211.22,419.25
2023-02-17,393.95,138.89,205.35,396.05
2023-02-20,391.38,139.19,204.61,395.94
2023-02-21,389.22,138.77,204.4,394.85
2023-02-22,389.18,138.67,204.26,395.68
2023-02-23,383.71,139.13,203.12,393.48
2023-02-24,383.82,139.16,203.61,394.24
2023-02-27,383.29,139.0,203.58,393.9
2023-02-28,381.56,139.49,201.76,392.87
2023-03-01,381.07,139.46,201.17,392.21
2023-03-02,378.57,139.52,203.09,389.83
2023-03-03,368.04,139.63,203.4,380.71
2023-03-06,384.94,141.06,203.25,383.58
2023-03-07,380.04,141.7,200.72,381.42
2023-03-08,380.52,141.84,200.08,381.44
2023-03-09,382.69,141.36,197.28,383.2
2023-03-10,378.31,142.18,199.91,381.02
2023-03-13,364.81,144.18,194.36,371.03
2023-03-14,364.09,144.13,193.05,392.56
2023-03-15,362.8,144.61,195.3,392.14
2023-03-16,367.34,143.99,194.3,397.08
2023-03-17,370.93,145.34,199.75,401.84
2023-03-20,377.4,144.73,197.7,403.17
2023-03-21,379.2,144.73,197.41,405.14
2023-03-22,379.24,144.76,197.44,405.31
2023-03-23,379.34,144.78,197.46,405.39
2023-03-24,379.45,144.79,197.42,405.37
2023-03-27,379.4,142.55,199.26,415.97
2023-03-28,379.6,142.83,201.54,416.31
2023-03-29,379.75,142.86,202.21,414.44
2023-03-30,381.9,142.71,203.49,419.06
2023-03-31,381.15,143.56,204.38,419.74
2023-04-03,380.52,143.25,199.39,424.46
2023-04-04,380.67,142.87,201.26,424.39
2023-04-05,380.74,142.98,201.55,428.9
2023-04-06,380.85,143.15,201.62,429.9
2023-04-07,386.32,142.89,203.0,433.08
2023-04-10,384.72,143.37,204.12,432.95
2023-04-11,381.62,143.46,203.41,430.16
2023-04-12,381.82,143.46,203.44,430.18
2023-04-13,383.2,143.71,204.78,433.68
2023-04-14,382.61,143.46,202.44,434.32
2023-04-17,381.78,143.41,203.32,433.08
2023-04-18,381.87,143.16,199.63,434.89
2023-04-19,397.89,144.07,196.07,440.61
2023-04-20,396.83,144.39,197.65,441.56
2023-04-21,394.58,144.09,196.74,434.07
2023-04-24,394.67,144.11,196.71,433.73
2023-04-25,392.05,144.03,195.46,432.32
2023-04-26,392.86,144.08,195.24,428.95
2023-04-27,392.46,144.09,195.87,428.65
2023-04-28,395.06,144.61,195.77,428.89
2023-05-01,394.33,143.87,194.54,427.83
2023-05-02,394.61,143.85,194.45,427.97
2023-05-03,396.2,143.79,193.33,427.27
2023-05-04,396.29,143.78,193.38,427.45
2023-05-05,391.96,144.32,193.67,424.32
2023-05-08,391.79,144.31,193.32,425.59
2023-05-09,392.16,144.35,193.25,426.1
2023-05-10,393.42,144.63,193.18,428.83
2023-05-11,391.18,145.02,193.5,426.77
2023-05-12,395.13,145.47,193.95,429.91
2023-05-15,402.15,145.33,194.34,434.19
2023-05-16,402.91,145.67,195.89,433.66
2023-05-17,401.42,145.47,196.26,431.0
2023-05-18,401.64,145.52,196.35,430.48
2023-05-19,402.65,145.57,196.08,433.75
2023-05-22,409.66,144.95,194.57,446.66
2023-05-23,410.0,144.93,194.55,446.82
2023-05-24,410.64,144.95,194.63,449.34
2023-05-25,410.55,144.97,194.6,449.18
2023-05-26,409.04,145.21,193.89,446.89
2023-05-29,408.38,145.36,194.19,444.97
2023-05-30,406.21,145.49,193.4,444.04
2023-05-31,410.64,146.75,194.5,450.64
2023-06-01,408.69,146.53,195.41,448.35
2023-06-02,407.91,146.15,194.86,447.82
2023-06-05,408.18,146.17,194.91,445.4
2023-06-06,408.78,146.14,195.43,446.73
2023-06-07,411.3,146.09,195.5,451.06
2023-06-08,410.32,145.65,196.72,455.01
2023-06-09,410.52,145.65,196.73,455.19
2023-06-12,410.91,145.98,195.6,448.64
2023-06-13,400.04,148.17,198.72,446.84
2023-06-14,401.54,148.64,198.45,448.84
2023-06-15,402.06,148.85,199.07,451.66
2023-06-16,403.24,148.75,199.12,451.48
2023-06-19,403.47,149.38,204.54,473.91
2023-06-20,401.18,149.03,204.42,468.52
2023-06-21,401.38,149.06,204.51,468.94
2023-06-22,393.91,150.27,203.77,464.91
2023-06-23,393.74,150.3,203.85,464.28
2023-06-26,396.63,149.67,207.25,464.71
2023-06-27,396.72,149.78,207.54,465.07
2023-06-28,402.06,149.87,207.3,470.77
2023-06-29,402.99,150.0,207.01,472.47
2023-06-30,407.95,149.9,209.0,484.75
2023-07-03,409.56,149.88,208.7,487.0
2023-07-04,407.68,149.88,207.98,484.39
2023-07-05,407.74,149.91,208.01,484.51
2023-07-06,404.85,149.58,207.16,485.23
2023-07-07,400.83,148.99,208.44,478.19
2023-07-10,400.84,149.03,208.52,478.1
2023-07-11,400.97,148.02,206.5,474.85
2023-07-12,397.82,148.63,207.77,472.74
2023-07-13,398.85,148.61,208.47,473.19
2023-07-14,396.44,148.45,209.18,474.67
2023-07-17,395.62,148.53,209.33,474.82
2023-07-18,400.44,147.86,208.86,477.59
2023-07-19,400.56,147.92,208.96,477.43
2023-07-20,394.91,148.2,206.28,473.18
2023-07-21,407.67,148.06,204.29,484.35
2023-07-24,410.32,148.02,203.29,485.67
2023-07-25,410.88,147.86,203.59,485.91
2023-07-26,411.45,147.84,203.26,487.76
2023-07-27,412.69,147.46,205.34,492.64
2023-07-28,412.31,147.44,205.26,492.82
2023-07-31,409.64,147.31,206.22,483.82
2023-08-01,407.91,147.76,206.04,476.08
2023-08-02,407.93,147.76,206.07,476.13
2023-08-03,408.08,147.51,205.55,479.92
2023-08-04,407.57,147.19,204.61,476.39
2023-08-07,407.32,145.13,202.79,485.3
2023-08-08,407.28,145.12,203.28,485.21
2023-08-09,409.53,144.7,203.33,487.17
2023-08-10,418.28,144.56,200.72,499.57
2023-08-11,417.46,145.01,203.98,499.58
2023-08-14,417.78,145.03,203.99,499.37
2023-08-15,421.59,145.41,203.06,500.81
2023-08-16,421.39,145.38,202.59,502.71
2023-08-17,422.6,145.28,203.08,501.66
2023-08-18,416.54,145.69,202.88,494.25
2023-08-21,419.25,145.8,202.72,494.37
2023-08-22,415.02,147.64,204.91,484.56
2023-08-23,414.8,147.67,204.9,484.2
2023-08-24,415.2,148.12,205.38,487.06
2023-08-25,414.87,147.97,205.32,487.02
2023-08-28,413.42,148.25,204.3,486.96
2023-08-29,425.55,148.42,196.65,497.68
2023-08-30,425.93,148.41,196.71,497.74
2023-08-31,425.23,148.14,196.54,496.75
2023-09-01,423.24,148.23,196.24,493.93
2023-09-04,422.04,147.11,202.3,499.64
2023-09-05,413.37,146.77,203.37,490.96
2023-09-06,413.48,146.78,203.4,491.04
2023-09-07,412.87,146.76,202.73,488.94
2023-09-08,412.5,146.74,202.46,488.79
2023-09-11,415.09,146.84,203.25,493.5
2023-09-12,428.14,146.03,190.73,504.96
2023-09-13,439.17,145.41,190.58,514.98
2023-09-14,437.58,145.8,190.9,512.13
2023-09-15,437.84,145.79,191.85,511.62
2023-09-18,434.07,145.47,189.66,509.17
2023-09-19,431.12,146.27,195.89,523.72
2023-09-20,435.54,146.36,196.72,528.91
2023-09-21,435.95,146.41,196.82,529.48
2023-09-22,435.28,146.5,197.09,530.0
2023-09-25,433.09,145.86,192.39,526.56
2023-09-26,433.96,146.04,192.86,527.58
2023-09-27,433.63,146.01,192.16,526.96
2023-09-28,434.03,146.29,192.08,527.63
2023-09-29,435.06,146.4,193.57,530.06
2023-10-02,430.85,146.43,193.91,521.19
2023-10-03,431.24,146.44,194.03,519.78
2023-10-04,430.39,146.77,194.45,517.33
2023-10-05,428.84,146.71,194.46,514.52
2023-10-06,432.7,145.0,193.99,513.42
2023-10-09,439.29,145.16,192.34,521.93
2023-10-10,444.29,145.19,191.36,527.68
2023-10-11,443.37,145.16,190.83,527.92
2023-10-12,453.66,144.87,196.0,536.65
2023-10-13,453.07,144.95,195.99,537.06
2023-10-16,452.3,144.86,197.16,534.93
2023-10-17,453.18,144.86,197.01,536.61
2023-10-18,455.53,144.3,197.52,544.05
2023-10-19,456.26,144.29,197.4,543.83
2023-10-20,452.2,143.71,197.33,538.76
2023-10-23,459.77,145.24,199.35,550.96
2023-10-24,481.82,145.09,200.13,552.36
2023-10-25,476.42,145.0,201.34,555.2
2023-10-26,477.08,144.82,200.86,555.22
2023-10-27,477.5,144.84,200.85,555.44
2023-10-30,464.79,146.22,204.99,540.44
2023-10-31,464.88,146.23,205.05,540.57
2023-11-01,465.11,146.21,205.01,540.7
2023-11-02,462.99,146.37,207.44,544.12
2023-11-03,464.86,146.45,208.11,547.76
2023-11-06,459.32,146.3,207.54,544.42
2023-11-07,460.01,146.13,207.97,543.46
2023-11-08,461.98,146.03,207.8,544.75
2023-11-09,462.16,145.96,207.35,542.13
2023-11-10,461.73,145.79,207.0,539.57
2023-11-13,462.57,145.87,207.76,535.92
2023-11-14,456.38,146.33,215.6,545.89
2023-11-15,455.29,146.77,214.89,512.24
2023-11-16,457.33,146.52,214.62,511.81
2023-11-17,459.96,145.55,214.52,510.21
2023-11-20,463.68,145.43,215.04,513.59
2023-11-21,462.7,145.52,215.32,513.85
2023-11-22,464.12,145.67,215.57,514.88
2023-11-23,461.61,146.01,214.82,513.43
2023-11-24,462.07,145.79,214.82,514.55
2023-11-27,460.17,146.1,214.65,515.4
2023-11-28,459.9,146.04,213.7,512.44
2023-11-29,457.0,145.32,210.56,507.94
2023-11-30,453.91,145.18,211.0,505.37
2023-12-01,435.14,144.19,212.8,488.93
2023-12-04,436.64,144.52,212.45,490.68
2023-12-05,433.92,144.86,210.53,484.55
2023-12-06,433.15,143.86,210.06,486.11
2023-12-07,432.97,144.08,209.7,488.08
2023-12-08,433.06,144.1,209.72,488.15
2023-12-11,431.99,144.09,209.97,489.69
2023-12-12,427.97,144.01,209.86,485.98
2023-12-13,423.04,143.66,210.6,479.47
2023-12-14,423.28,145.35,208.07,478.01
2023-12-15,421.46,145.52,208.91,491.69
2023-12-18,410.47,145.6,213.0,475.51
2023-12-19,411.87,145.61,212.04,476.42
2023-12-20,414.67,145.7,212.37,479.49
2023-12-21,405.4,145.57,210.9,479.52
2023-12-22,412.0,142.96,208.94,474.9
2023-12-25,410.22,142.51,208.56,470.51
2023-12-26,408.43,141.77,208.33,465.99
2023-12-27,407.57,141.74,207.3,462.97
2023-12-28,407.35,141.85,207.32,462.75
2023-12-29,406.91,141.9,207.1,462.7
