Date,趨勢,均值回歸,套利
2010-01-04,-0.00357,-0.002974,-0.000774
2010-01-05,0.008197,-0.01062,-0.000438
2010-01-06,0.002726,-0.005643,6.9e-05
2010-01-07,-0.001507,9e-06,0.001516
2010-01-08,0.003562,-8e-05,-0.000574
2010-01-11,-0.000827,0.000773,-0.000216
2010-01-12,0.001727,-7.2e-05,0.000389
2010-01-13,-0.00037,-0.003122,0.000306
2010-01-14,0.009128,0.000813,0.002176
2010-01-15,0.001741,-0.001589,0.000387
2010-01-18,-0.013311,0.014276,0.001498
2010-01-19,-0.029479,0.003265,0.000866
2010-01-20,0.006149,0.005695,0.004866
2010-01-21,0.003259,0.009913,0.001074
2010-01-22,0.003865,0.006871,0.003437
2010-01-25,0.000146,0.000561,-0.000572
2010-01-26,-0.00354,-0.001762,-0.000664
2010-01-27,0.004244,-0.00423,-0.003185
2010-01-28,-0.007258,0.010027,0.010347
2010-01-29,0.005718,0.012511,0.00433
2010-02-01,0.00021,0.000855,-0.00459
2010-02-02,0.000871,-8.3e-05,-2e-05
2010-02-03,-0.000567,0.000209,-0.004049
2010-02-04,-0.000213,-0.000337,-0.000368
2010-02-05,0.007243,-0.011845,-0.001558
2010-02-08,-0.003822,0.007211,-0.004825
2010-02-09,0.002627,0.001269,0.010965
2010-02-10,0.012165,0.042087,-0.00056
2010-02-11,-0.00398,0.000485,-0.002659
2010-02-12,0.000231,0.000183,0.000162
2010-02-15,-0.011139,0.002861,-0.002074
2010-02-16,0.002526,-0.002205,-0.015665
2010-02-17,0.002578,0.002405,-0.005886
2010-02-18,-0.001612,0.002923,0.005567
2010-02-19,-0.000816,-0.003672,0.002087
2010-02-22,0.000457,0.00361,-0.001325
2010-02-23,-0.000479,0.000648,-1.8e-05
2010-02-24,-0.002348,-0.000196,0.007356
2010-02-25,0.000371,0.000658,-0.000807
2010-02-26,8.8e-05,0.000649,0.000624
2010-03-01,-0.003642,0.012727,-0.004186
2010-03-02,-0.009725,-0.010146,-0.012921
2010-03-03,0.003407,-0.001755,-0.001657
2010-03-04,0.000494,0.000145,0.000378
2010-03-05,0.001283,-0.000782,-0.000448
2010-03-08,0.002656,0.000472,-0.000721
2010-03-09,0.002452,0.005369,-0.000634
2010-03-10,-0.000403,0.000502,0.000135
2010-03-11,-0.001617,0.003224,0.000288
2010-03-12,-0.003791,0.003537,-0.008813
2010-03-15,-0.000928,0.002593,-0.000715
2010-03-16,0.002864,-0.001599,0.003819
2010-03-17,0.006874,-1.3e-05,-0.005713
2010-03-18,-0.000346,-0.001256,-0.001097
2010-03-19,0.003475,-0.004123,0.002404
2010-03-22,-0.000372,-0.000366,-0.000176
2010-03-23,0.001169,-1.4e-05,0.000199
2010-03-24,-0.000631,0.00035,0.000923
2010-03-25,0.00588,-0.004146,-0.002149
2010-03-26,0.00561,-0.008526,0.003665
2010-03-29,-0.000225,0.000586,-0.000522
2010-03-30,-0.00442,0.001629,-0.00155
2010-03-31,0.001305,0.000221,-0.00084
2010-04-01,-0.001091,0.000674,0.006128
2010-04-02,-0.001226,0.020663,0.009735
2010-04-05,0.006454,-0.007322,-0.001339
2010-04-06,-0.005995,0.006784,0.01922
2010-04-07,-0.001874,0.002039,0.000861
2010-04-08,0.001793,0.000322,-0.00111
2010-04-09,-0.007924,0.00854,0.001048
2010-04-12,-0.000142,0.001212,0.00031
2010-04-13,0.00136,0.000446,-0.000725
2010-04-14,0.001474,0.00031,-5.4e-05
2010-04-15,-0.000169,0.000377,0.003327
2010-04-16,0.0015,0.000582,-0.000719
2010-04-19,0.000814,0.00057,0.00073
2010-04-20,0.006213,-5.8e-05,0.00262
2010-04-21,0.00019,0.003216,-0.002859
2010-04-22,-0.002535,0.00357,-0.008126
2010-04-23,-0.000817,0.003094,-0.000815
2010-04-26,-0.000633,0.001618,0.002463
2010-04-27,0.010338,-0.015796,-0.008886
2010-04-28,0.007754,-0.005203,-0.002022
2010-04-29,0.000159,0.000343,0.000193
2010-04-30,-0.000732,0.004024,0.005887
2010-05-03,0.002952,0.001705,0.001714
2010-05-04,-0.000121,0.001001,-0.000405
2010-05-05,0.00099,0.036829,0.002328
2010-05-06,0.001356,0.003257,0.001925
2010-05-07,-2e-05,-0.00102,-0.002416
2010-05-10,0.001574,0.00044,-0.002217
2010-05-11,-0.006313,0.004954,-0.000371
2010-05-12,9.4e-05,0.000404,-8.2e-05
2010-05-13,-0.005553,-0.001352,-0.004239
2010-05-14,0.000765,-0.000256,-0.001281
2010-05-17,-0.003451,0.002265,-0.00418
2010-05-18,0.001558,2.8e-05,-0.000149
2010-05-19,-0.006362,0.000876,0.002217
2010-05-20,-2e-06,0.000378,-0.001078
2010-05-21,-0.001332,-0.00103,-0.001094
2010-05-24,0.002304,0.00016,-0.000408
2010-05-25,0.0016,-0.000429,-0.000233
2010-05-26,-0.005227,0.002161,0.000682
2010-05-27,-0.003268,0.000989,0.003197
2010-05-28,0.000987,0.000526,0.000271
2010-05-31,0.005019,0.008809,0.005104
2010-06-01,0.009493,-0.012142,-0.003936
2010-06-02,0.001525,0.000835,0.000384
2010-06-03,0.009048,0.012286,-0.001121
2010-06-04,0.000242,0.000199,0.000172
2010-06-07,-0.009235,0.002957,0.001964
2010-06-08,0.000735,-0.000242,5.7e-05
2010-06-09,-0.000433,-0.000129,-0.001858
2010-06-10,0.000214,0.001385,0.001408
2010-06-11,0.002495,-0.000221,0.000719
2010-06-14,-0.00096,0.001157,-0.000974
2010-06-15,0.00204,-0.005137,-0.001962
2010-06-16,0.013882,-0.014038,-0.000376
2010-06-17,-0.005308,0.002666,0.003816
2010-06-18,0.006146,-0.004314,-0.002797
2010-06-21,-0.005904,-0.001413,-0.005805
2010-06-22,-2.4e-05,-0.00062,0.001628
2010-06-23,-0.000813,0.002887,0.002034
2010-06-24,-0.005417,-0.003459,-0.008908
2010-06-25,0.001872,-0.003938,-0.006407
2010-06-28,0.00697,-0.008368,0.003169
2010-06-29,0.004486,-0.005868,-0.000979
2010-06-30,-0.002297,0.000795,0.000958
2010-07-01,0.004394,-0.00079,0.000359
2010-07-02,-0.00614,0.00167,-0.003521
2010-07-05,-0.003086,-0.000642,-0.001315
2010-07-06,0.00327,0.002913,-0.004787
2010-07-07,-8.7e-05,0.000533,-0.001194
2010-07-08,6.3e-05,0.001162,0.000305
2010-07-09,0.000996,-0.008732,-0.012604
2010-07-12,-0.010254,-0.006063,-0.001998
2010-07-13,-0.001647,0.006148,-0.002853
2010-07-14,-0.004232,0.015544,0.003484
2010-07-15,0.004315,-0.007876,0.000714
2010-07-16,0.000244,0.000185,0.000155
2010-07-19,0.000999,-3.8e-05,-0.000528
2010-07-20,-0.00083,0.000421,-0.000397
2010-07-21,-0.002166,0.002404,0.00122
2010-07-22,-0.003847,-0.003609,-0.00449
2010-07-23,-0.017353,0.00693,-0.00217
2010-07-26,0.001654,-0.001873,-0.000386
2010-07-27,0.007462,0.002491,0.000987
2010-07-28,0.000493,-0.001944,0.0007
2010-07-29,-0.00474,0.001468,-0.002096
2010-07-30,-0.000643,-0.00154,0.001418
2010-08-02,-0.006352,0.004798,0.001011
2010-08-03,0.010433,0.005727,0.003286
2010-08-04,-0.000549,-0.001113,-0.000603
2010-08-05,-0.001947,-0.000609,-0.000665
2010-08-06,-0.004858,0.00105,-0.001507
2010-08-09,-0.001665,0.001465,-0.001024
2010-08-10,0.000493,-0.000591,0.000664
2010-08-11,0.012094,0.000584,-0.008963
2010-08-12,-0.00269,-0.002166,-0.000889
2010-08-13,-0.000972,-0.000189,-0.001884
2010-08-16,-0.00045,-0.011071,0.005844
2010-08-17,-0.001058,-0.001657,-0.001094
2010-08-18,-0.002127,-0.000565,-0.000922
2010-08-19,0.007361,0.002972,0.00386
2010-08-20,-0.007759,0.001765,-0.000136
2010-08-23,0.0015,0.000227,-0.00348
2010-08-24,-0.000146,0.003149,-0.005103
2010-08-25,-0.015195,0.021285,-0.000961
2010-08-26,0.002309,-0.002038,-0.001766
2010-08-27,-0.002088,-0.000336,-0.000133
2010-08-30,0.016156,-0.007053,0.015781
2010-08-31,0.013908,0.000913,0.002643
2010-09-01,-0.00038,0.000179,0.000346
2010-09-02,0.004863,-0.008154,-1.2e-05
2010-09-03,0.008782,-0.024383,0.007647
2010-09-06,0.002954,-0.003384,0.003987
2010-09-07,0.00639,0.003304,0.000462
2010-09-08,0.000563,0.000201,0.000454
2010-09-09,0.000634,0.014349,0.01379
2010-09-10,-0.03214,-0.004112,0.000494
2010-09-13,-0.000195,-0.000833,-0.002105
2010-09-14,-0.002898,0.000489,0.002517
2010-09-15,8e-06,0.001545,0.000873
2010-09-16,-0.001818,0.003955,0.000418
2010-09-17,0.002817,0.001336,0.002965
2010-09-20,-0.008145,-0.000182,-0.001036
2010-09-21,0.000315,0.000202,-0.000344
2010-09-22,-0.002867,-0.001235,0.00035
2010-09-23,0.000949,-0.000124,1e-05
2010-09-24,-0.000652,0.000841,-0.000513
2010-09-27,-0.003408,-0.004532,-0.00118
2010-09-28,-0.002503,0.004056,-0.004932
2010-09-29,0.01982,0.001481,0.004502
2010-09-30,-0.001304,-0.000681,-0.001433
2010-10-01,-0.00432,0.004878,-0.001694
2010-10-04,-0.004818,0.040741,-0.027868
2010-10-05,0.013962,0.003107,-0.016638
2010-10-06,0.002511,0.001845,-0.002199
2010-10-07,0.023362,-0.002003,-0.000941
2010-10-08,-0.009321,0.00597,-0.008838
2010-10-11,0.00038,-0.000299,0.000454
2010-10-12,-0.002008,-0.001523,0.00302
2010-10-13,0.000288,0.000296,4.6e-05
2010-10-14,0.00177,-0.036009,-0.04349
2010-10-15,0.000851,0.001742,0.001178
2010-10-18,-0.001579,0.000914,0.001132
2010-10-19,-0.000202,7e-06,0.000475
2010-10-20,9e-06,0.00048,4.8e-05
2010-10-21,0.002412,-0.001594,-0.000866
2010-10-22,-0.01182,-0.000106,-0.003375
2010-10-25,0.000712,-0.004739,-0.010117
2010-10-26,0.001557,-0.002633,-0.003869
2010-10-27,0.003526,-0.000687,0.003722
2010-10-28,-0.000229,-0.000342,0.000399
2010-10-29,0.000149,-0.0,-0.000137
2010-11-01,0.00124,0.000698,8.4e-05
2010-11-02,0.003003,-0.012423,-0.003577
2010-11-03,0.005049,0.003365,0.00089
2010-11-04,0.00182,0.001477,-0.00104
2010-11-05,0.004548,-0.003005,-0.015045
2010-11-08,0.001761,0.002659,0.001915
2010-11-09,0.009797,0.008268,0.006711
2010-11-10,-0.009803,0.002163,0.002988
2010-11-11,0.003837,0.007904,0.006631
2010-11-12,0.001089,0.000943,0.001361
2010-11-15,-0.001466,0.002024,0.004983
2010-11-16,0.002335,-0.001312,-0.001846
2010-11-17,-0.00233,0.004077,0.008237
2010-11-18,-0.000246,-0.000392,-0.000744
2010-11-19,0.001362,7.4e-05,-0.003427
2010-11-22,0.000368,-4.6e-05,0.000136
2010-11-23,-0.001666,0.001169,0.000986
2010-11-24,0.00639,0.005263,-0.001601
2010-11-25,0.00555,0.002354,-0.000642
2010-11-26,0.013171,0.000326,0.00204
2010-11-29,0.000241,0.004263,-0.001285
2010-11-30,0.005812,-0.006222,-0.003978
2010-12-01,-0.01678,-0.003413,-0.003951
2010-12-02,0.000729,0.000177,-0.000338
2010-12-03,-0.001521,2.4e-05,0.001718
2010-12-06,-0.003212,-0.00157,-0.002172
2010-12-07,-0.001877,0.004042,-0.000518
2010-12-08,0.007001,0.001684,0.008648
2010-12-09,-0.006365,-0.002369,-0.002684
2010-12-10,0.000254,0.000474,1.8e-05
2010-12-13,-0.002449,0.002318,-0.005186
2010-12-14,0.000204,0.001325,0.000587
2010-12-15,0.002772,0.001282,-0.00089
2010-12-16,-0.004183,-0.000883,0.001605
2010-12-17,0.000854,0.002404,0.000781
2010-12-20,0.007835,-0.009545,0.004705
2010-12-21,2.9e-05,0.001877,0.000208
2010-12-22,0.002464,0.011072,0.006786
2010-12-23,0.000352,0.001915,8.3e-05
2010-12-24,0.002736,0.011031,-0.001599
2010-12-27,-0.008219,-0.00195,0.006999
2010-12-28,0.01174,0.005099,0.010583
2010-12-29,-0.000762,0.002838,-0.000959
2010-12-30,0.012926,0.026456,0.010218
2010-12-31,0.021989,-0.001336,-0.008734
2011-01-03,-1.5e-05,-0.001942,-0.001339
2011-01-04,-0.004109,0.011277,-0.00277
2011-01-05,0.001883,-0.001575,-0.000387
2011-01-06,-0.010599,0.015019,0.00286
2011-01-07,-0.00347,-0.007691,0.002673
2011-01-10,0.009651,0.007723,-0.003657
2011-01-11,-0.006361,0.004993,-0.00202
2011-01-12,0.001611,0.003044,0.000216
2011-01-13,-0.003867,0.000645,-0.000293
2011-01-14,0.001586,-0.002433,0.001777
2011-01-17,0.00742,-0.001878,-0.001035
2011-01-18,7.8e-05,0.000326,9.5e-05
2011-01-19,0.022994,-0.003577,-0.006923
2011-01-20,0.001469,-0.001102,0.0033
2011-01-21,0.005161,-0.002042,0.006213
2011-01-24,0.003117,-0.001029,0.006844
2011-01-25,-0.004109,0.000592,0.001424
2011-01-26,0.006671,-0.007439,0.004008
2011-01-27,-0.000894,0.017247,0.010165
2011-01-28,0.004058,-0.00069,0.000858
2011-01-31,0.0059,-0.009069,-0.003422
2011-02-01,-0.005481,-0.00215,0.002662
2011-02-02,0.000114,0.000476,0.000261
2011-02-03,0.016795,-0.005553,0.004983
2011-02-04,-0.001325,-0.000333,-0.000849
2011-02-07,-0.002824,-0.001463,0.004534
2011-02-08,-0.009272,-0.0001,0.011215
2011-02-09,0.000366,0.000388,0.000952
2011-02-10,-0.009369,0.001759,-0.007375
2011-02-11,-0.007629,0.001135,0.004009
2011-02-14,7.8e-05,0.000534,0.000142
2011-02-15,0.001402,-0.000549,0.000106
2011-02-16,0.000232,0.000268,0.000225
2011-02-17,-0.000845,0.002032,0.000595
2011-02-18,-0.000191,0.000905,-2.9e-05
2011-02-21,-0.003497,-0.000426,8e-06
2011-02-22,0.000403,-0.004289,-0.001358
2011-02-23,0.001445,0.000407,-4.2e-05
2011-02-24,-0.012002,0.004471,-0.000475
2011-02-25,0.005303,-0.002608,-0.001872
2011-02-28,0.001591,-0.000656,-0.000727
2011-03-01,-0.02216,0.001383,-0.036813
2011-03-02,0.000521,0.000689,0.000431
2011-03-03,-0.004711,0.006215,0.010675
2011-03-04,0.001073,0.0011,0.000657
2011-03-07,-0.000109,0.00147,0.000668
2011-03-08,0.003077,-0.003926,-0.000846
2011-03-09,0.000862,-0.000917,-0.002102
2011-03-10,-0.000281,-0.006685,-0.003706
2011-03-11,-0.005041,0.002828,-0.001971
2011-03-14,0.001226,7.1e-05,-0.000681
2011-03-15,0.008427,0.004121,-0.003088
2011-03-16,-0.003297,-0.004859,0.003287
2011-03-17,0.00334,-0.002389,-0.000394
2011-03-18,0.007677,-0.004819,0.002774
2011-03-21,0.000138,0.000134,0.000186
2011-03-22,4.3e-05,0.000531,-0.000249
2011-03-23,0.007452,-0.004076,-0.003628
2011-03-24,-0.003468,-0.00094,-0.00116
2011-03-25,-0.003762,0.003201,0.002218
2011-03-28,0.001589,0.000625,0.001532
2011-03-29,0.002385,-0.001979,-0.00377
2011-03-30,0.002926,0.007002,0.002168
2011-03-31,0.006639,0.004951,0.008489
2011-04-01,0.016024,-0.000527,0.010452
2011-04-04,-0.00172,-3.1e-05,-1.9e-05
2011-04-05,-0.023711,0.027578,0.0001
2011-04-06,0.001255,-0.001419,-8.6e-05
2011-04-07,-0.002603,-0.00011,-0.001021
2011-04-08,0.000991,-8e-06,0.001668
2011-04-11,-0.002946,0.000474,-0.001218
2011-04-12,0.002061,0.001477,-4.9e-05
2011-04-13,0.008293,-0.002645,-0.00024
2011-04-14,-0.000783,-0.000368,0.001059
2011-04-15,0.000749,0.00065,-0.006401
2011-04-18,0.010098,-0.01724,-0.017213
2011-04-19,0.002361,-0.003669,-0.007836
2011-04-20,0.000228,0.000918,-5e-05
2011-04-21,0.006777,0.002403,0.00264
2011-04-22,0.00106,1.5e-05,-0.001397
2011-04-25,-0.021511,0.01054,-0.000413
2011-04-26,4.1e-05,0.000584,-3.6e-05
2011-04-27,-0.003247,-0.006274,0.000184
2011-04-28,-0.001025,0.002181,-0.000313
2011-04-29,-0.002634,0.001522,0.000606
2011-05-02,-0.004188,-0.001302,-0.006159
2011-05-03,0.001415,0.000535,0.000188
2011-05-04,0.002142,7.4e-05,-0.000874
2011-05-05,0.000115,0.000102,0.000185
2011-05-06,0.005775,-0.004865,-0.00429
2011-05-09,0.009944,0.002588,-0.000142
2011-05-10,8.2e-05,0.000269,-0.00179
2011-05-11,0.004554,-0.015239,-0.003736
2011-05-12,-8.5e-05,0.002017,0.002156
2011-05-13,0.003331,-0.002536,0.001893
2011-05-16,-0.016424,0.001805,0.002015
2011-05-17,0.000322,0.000165,0.000284
2011-05-18,0.001893,0.003686,-0.005418
2011-05-19,5.9e-05,6e-05,-0.000389
2011-05-20,0.000265,-0.002036,-0.000681
2011-05-23,0.008787,0.010529,0.00156
2011-05-24,-0.001524,-0.022022,-0.021472
2011-05-25,-0.00262,0.003171,0.000389
2011-05-26,-0.002759,0.00363,-0.00166
2011-05-27,0.000825,0.000417,-0.002824
2011-05-30,0.002167,0.000658,-0.000872
2011-05-31,-0.002154,0.00398,0.000161
2011-06-01,8.3e-05,-0.000109,-0.000134
2011-06-02,-0.013895,0.009701,0.010681
2011-06-03,0.004999,-0.00175,0.001822
2011-06-06,-0.016586,0.002833,-0.004715
2011-06-07,-0.021304,0.01782,-0.007537
2011-06-08,-0.002153,-0.00032,0.002111
2011-06-09,0.004116,-0.007275,0.002621
2011-06-10,-0.000831,0.002185,-0.002231
2011-06-13,-0.004167,0.000886,0.001034
2011-06-14,0.000386,0.000235,-2e-05
2011-06-15,-5e-05,-0.000277,-7.2e-05
2011-06-16,-0.007592,-0.001324,0.004484
2011-06-17,0.001162,0.001655,0.001533
2011-06-20,0.005683,0.006872,0.011631
2011-06-21,-0.002661,-0.000746,-0.002959
2011-06-22,-0.004895,-0.005604,0.00929
2011-06-23,0.005451,-0.002944,0.002056
2011-06-24,0.017571,-0.001451,0.017743
2011-06-27,0.001269,-0.00037,-0.000242
2011-06-28,0.010447,0.009438,0.00233
2011-06-29,-0.000563,0.002262,0.001711
2011-06-30,-0.00183,-0.002681,-0.002527
2011-07-01,0.000132,0.000197,0.000119
2011-07-04,0.000944,-0.000521,-0.000518
2011-07-05,0.000258,-0.000152,0.000249
2011-07-06,0.008683,-0.002381,-0.00088
2011-07-07,-0.00996,-0.00458,-0.012577
2011-07-08,4.2e-05,0.006603,0.00316
2011-07-11,0.001602,-0.005118,-0.001699
2011-07-12,0.003769,0.000911,-0.000223
2011-07-13,-0.00017,0.000229,0.000931
2011-07-14,-0.00366,0.001411,-0.002376
2011-07-15,0.047295,-0.012034,0.026516
2011-07-18,0.006063,0.003543,0.004236
2011-07-19,0.001742,0.000258,0.000869
2011-07-20,0.001742,0.000608,0.001584
2011-07-21,0.013139,0.005697,0.000664
2011-07-22,-0.003468,0.004523,-0.005658
2011-07-25,4.5e-05,-0.001349,0.001308
2011-07-26,0.003558,-0.001848,-0.000614
2011-07-27,-0.002969,-0.000807,0.001919
2011-07-28,-0.002307,0.00692,-0.000746
2011-07-29,-0.001497,-0.001355,0.002628
2011-08-01,-0.001314,0.00185,0.000864
2011-08-02,0.003271,0.000918,0.00216
2011-08-03,-0.000523,0.001078,0.002362
2011-08-04,0.005292,0.001167,0.003738
2011-08-05,-0.001609,0.002753,0.000385
2011-08-08,-6.1e-05,0.000653,6.8e-05
2011-08-09,0.007898,0.000118,0.003448
2011-08-10,0.002558,-0.006074,0.003251
2011-08-11,0.000217,-0.003857,0.004957
2011-08-12,-0.00573,-0.005709,0.000605
2011-08-15,-0.007068,0.007776,-0.005339
2011-08-16,0.001461,-0.001087,0.000298
2011-08-17,0.000256,-0.00183,-0.002519
2011-08-18,-0.00024,0.000395,0.000129
2011-08-19,0.000168,5.9e-05,0.000497
2011-08-22,0.005908,-0.004501,0.002951
2011-08-23,-0.005701,0.000586,0.007717
2011-08-24,0.015661,0.00377,0.010068
2011-08-25,0.009681,0.004057,0.007158
2011-08-26,-0.004297,-0.000117,-0.002812
2011-08-29,-0.000646,0.002265,0.009609
2011-08-30,-0.001007,0.000755,-0.002226
2011-08-31,0.000234,0.000195,0.000159
2011-09-01,-0.001422,0.001164,-0.000329
2011-09-02,5.3e-05,0.000179,0.000149
2011-09-05,8.8e-05,-0.004629,-0.006186
2011-09-06,0.000928,0.001738,0.010199
2011-09-07,-0.000739,-4.6e-05,9.9e-05
2011-09-08,0.000776,-0.001467,-0.00022
2011-09-09,0.001962,0.000542,-0.002174
2011-09-12,-0.001622,0.00043,-0.00121
2011-09-13,0.002882,-0.001073,0.00054
2011-09-14,-0.003473,0.001667,0.002252
2011-09-15,-0.013129,0.004928,0.012445
2011-09-16,0.003586,0.000611,0.000231
2011-09-19,0.019655,-0.004896,0.009144
2011-09-20,-0.008798,0.00021,0.005618
2011-09-21,-0.000507,0.002549,0.002146
2011-09-22,0.001405,-0.001552,-0.011067
2011-09-23,-0.010234,0.005855,0.007064
2011-09-26,0.004662,-0.000832,0.000855
2011-09-27,-0.003109,0.00374,0.006374
2011-09-28,-0.007128,0.004042,0.013609
2011-09-29,-0.005862,-0.011197,0.007067
2011-09-30,-0.00195,0.003429,-4.8e-05
2011-10-03,-0.001093,0.000843,-0.001298
2011-10-04,0.001675,-0.012365,0.009975
2011-10-05,0.007482,-0.00452,-0.000835
2011-10-06,-0.007551,-0.002027,-0.002418
2011-10-07,0.003939,0.002546,-0.000885
2011-10-10,-0.002022,0.001904,-0.000381
2011-10-11,0.000337,0.000316,0.000272
2011-10-12,-0.006121,0.000976,-0.005973
2011-10-13,-0.013127,0.025122,-0.01229
2011-10-14,0.000727,0.000251,0.000296
2011-10-17,0.008236,0.003923,0.00276
2011-10-18,-0.010416,0.007417,0.003108
2011-10-19,-0.001267,-0.003125,-0.005162
2011-10-20,0.000154,0.000401,0.000178
2011-10-21,-0.005745,-0.016807,-0.013737
2011-10-24,0.000527,-7.2e-05,-1e-05
2011-10-25,0.000636,8e-06,0.00028
2011-10-26,0.000262,-2.7e-05,0.000231
2011-10-27,-0.001547,0.002682,-0.000636
2011-10-28,0.00247,-0.001968,-0.000427
2011-10-31,-0.00229,-0.001421,0.002123
2011-11-01,-0.00087,-0.000311,-0.003941
2011-11-02,0.004263,0.000454,-0.001458
2011-11-03,0.000233,0.000219,0.000168
2011-11-04,0.037888,-0.002181,0.004521
2011-11-07,0.003874,0.005547,0.0039
2011-11-08,-0.001291,0.000389,-0.000788
2011-11-09,0.001459,0.000805,0.001386
2011-11-10,0.000215,0.00023,0.000141
2011-11-11,0.000132,0.00091,-0.004031
2011-11-14,-0.000879,-0.001951,-0.000362
2011-11-15,-0.002485,-0.00093,0.001592
2011-11-16,0.001653,0.000308,0.00091
2011-11-17,0.006125,0.000438,-0.007861
2011-11-18,-0.003326,-0.00082,-0.00104
2011-11-21,-0.000422,-0.000852,-0.001534
2011-11-22,0.022959,0.009018,0.004171
2011-11-23,0.002466,-0.000389,-0.000572
2011-11-24,0.014702,0.001492,0.011455
2011-11-25,0.000304,0.000261,0.000213
2011-11-28,-0.001371,-0.005223,0.000285
2011-11-29,0.004238,0.002762,-0.000942
2011-11-30,0.002098,-0.002308,-0.001885
2011-12-01,0.016326,-0.000176,-0.000165
2011-12-02,-0.000326,0.002748,0.002806
2011-12-05,-0.001798,-0.002359,0.001538
2011-12-06,-0.004133,0.001011,-0.001671
2011-12-07,0.00029,-0.000643,0.001172
2011-12-08,-0.002097,-0.001007,-0.001247
2011-12-09,-0.003849,-0.000549,-0.002979
2011-12-12,-0.000277,1.2e-05,-0.000105
2011-12-13,-0.002305,-0.001071,-0.000951
2011-12-14,0.000336,0.000417,3e-05
2011-12-15,0.0003,0.004203,1.7e-05
2011-12-16,0.002034,0.001548,0.000306
2011-12-19,0.000412,0.002097,0.000322
2011-12-20,-0.004268,0.000414,-0.001999
2011-12-21,-0.00252,0.001454,0.005318
2011-12-22,0.00309,-0.004965,0.006014
2011-12-23,0.001038,-0.00135,-0.001249
2011-12-26,-0.000559,0.002131,0.000515
2011-12-27,0.000205,0.004768,-0.006252
2011-12-28,-0.007264,-0.00273,0.002667
2011-12-29,-0.004966,0.005628,0.005713
2011-12-30,-0.000328,0.00049,0.000499
2012-01-02,-3e-06,0.000496,2.7e-05
2012-01-03,-0.000744,-0.004177,-0.001793
2012-01-04,0.013733,-0.000511,-0.003911
2012-01-05,0.003773,0.002432,-0.007234
2012-01-06,-0.011161,-0.011952,-0.010408
2012-01-09,0.000581,-0.000709,-0.001576
2012-01-10,0.000468,0.000267,0.000229
2012-01-11,-0.000161,0.000277,0.000466
2012-01-12,-0.0025,0.000894,-0.002006
2012-01-13,0.000425,-0.003292,-0.005119
2012-01-16,0.001928,0.001199,0.000471
2012-01-17,0.001858,-7.1e-05,0.003071
2012-01-18,-0.000776,0.001497,0.000475
2012-01-19,-0.002014,0.001469,0.001773
2012-01-20,0.001568,0.000223,0.000368
2012-01-23,0.006219,0.008051,0.005334
2012-01-24,-0.001511,0.00046,-0.004818
2012-01-25,-0.001029,0.003651,-0.007968
2012-01-26,0.003775,-0.001469,-0.000927
2012-01-27,-0.009462,-0.005654,-0.007508
2012-01-30,0.000914,-0.000329,0.000619
2012-01-31,0.002358,-0.005281,0.000475
2012-02-01,-0.005296,0.003955,0.006567
2012-02-02,-0.003699,0.003545,0.008502
2012-02-03,0.000626,-0.000176,-0.000495
2012-02-06,-0.001281,-0.000891,-0.00215
2012-02-07,0.002265,0.000157,-0.000372
2012-02-08,0.000649,8.6e-05,0.000178
2012-02-09,-0.00174,0.002457,0.001253
2012-02-10,-0.000393,-0.004904,0.002623
2012-02-13,-0.003415,-0.004431,-0.004817
2012-02-14,0.009577,0.002947,-0.001289
2012-02-15,0.008463,-0.004979,0.007533
2012-02-16,-0.002186,0.000461,-0.001241
2012-02-17,0.013815,-0.007075,0.001855
2012-02-20,-0.000242,2.9e-05,-0.000151
2012-02-21,0.008792,0.000884,0.000298
2012-02-22,-0.018667,0.00992,0.00594
2012-02-23,-0.010715,0.003812,-0.002765
2012-02-24,0.00348,0.003245,0.003657
2012-02-27,-0.001919,0.0,0.000429
2012-02-28,-0.002851,-0.002199,-0.002856
2012-02-29,0.000183,0.000119,0.000202
2012-03-01,0.010602,-0.00225,0.000815
2012-03-02,0.003884,-0.005181,-0.000753
2012-03-05,0.010622,0.013505,-0.000642
2012-03-06,0.000645,2.9e-05,-0.000183
2012-03-07,0.013847,0.001808,0.001811
2012-03-08,-0.005473,-0.002077,-0.003098
2012-03-09,-0.00259,-0.00154,0.000412
2012-03-12,0.003086,0.005281,0.001429
2012-03-13,0.004413,-0.002724,0.001155
2012-03-14,0.002251,-0.000724,0.000422
2012-03-15,-0.004999,-0.001767,-0.000254
2012-03-16,0.00135,-0.000427,0.001659
2012-03-19,0.000396,-5.1e-05,0.000514
2012-03-20,0.001106,0.00325,0.001211
2012-03-21,-0.001816,0.000473,0.002166
2012-03-22,-0.00029,0.000793,0.000127
2012-03-23,0.001882,0.003057,0.002997
2012-03-26,0.000412,-0.002742,-0.003886
2012-03-27,0.002595,-0.007346,-0.006176
2012-03-28,0.001515,0.000733,0.000372
2012-03-29,0.002451,-0.000175,-0.000613
2012-03-30,0.001328,-0.00296,0.001497
2012-04-02,-0.001772,0.004315,0.003555
2012-04-03,0.002549,0.003157,-0.005522
2012-04-04,-0.013029,-0.000895,0.015801
2012-04-05,0.000238,0.000203,0.000158
2012-04-06,-0.012897,0.012693,0.009651
2012-04-09,-5.2e-05,-0.001249,-0.00054
2012-04-10,1.9e-05,0.000178,5.8e-05
2012-04-11,6.3e-05,-0.001646,-0.000744
2012-04-12,0.000384,-0.001582,0.001088
2012-04-13,0.000226,0.000166,0.000137
2012-04-16,-0.000434,0.000368,0.000527
2012-04-17,-0.002952,0.001759,0.001274
2012-04-18,0.003093,0.002677,-0.000209
2012-04-19,0.00239,0.005412,0.006338
2012-04-20,-0.002193,0.000174,-0.001549
2012-04-23,-0.000839,-0.001,0.002811
2012-04-24,0.001668,0.00012,0.000252
2012-04-25,0.004991,0.008381,-0.000401
2012-04-26,-0.002084,0.001545,0.001846
2012-04-27,-0.007172,0.001541,-0.005064
2012-04-30,-0.005698,-0.000861,0.000722
2012-05-01,0.00512,-0.003137,-0.002784
2012-05-02,-0.010012,-0.004462,0.005116
2012-05-03,0.000466,0.000427,0.000628
2012-05-04,-0.006621,0.001844,0.006221
2012-05-07,-0.001362,0.005991,0.001562
2012-05-08,0.002911,-0.001269,0.00145
2012-05-09,0.004256,-0.002205,0.003208
2012-05-10,0.001161,0.002014,-0.000309
2012-05-11,0.004174,0.009002,0.006364
2012-05-14,0.007732,-0.000856,-0.00556
2012-05-15,-0.000749,0.000812,-0.000815
2012-05-16,-0.001533,0.000856,0.007146
2012-05-17,-0.001072,0.002609,0.001724
2012-05-18,-0.001578,-0.003774,-0.000922
2012-05-21,0.000134,0.00041,0.000406
2012-05-22,-0.008094,0.001677,-0.001016
2012-05-23,0.000218,0.004748,0.003566
2012-05-24,0.005767,-0.002126,-0.00089
2012-05-25,0.010236,-0.005177,-0.013666
2012-05-28,0.000462,0.001188,0.004124
2012-05-29,-0.007728,-0.000738,0.002293
2012-05-30,-0.003552,-6.4e-05,-0.002086
2012-05-31,0.003164,-0.001105,-0.000973
2012-06-01,0.000971,-0.003457,-0.001619
2012-06-04,0.004529,-0.000719,-0.000611
2012-06-05,0.00084,0.000689,0.00205
2012-06-06,-0.008668,0.00732,0.004082
2012-06-07,-0.005079,0.013435,0.00682
2012-06-08,-0.007559,-0.001654,0.002327
2012-06-11,0.001832,9.4e-05,0.000804
2012-06-12,-0.004734,0.002807,-0.002784
2012-06-13,0.001947,0.000599,0.002151
2012-06-14,0.011265,-0.010522,-0.004002
2012-06-15,0.01283,-0.005754,-0.008706
2012-06-18,-0.001823,0.001527,0.00261
2012-06-19,-0.002245,-0.000809,-0.001592
2012-06-20,0.001374,0.000849,-0.001965
2012-06-21,-0.002092,0.002494,-0.003632
2012-06-22,-0.008455,-0.000499,-0.007622
2012-06-25,-0.005992,-0.004828,-6.6e-05
2012-06-26,0.012708,0.005587,0.005065
2012-06-27,0.001704,-0.000429,4.4e-05
2012-06-28,4.5e-05,0.000525,0.00022
2012-06-29,-0.002691,0.001301,0.000529
2012-07-02,-0.000646,0.000843,-0.001833
2012-07-03,-0.005922,0.000473,0.004599
2012-07-04,-0.02917,0.007184,0.004113
2012-07-05,0.007195,-0.008686,0.00827
2012-07-06,0.000598,0.000892,0.000892
2012-07-09,0.001422,0.000981,-0.000305
2012-07-10,-0.005451,0.005452,0.000362
2012-07-11,0.001046,-0.003912,-0.002313
2012-07-12,-0.002123,0.000946,-4.1e-05
2012-07-13,0.001725,-0.002255,-4.3e-05
2012-07-16,-0.00107,0.001557,-0.000597
2012-07-17,0.001084,-0.000997,-1.5e-05
2012-07-18,0.015672,0.007994,0.010521
2012-07-19,-0.009004,-0.024893,-0.003672
2012-07-20,0.003154,0.002043,0.001214
2012-07-23,0.001617,-0.000774,0.000553
2012-07-24,-0.003414,0.000271,-0.001238
2012-07-25,-0.000304,0.001543,0.000609
2012-07-26,-0.000315,0.000539,-0.000465
2012-07-27,0.023391,0.002826,0.02967
2012-07-30,0.001711,-0.001022,0.001464
2012-07-31,-0.004386,-0.000953,-0.002551
2012-08-01,-0.004226,-0.004755,-0.003224
2012-08-02,-0.001638,0.002184,0.000736
2012-08-03,-0.001116,-0.000953,-0.001899
2012-08-06,0.001955,-0.000707,0.000356
2012-08-07,-0.003515,0.000773,-0.001456
2012-08-08,-0.008262,-0.005401,-0.002436
2012-08-09,0.000586,-0.001227,-0.00103
2012-08-10,0.004649,-0.003747,-0.003203
2012-08-13,0.001224,0.000555,4.5e-05
2012-08-14,0.004058,0.005004,0.005931
2012-08-15,-0.000873,-0.001384,0.003111
2012-08-16,-0.00295,-0.001583,0.001025
2012-08-17,-0.000304,0.01001,0.00607
2012-08-20,0.000269,0.00067,-0.00153
2012-08-21,0.002049,-0.004386,0.001134
2012-08-22,0.006362,-0.005243,-0.00165
2012-08-23,0.001822,-0.00661,-0.002861
2012-08-24,0.002368,0.00088,-0.003024
2012-08-27,0.008383,0.004141,-0.005439
2012-08-28,-0.002057,0.000591,-0.004877
2012-08-29,-0.000822,-0.004405,0.001999
2012-08-30,0.001286,-0.001594,0.001161
2012-08-31,0.001252,0.002383,-0.000205
2012-09-03,0.002309,0.000513,0.009582
2012-09-04,0.001957,-0.002093,3.2e-05
2012-09-05,-0.002224,0.006412,-0.004024
2012-09-06,-0.00606,0.003015,0.000348
2012-09-07,-0.003015,-0.004722,-0.000219
2012-09-10,0.000102,0.000187,0.000132
2012-09-11,0.001338,0.005967,-0.00388
2012-09-12,0.000459,0.000162,0.002178
2012-09-13,-0.017599,3.5e-05,-0.007968
2012-09-14,-0.003249,0.006256,8e-06
2012-09-17,0.005006,0.001619,0.002386
2012-09-18,-0.005089,-0.009047,-0.001098
2012-09-19,-0.002538,0.000755,-0.000448
2012-09-20,0.012831,0.01046,0.001534
2012-09-21,0.000489,2.9e-05,-0.00068
2012-09-24,0.001574,-0.000232,-0.000442
2012-09-25,-0.000698,0.005356,-0.002035
2012-09-26,0.00612,-0.001061,-0.001206
2012-09-27,0.001343,0.000398,0.000706
2012-09-28,0.003122,0.010352,0.004726
2012-10-01,-0.010809,-0.010457,0.000347
2012-10-02,0.002108,0.00924,0.0003
2012-10-03,-0.005412,0.004341,0.005804
2012-10-04,-0.011574,0.01397,0.007624
2012-10-05,-0.002693,-0.008238,-0.001509
2012-10-08,0.000383,0.000124,-3.2e-05
2012-10-09,0.000827,-0.001888,0.000214
2012-10-10,0.001745,0.009531,-0.004946
2012-10-11,0.004536,0.004195,-3e-06
2012-10-12,-0.001344,0.000287,-0.00025
2012-10-15,0.021472,0.002744,0.009467
2012-10-16,-0.00182,0.001492,0.000492
2012-10-17,-0.001166,-0.000439,-0.006491
2012-10-18,-0.003867,-0.004683,0.00397
2012-10-19,0.000257,0.003673,0.00048
2012-10-22,0.004507,-0.002307,0.000387
2012-10-23,-0.000169,0.006913,-0.001344
2012-10-24,-0.008768,0.000481,0.00452
2012-10-25,-9.1e-05,0.003099,0.003126
2012-10-26,-0.009917,0.016661,-0.011277
2012-10-29,-0.0002,0.000405,0.000288
2012-10-30,0.026496,-0.006486,-0.014917
2012-10-31,0.005584,-0.003044,-0.008501
2012-11-01,0.036862,-0.018857,0.024429
2012-11-02,-0.00574,0.003478,0.003088
2012-11-05,-0.002009,9.5e-05,0.000412
2012-11-06,0.001006,-0.002375,0.000825
2012-11-07,-0.026313,0.011953,-0.018451
2012-11-08,0.012523,-0.008426,-0.000517
2012-11-09,0.003981,-0.000955,-1.9e-05
2012-11-12,-7e-06,-0.00127,0.00488
2012-11-13,-0.006524,0.002186,-0.004115
2012-11-14,0.003197,0.000525,0.00088
2012-11-15,0.005646,0.002797,-0.002898
2012-11-16,-0.029625,-0.010052,0.004019
2012-11-19,0.000434,-0.000102,-0.001731
2012-11-20,0.006208,-0.000903,0.003329
2012-11-21,0.001964,0.002823,0.002035
2012-11-22,-0.003604,0.002702,-0.004508
2012-11-23,0.000678,0.001921,8.8e-05
2012-11-26,-0.00158,-0.005005,0.003764
2012-11-27,-0.000556,0.000354,-9.1e-05
2012-11-28,0.001987,-0.001677,0.005905
2012-11-29,0.015655,-0.004177,-0.00589
2012-11-30,-0.000294,-0.001205,-0.001954
2012-12-03,0.003588,-0.004362,0.000951
2012-12-04,-0.002859,-0.001691,-0.003829
2012-12-05,-0.00662,-0.003235,-0.00124
2012-12-06,-0.003408,-0.004748,0.000687
2012-12-07,0.002237,-0.011824,-0.000677
2012-12-10,-0.001933,-0.003421,0.000143
2012-12-11,-0.005288,0.003789,0.005313
2012-12-12,0.011668,0.000771,-0.007195
2012-12-13,0.011502,-0.00711,-0.001088
2012-12-14,-0.000512,-0.000979,5.4e-05
2012-12-17,0.005383,-0.002252,-8.6e-05
2012-12-18,0.00195,9.5e-05,-0.000244
2012-12-19,0.003977,-0.000345,0.001667
2012-12-20,-0.007968,0.005973,0.00262
2012-12-21,0.007193,-0.011039,-0.005151
2012-12-24,-0.004187,-0.007442,0.000444
2012-12-25,0.009188,-0.006243,-0.001886
2012-12-26,-0.008257,-0.000251,0.003948
2012-12-27,-0.001191,-0.000122,0.002685
2012-12-28,0.012397,-0.000468,-0.002029
2012-12-31,0.000827,0.000776,0.00035
2013-01-01,0.008373,0.005635,-0.006879
2013-01-02,0.000449,-0.000415,-0.003605
2013-01-03,0.006328,-0.002485,0.012256
2013-01-04,-0.00077,-0.000243,-0.001125
2013-01-07,0.003147,0.000181,0.006726
2013-01-08,0.004078,-0.002036,-4.2e-05
2013-01-09,0.003061,0.004487,-4.1e-05
2013-01-10,-2.7e-05,0.000401,0.000383
2013-01-11,-0.002528,-0.000771,0.000687
2013-01-14,0.006443,-0.001602,0.003191
2013-01-15,0.002028,-0.003149,-0.001867
2013-01-16,0.002726,0.004931,0.005055
2013-01-17,0.003304,0.000723,-0.001539
2013-01-18,-0.003607,0.007975,0.004572
2013-01-21,-0.002198,0.000879,-0.007947
2013-01-22,-0.00882,-0.001736,-0.002078
2013-01-23,-0.000573,0.000369,0.00113
2013-01-24,0.013966,-0.019347,0.000877
2013-01-25,0.005231,0.003142,0.002516
2013-01-28,-0.000803,-0.004634,-0.00215
2013-01-29,0.001984,0.001693,0.001147
2013-01-30,0.001921,0.001231,0.000878
2013-01-31,-0.001237,0.001246,-0.000884
2013-02-01,0.001107,0.005868,-0.001796
2013-02-04,-0.001794,0.001493,0.003732
2013-02-05,-0.001864,0.013589,0.009274
2013-02-06,-0.015023,0.013787,-0.00773
2013-02-07,0.006088,0.003588,-0.001636
2013-02-08,0.002509,-0.002377,0.001273
2013-02-11,0.000255,-0.001583,0.000548
2013-02-12,1.7e-05,0.000332,0.000134
2013-02-13,-0.00039,0.000237,0.000313
2013-02-14,-0.012015,0.008442,0.002805
2013-02-15,0.001668,3.5e-05,-0.000213
2013-02-18,0.006519,-0.000152,-0.000861
2013-02-19,-0.000118,0.000188,-0.000873
2013-02-20,-0.002745,0.015577,0.008136
2013-02-21,-0.000929,0.002188,0.000426
2013-02-22,0.003234,-0.000188,-0.006698
2013-02-25,0.019886,0.012022,0.01209
2013-02-26,-0.004578,-0.001105,-0.00023
2013-02-27,-0.002215,0.004537,0.013465
2013-02-28,0.000125,0.000874,-6.7e-05
2013-03-01,0.001283,-0.009881,0.002309
2013-03-04,-0.003006,0.00346,0.000306
2013-03-05,-0.003805,0.000805,0.000956
2013-03-06,0.017697,-0.003471,0.002356
2013-03-07,0.002177,0.001827,-0.001949
2013-03-08,-0.010827,0.007571,-0.006851
2013-03-11,-0.004195,0.001008,0.001459
2013-03-12,0.003701,0.004756,-0.00057
2013-03-13,-0.003403,-0.002828,-7.7e-05
2013-03-14,-0.048362,-0.030399,-0.015398
2013-03-15,-0.003798,-0.0011,-0.000729
2013-03-18,0.00071,0.001044,-0.000569
2013-03-19,0.00321,-0.004086,-0.001129
2013-03-20,2.9e-05,-0.003321,2.4e-05
2013-03-21,-0.00053,-0.001117,-0.000854
2013-03-22,-0.017094,-0.022712,-0.002001
2013-03-25,-0.001563,-0.010635,0.004778
2013-03-26,-1.1e-05,-0.000628,0.003726
2013-03-27,0.000602,0.000664,0.000561
2013-03-28,-0.014436,0.001441,0.001444
2013-03-29,0.005467,-0.002173,0.002715
2013-04-01,-0.000117,-0.002023,-0.000235
2013-04-02,-0.005255,-0.005086,-0.005117
2013-04-03,0.001051,-0.0013,0.000577
2013-04-04,0.000541,-0.000276,7.7e-05
2013-04-05,-0.000117,-0.000893,-0.000867
2013-04-08,-0.001945,0.000492,0.000688
2013-04-09,0.001127,-0.000242,0.000612
2013-04-10,0.00533,0.000224,0.001669
2013-04-11,-0.003907,-0.000757,0.000642
2013-04-12,-0.000836,-0.00092,0.000743
2013-04-15,-0.000856,-0.000716,0.00049
2013-04-16,0.001518,-0.000494,0.000412
2013-04-17,-0.00297,0.000946,0.002423
2013-04-18,0.003251,-0.006568,0.010966
2013-04-19,0.01618,-0.006905,0.000189
2013-04-22,0.000266,0.000779,0.003378
2013-04-23,0.002378,0.000709,0.001622
2013-04-24,0.00506,-0.004096,-0.000314
2013-04-25,0.002167,-5e-06,0.000489
2013-04-26,-0.000242,0.001086,0.000338
2013-04-29,0.023514,0.000972,-0.012929
2013-04-30,-0.002089,-0.003259,0.016478
2013-05-01,-0.003695,0.001206,0.0017
2013-05-02,0.000348,0.000777,-0.000182
2013-05-03,-0.010761,0.00766,-0.013699
2013-05-06,-0.00615,-0.001373,-0.005482
2013-05-07,-0.000379,0.003413,0.001266
2013-05-08,-0.004014,-0.007494,-0.000836
2013-05-09,-0.000437,-7.9e-05,-0.001013
2013-05-10,-0.007901,0.003659,0.003093
2013-05-13,0.000201,0.000199,0.000541
2013-05-14,-0.00206,-0.002202,0.000291
2013-05-15,0.001611,-0.00221,-0.000305
2013-05-16,0.004856,0.001782,0.002885
2013-05-17,0.013121,0.010996,0.007549
2013-05-20,-6.8e-05,0.00101,-0.001613
2013-05-21,0.000842,-0.002359,-0.002255
2013-05-22,0.000147,-0.000199,7e-06
2013-05-23,0.003152,0.003321,0.003002
2013-05-24,0.009967,-0.002127,-0.002728
2013-05-27,0.000775,-0.000657,-0.000151
2013-05-28,-0.000676,0.00025,-0.000484
2013-05-29,-0.001447,0.000591,0.009513
2013-05-30,-0.004096,0.000108,0.008551
2013-05-31,0.000127,0.000219,3e-05
2013-06-03,0.000231,0.000374,0.000294
2013-06-04,0.003619,-0.00151,-0.000598
2013-06-05,-0.001668,-0.000623,-0.000904
2013-06-06,0.000254,0.000231,0.000149
2013-06-07,-0.012245,0.005577,-0.011114
2013-06-10,-0.01286,0.009056,0.004046
2013-06-11,-0.000107,0.000161,0.000345
2013-06-12,0.002078,-0.000447,4.3e-05
2013-06-13,0.000949,0.003865,-0.00217
2013-06-14,0.000936,-0.000662,-0.000825
2013-06-17,-0.001378,-4.2e-05,-0.000586
2013-06-18,-0.00531,-0.000465,-0.005644
2013-06-19,-0.001587,-0.002038,-0.003205
2013-06-20,0.001381,-0.000308,0.006429
2013-06-21,0.003936,-0.002289,0.001807
2013-06-24,0.013781,-0.000951,-0.004233
2013-06-25,0.007116,-0.003301,0.002018
2013-06-26,0.00262,-0.004131,0.003236
2013-06-27,-0.007028,0.010028,0.006662
2013-06-28,0.004231,0.004209,0.001213
2013-07-01,-0.002507,0.001853,-0.003454
2013-07-02,-0.012284,0.003286,-0.001671
2013-07-03,0.000764,-0.000278,-0.000259
2013-07-04,-0.013068,0.00121,0.002091
2013-07-05,0.001446,0.001601,0.001791
2013-07-08,0.000999,-6.1e-05,0.000206
2013-07-09,0.010324,-0.008146,-0.016241
2013-07-10,-0.001521,0.001178,0.001065
2013-07-11,-0.001678,0.00299,-6.4e-05
2013-07-12,-0.017364,0.004563,-0.000834
2013-07-15,0.035968,0.004017,0.016519
2013-07-16,-0.003337,0.004566,-0.000644
2013-07-17,-0.007248,-0.006781,0.00241
2013-07-18,0.014757,0.014461,0.029066
2013-07-19,0.00218,-0.002662,-0.007955
2013-07-22,9.5e-05,0.001656,-0.000612
2013-07-23,-0.004272,-0.001025,-0.002981
2013-07-24,-0.000385,0.003247,0.000318
2013-07-25,0.003295,-0.000146,0.006121
2013-07-26,0.001738,-0.002587,0.000528
2013-07-29,0.001262,0.001811,-0.00085
2013-07-30,0.001774,0.002885,0.002223
2013-07-31,0.00128,-0.000233,0.000154
2013-08-01,-0.00042,-0.001161,0.000406
2013-08-02,-0.003889,0.004068,0.003616
2013-08-05,0.000273,0.000432,1e-05
2013-08-06,-0.001143,0.000761,-0.000252
2013-08-07,0.000224,0.000511,-0.000406
2013-08-08,0.009194,-0.004178,-0.000592
2013-08-09,0.00149,-0.003456,-0.00865
2013-08-12,0.003768,-0.003155,0.00212
2013-08-13,-0.007325,0.00489,-0.021852
2013-08-14,-0.002778,-0.00094,0.00103
2013-08-15,0.002574,-0.005281,0.002432
2013-08-16,-0.001147,0.000991,-0.000674
2013-08-19,-0.000134,-0.000469,0.000195
2013-08-20,-0.00222,0.001956,-0.000631
2013-08-21,0.000854,-0.000411,-0.000648
2013-08-22,0.011285,-0.001606,0.01067
2013-08-23,-0.000433,0.000473,0.001718
2013-08-26,-0.000638,0.001473,0.001581
2013-08-27,0.002436,0.008378,0.000821
2013-08-28,0.000202,0.000183,0.000124
2013-08-29,0.000822,0.000137,-0.000407
2013-08-30,-0.00143,0.001295,0.000257
2013-09-02,0.006221,-0.001988,-0.013996
2013-09-03,0.000329,0.000126,8.6e-05
2013-09-04,-0.002206,0.00104,-0.00089
2013-09-05,-0.002358,0.001008,0.000901
2013-09-06,0.002928,1.3e-05,0.002905
2013-09-09,0.001746,0.006474,-0.001355
2013-09-10,-0.008806,-0.006094,-0.009658
2013-09-11,0.00297,0.024588,0.003507
2013-09-12,-0.003904,-0.002814,-0.001959
2013-09-13,-0.004245,-0.001153,0.002671
2013-09-16,0.002752,-0.002162,-0.001166
2013-09-17,0.000957,-7.9e-05,-7.9e-05
2013-09-18,0.000979,0.000263,-0.000177
2013-09-19,-0.003506,0.000685,-0.001064
2013-09-20,-0.015656,-0.002763,-0.001977
2013-09-23,0.000487,-0.000285,0.000357
2013-09-24,-0.005178,0.003645,-0.000995
2013-09-25,-0.000258,0.000178,8e-05
2013-09-26,0.002551,-0.004308,0.002153
2013-09-27,-0.009854,-0.002644,-0.002875
2013-09-30,-0.001868,0.002376,8.6e-05
2013-10-01,0.00331,-0.002458,0.012189
2013-10-02,0.017905,-0.006738,-0.006155
2013-10-03,0.004442,-0.00046,-0.002613
2013-10-04,-3.3e-05,-0.000511,-0.000259
2013-10-07,-0.002433,0.005392,0.005047
2013-10-08,0.003494,-0.001592,-7.7e-05
2013-10-09,-0.005583,0.003121,-0.000476
2013-10-10,0.007566,0.003942,0.009124
2013-10-11,-0.011378,0.005639,0.00424
2013-10-14,0.000521,-0.00091,0.000375
2013-10-15,0.00816,-0.001513,0.004838
2013-10-16,0.001111,-0.000137,9.5e-05
2013-10-17,0.002822,-0.001391,0.000718
2013-10-18,0.000209,0.016453,0.019951
2013-10-21,0.001662,-0.007528,-0.003833
2013-10-22,0.005618,-0.034591,0.060859
2013-10-23,-0.020793,0.012159,0.003293
2013-10-24,-0.004387,0.000347,-0.000615
2013-10-25,0.001305,0.001495,0.002503
2013-10-28,-0.022862,-0.013059,-0.016843
2013-10-29,0.000184,0.000196,0.000206
2013-10-30,0.003166,0.005224,-0.003865
2013-10-31,-0.000112,0.000156,0.000371
2013-11-01,-0.001257,-0.022238,-0.016832
2013-11-04,-0.009875,-0.004608,0.005895
2013-11-05,0.004269,0.006276,-0.001183
2013-11-06,-0.002361,0.000727,0.000535
2013-11-07,0.00959,-0.006227,0.00132
2013-11-08,-0.000166,0.007553,0.000819
2013-11-11,-0.008723,0.006059,0.000493
2013-11-12,0.003257,0.003841,0.000173
2013-11-13,-0.00184,0.000638,0.006828
2013-11-14,0.004442,0.001874,0.001363
2013-11-15,0.003342,-0.004831,-0.002613
2013-11-18,-0.001362,0.009317,0.00824
2013-11-19,-0.009502,-0.006112,-0.003613
2013-11-20,-0.00437,-0.00076,0.003169
2013-11-21,0.000662,-0.000311,-0.000509
2013-11-22,-0.00202,0.003131,-0.00105
2013-11-25,0.002276,-0.003818,-0.006264
2013-11-26,0.004464,-0.002203,-0.002139
2013-11-27,0.000999,-0.000876,0.003723
2013-11-28,0.005044,0.001893,0.00061
2013-11-29,0.000227,0.000207,9.3e-05
2013-12-02,-0.002211,-0.00207,-0.005617
2013-12-03,-0.002032,-0.000747,-0.000514
2013-12-04,0.003522,0.005866,0.007461
2013-12-05,0.001114,-0.001019,0.003178
2013-12-06,0.024564,-0.011666,0.004803
2013-12-09,-0.013692,-0.007835,0.010878
2013-12-10,-0.00311,-0.003791,0.000253
2013-12-11,0.001888,-0.000547,0.001934
2013-12-12,0.004716,0.002923,-0.006678
2013-12-13,0.002028,0.002298,0.000588
2013-12-16,0.0001,0.000809,0.00014
2013-12-17,-0.02011,0.001542,0.000999
2013-12-18,-0.002199,0.0031,6.7e-05
2013-12-19,0.011368,-0.007856,-0.001948
2013-12-20,0.000366,0.000517,0.000575
2013-12-23,-0.001849,0.002734,-0.004301
2013-12-24,0.006753,-0.000561,-0.002803
2013-12-25,-0.005038,-0.002959,-0.007556
2013-12-26,0.001636,0.000954,0.005091
2013-12-27,-0.012787,-0.011528,-0.008366
2013-12-30,0.007034,-0.00489,-0.002021
2013-12-31,-0.001134,-0.001723,-0.001614
2014-01-01,-0.000377,0.004147,0.003861
2014-01-02,0.000239,0.000466,1.7e-05
2014-01-03,-0.000483,0.000513,0.000603
2014-01-06,0.002556,-0.001648,0.001216
2014-01-07,-0.006723,0.002234,7.7e-05
2014-01-08,0.00029,0.000278,0.000108
2014-01-09,-0.006408,-8.3e-05,-0.003033
2014-01-10,0.00024,0.000223,0.000198
2014-01-13,-0.009347,0.006635,-0.007794
2014-01-14,-0.006159,-0.00028,-0.002367
2014-01-15,-0.000297,0.002904,0.000505
2014-01-16,0.004078,-0.005199,0.005489
2014-01-17,-0.002537,-0.005274,-0.003157
2014-01-20,0.000274,-0.002217,-4.2e-05
2014-01-21,-0.012709,0.001227,-0.007051
2014-01-22,0.012956,-0.004045,-0.002962
2014-01-23,0.016426,0.005412,0.0025
2014-01-24,-0.000198,-0.003097,0.00615
2014-01-27,0.020895,-0.002567,-0.009923
2014-01-28,0.000291,0.000164,0.000173
2014-01-29,0.002657,-0.002356,-0.002015
2014-01-30,-0.000568,0.000351,0.000543
2014-01-31,-0.001523,0.00121,0.001347
2014-02-03,0.015688,0.004075,0.003343
2014-02-04,-0.009296,0.011554,-0.000545
2014-02-05,-0.003551,0.001739,9e-06
2014-02-06,0.00514,-0.003193,0.001945
2014-02-07,-0.002408,-0.007835,-0.001305
2014-02-10,-0.000225,0.000161,-1e-06
2014-02-11,-0.003295,-0.002237,-0.001268
2014-02-12,0.000668,-2.2e-05,0.000103
2014-02-13,-0.012433,0.004352,-0.004662
2014-02-14,0.000223,6.2e-05,-5.1e-05
2014-02-17,0.001065,-7.4e-05,4.4e-05
2014-02-18,0.000574,0.000214,-0.000218
2014-02-19,0.003747,0.001349,0.000533
2014-02-20,0.006284,-0.000223,-0.003021
2014-02-21,0.001136,-0.002627,0.001748
2014-02-24,-0.007223,0.01419,0.006994
2014-02-25,-0.01039,0.006205,0.005446
2014-02-26,0.002002,0.000499,-0.005121
2014-02-27,-0.002518,0.011079,-0.003328
2014-02-28,-8.9e-05,-0.003917,0.000712
2014-03-03,-0.003424,-0.003206,-0.00506
2014-03-04,0.000921,0.000503,0.000446
2014-03-05,0.000272,0.000179,0.000164
2014-03-06,-0.00674,0.012344,-0.000783
2014-03-07,-0.017904,0.003472,-0.004627
2014-03-10,0.010595,-0.00049,0.001013
2014-03-11,0.001068,-0.000579,-0.001573
2014-03-12,-0.009518,0.01979,0.003984
2014-03-13,0.005082,-0.008733,-0.001857
2014-03-14,0.00017,0.00016,0.000271
2014-03-17,-0.000674,0.001961,0.000719
2014-03-18,0.000592,-0.003293,0.001088
2014-03-19,0.000228,0.000225,0.000141
2014-03-20,-0.006373,0.003254,-0.009397
2014-03-21,0.001191,0.002876,0.000597
2014-03-24,-0.002127,0.003828,-0.000213
2014-03-25,-0.00315,0.002399,0.000134
2014-03-26,-0.011336,0.01024,0.002429
2014-03-27,-0.002169,-0.002349,-0.008121
2014-03-28,0.005527,-0.003377,0.004333
2014-03-31,0.004776,-0.003489,-0.003474
2014-04-01,0.000579,-0.006689,-0.004175
2014-04-02,-0.006416,0.001679,0.001003
2014-04-03,1.9e-05,0.005398,-0.000604
2014-04-04,0.000103,0.001964,0.000345
2014-04-07,0.001783,0.000854,0.003788
2014-04-08,-0.002639,0.000388,0.000878
2014-04-09,0.003322,-0.002982,-0.003132
2014-04-10,-0.00182,0.00227,1.1e-05
2014-04-11,-0.007089,0.001958,-0.004866
2014-04-14,-0.001353,0.000869,0.00014
2014-04-15,-0.000961,-0.000375,0.00056
2014-04-16,-0.002496,0.0002,-0.000823
2014-04-17,-0.019383,0.009003,0.017697
2014-04-18,-0.031211,-0.006219,-0.011283
2014-04-21,-0.037217,-0.00277,0.001382
2014-04-22,-0.07039,0.023166,0.003233
2014-04-23,0.025989,0.01349,0.015435
2014-04-24,-0.005355,-0.003083,-0.00084
2014-04-25,0.006247,-0.00482,0.002084
2014-04-28,-0.005392,0.007726,-0.000649
2014-04-29,0.014213,0.007783,-0.008132
2014-04-30,0.002397,-0.006854,-0.007414
2014-05-01,0.018604,-0.004105,-0.000945
2014-05-02,-0.006988,0.014625,0.003089
2014-05-05,0.00094,0.000351,0.000568
2014-05-06,-0.001571,-0.000292,0.003456
2014-05-07,0.012378,-0.006235,0.002183
2014-05-08,-0.003619,0.013414,0.003738
2014-05-09,-0.001099,0.002952,0.001441
2014-05-12,-0.005039,0.003958,-0.010569
2014-05-13,0.014802,0.010022,0.011688
2014-05-14,-0.002434,-0.003679,-0.002145
2014-05-15,0.014945,-0.012874,-0.016633
2014-05-16,0.0002,0.000124,0.000824
2014-05-19,-0.003527,0.005165,-0.001365
2014-05-20,0.00086,0.001037,0.004862
2014-05-21,-0.007602,-0.010448,0.006501
2014-05-22,0.011108,-0.000564,0.00613
2014-05-23,-0.000157,0.005659,-0.0051
2014-05-26,-0.000861,0.000816,-0.000197
2014-05-27,0.010515,-0.010973,-0.001468
2014-05-28,0.001008,0.002035,0.001015
2014-05-29,0.008488,0.009708,0.027176
2014-05-30,-0.001362,0.00576,-0.003244
2014-06-02,-0.000215,-0.005985,-0.002028
2014-06-03,0.000361,3.6e-05,0.000154
2014-06-04,-0.003269,0.003066,-0.000307
2014-06-05,0.000495,0.003574,-0.00376
2014-06-06,0.018159,0.000182,-0.012838
2014-06-09,0.00142,1.5e-05,0.004626
2014-06-10,0.000197,0.00097,4.4e-05
2014-06-11,-0.002962,-0.000899,-0.005694
2014-06-12,0.01185,0.002996,-0.005279
2014-06-13,0.001423,-0.003122,0.00084
2014-06-16,-0.016446,0.006377,0.000315
2014-06-17,0.002551,0.000348,0.001415
2014-06-18,-0.008241,0.0074,-0.015183
2014-06-19,-0.000194,0.000607,-0.000226
2014-06-20,-0.00299,-0.004661,-0.002151
2014-06-23,-0.000135,-0.005712,-0.003821
2014-06-24,-0.000854,-0.000518,-0.001436
2014-06-25,-0.001493,0.006898,0.001416
2014-06-26,0.003819,-0.009403,-0.011651
2014-06-27,-0.000921,0.003836,-0.005559
2014-06-30,-0.003813,0.003523,0.000231
2014-07-01,0.000751,0.002908,-7.9e-05
2014-07-02,0.000556,0.000805,0.000577
2014-07-03,-0.012015,0.028936,-0.00882
2014-07-04,1e-05,-0.002365,0.001264
2014-07-07,0.01115,0.006498,0.009672
2014-07-08,-0.005535,-0.002692,-0.006699
2014-07-09,-0.004722,0.000455,-0.01236
2014-07-10,-0.000366,-8.3e-05,4.7e-05
2014-07-11,-0.006968,-0.002039,-0.004717
2014-07-14,0.011378,0.000834,0.002133
2014-07-15,0.000772,-0.000624,-0.00037
2014-07-16,0.002426,0.004185,0.003516
2014-07-17,0.00033,3.9e-05,-0.000119
2014-07-18,0.000228,0.000241,0.000154
2014-07-21,-0.00559,0.00112,-0.002784
2014-07-22,-0.003603,0.002802,0.002188
2014-07-23,0.006115,-0.00112,0.000202
2014-07-24,0.003225,0.004378,-0.001029
2014-07-25,-0.001651,-0.005946,-0.00306
2014-07-28,0.00144,0.001625,0.000812
2014-07-29,0.004029,0.001358,0.002143
2014-07-30,-0.000818,-0.000413,-0.001318
2014-07-31,0.003943,-0.000272,-0.000132
2014-08-01,0.00906,0.000206,-0.003203
2014-08-04,0.004205,7e-05,0.000196
2014-08-05,-0.004237,0.002935,0.002977
2014-08-06,-0.007453,0.0025,0.000785
2014-08-07,0.001192,-0.001575,-0.000406
2014-08-08,0.002117,0.005024,-0.000203
2014-08-11,0.002495,-0.002523,0.002684
2014-08-12,0.00207,-0.000118,0.000173
2014-08-13,-0.001156,0.001047,-3.8e-05
2014-08-14,-0.000229,0.001218,0.000919
2014-08-15,0.001764,-0.002701,-0.000927
2014-08-18,0.002525,0.002311,0.001345
2014-08-19,0.00025,0.000391,0.0009
2014-08-20,0.003237,-0.002456,0.001445
2014-08-21,-0.003042,0.002501,0.000565
2014-08-22,-0.000584,0.001033,-0.005395
2014-08-25,-0.00197,0.00197,-0.000739
2014-08-26,0.008392,0.017776,0.00394
2014-08-27,-0.004765,-0.007606,-0.005364
2014-08-28,-0.004044,0.001905,0.006597
2014-08-29,0.001388,-0.001189,-0.001114
2014-09-01,0.001059,0.000483,0.000196
2014-09-02,-0.004646,-0.003883,-0.003278
2014-09-03,0.002716,-0.00361,0.000548
2014-09-04,-0.000135,-0.004801,-0.000562
2014-09-05,-0.000777,0.000543,0.000179
2014-09-08,-9.9e-05,0.001424,0.000215
2014-09-09,0.000686,0.002422,0.005457
2014-09-10,0.007049,-0.000271,0.00379
2014-09-11,-0.00573,0.003998,-0.001838
2014-09-12,0.011744,-0.004832,-0.004693
2014-09-15,-0.013642,0.006031,-0.014111
2014-09-16,0.00201,-0.004169,0.004287
2014-09-17,0.006003,-0.002345,0.002847
2014-09-18,0.009407,-0.002468,-0.003488
2014-09-19,-0.002596,0.00884,0.003709
2014-09-22,0.005028,-0.006358,0.000128
2014-09-23,0.000241,0.000192,0.000159
2014-09-24,0.002281,-0.002557,0.001327
2014-09-25,0.001493,0.002318,0.000205
2014-09-26,0.002089,-0.003232,-0.000342
2014-09-29,-0.01943,0.0099,0.000711
2014-09-30,0.007936,-0.002414,-0.003068
2014-10-01,0.005719,-0.00815,0.008094
2014-10-02,0.002351,0.000403,0.00069
2014-10-03,-0.002173,-0.002621,-0.003802
2014-10-06,0.004369,0.006444,-0.001302
2014-10-07,0.007244,0.004645,0.006849
2014-10-08,9.4e-05,0.000385,0.000117
2014-10-09,-0.00112,0.000516,0.001005
2014-10-10,0.012252,-0.003052,-0.001505
2014-10-13,0.000714,-0.002572,0.000934
2014-10-14,0.000638,-0.001876,-0.004783
2014-10-15,0.000502,0.005059,-0.006232
2014-10-16,-0.002247,0.00283,0.001838
2014-10-17,0.006106,-0.005116,0.00278
2014-10-20,0.000406,0.000522,0.001072
2014-10-21,-0.000383,0.004206,0.002067
2014-10-22,0.00119,-4.8e-05,0.006893
2014-10-23,-0.006193,0.005008,0.000514
2014-10-24,0.012807,0.002793,0.01279
2014-10-27,0.003903,-0.000548,-0.004068
2014-10-28,0.001666,-0.002079,0.000458
2014-10-29,-0.00402,-0.002637,-0.00044
2014-10-30,-0.002655,-0.001518,-0.000583
2014-10-31,0.002098,0.00325,0.000677
2014-11-03,0.000714,-0.002554,-0.005261
2014-11-04,0.00472,0.000949,0.0043
2014-11-05,0.005383,0.005469,-0.001217
2014-11-06,0.000265,0.000645,0.000719
2014-11-07,-0.000486,0.001745,0.000417
2014-11-10,0.001712,0.003538,-8.8e-05
2014-11-11,0.000391,0.00013,0.000201
2014-11-12,0.061598,-0.029948,-0.003528
2014-11-13,0.000554,0.000163,0.000906
2014-11-14,-0.001183,0.001335,0.000196
2014-11-17,0.003001,-0.000714,0.001139
2014-11-18,0.000494,-0.00062,-0.000545
2014-11-19,-0.000864,-0.001819,0.00068
2014-11-20,0.009912,0.000648,-0.005843
2014-11-21,0.000502,0.000774,3.7e-05
2014-11-24,-0.009555,0.000851,0.002636
2014-11-25,-0.002417,-0.001932,-0.001922
2014-11-26,0.000131,-0.001965,0.004616
2014-11-27,0.002062,-0.003969,0.00586
2014-11-28,-0.005015,0.001675,0.006268
2014-12-01,-0.00063,-0.000671,-6.6e-05
2014-12-02,-0.00318,0.002408,0.005133
2014-12-03,0.011095,-0.013012,0.012576
2014-12-04,0.001761,-0.000975,-1e-05
2014-12-05,0.000185,0.000218,-0.000284
2014-12-08,0.001485,-0.008201,-0.013699
2014-12-09,0.001866,-0.00068,-0.003257
2014-12-10,0.012288,-0.002772,0.01702
2014-12-11,0.000729,-0.000222,-0.000219
2014-12-12,0.004542,0.010212,-0.002996
2014-12-15,0.032907,0.030312,0.017295
2014-12-16,-0.007139,-0.010681,0.011881
2014-12-17,-0.004765,0.008266,4.3e-05
2014-12-18,-0.007057,0.004117,-0.00096
2014-12-19,-0.010846,0.007403,0.008436
2014-12-22,9.4e-05,-0.002246,-0.001284
2014-12-23,-0.004284,-0.002614,0.001733
2014-12-24,0.006799,0.002065,-0.003599
2014-12-25,0.005983,-0.001136,0.001227
2014-12-26,-0.008842,0.002316,0.008179
2014-12-29,-0.003828,-0.004609,-0.004931
2014-12-30,0.000346,-9e-06,5.8e-05
2014-12-31,-0.00477,0.002923,0.002255
2015-01-01,0.000814,0.000643,0.000278
2015-01-02,0.000157,0.000808,0.000121
2015-01-05,-0.008473,0.010233,0.004297
2015-01-06,0.003684,-0.001738,0.002192
2015-01-07,-0.000338,0.000194,-0.002101
2015-01-08,0.003945,0.010073,-0.001051
2015-01-09,5.2e-05,0.005206,0.006779
2015-01-12,-0.000996,0.012843,-0.0053
2015-01-13,0.028403,-0.014362,-0.001147
2015-01-14,-0.018564,-0.001649,0.007565
2015-01-15,-0.001281,0.003335,0.000856
2015-01-16,0.008285,0.000311,-0.000963
2015-01-19,0.000139,-0.001378,-0.001344
2015-01-20,0.00083,0.000231,0.000165
2015-01-21,0.004431,0.000203,-0.000778
2015-01-22,-0.007147,0.000475,-0.004834
2015-01-23,-0.021111,-0.008638,-0.00916
2015-01-26,0.002866,-0.002052,-0.000535
2015-01-27,-0.000889,0.001587,0.006651
2015-01-28,0.002266,-0.004198,-0.007969
2015-01-29,0.003196,0.008813,0.000919
2015-01-30,0.007743,-0.004217,-0.003382
2015-02-02,0.007084,-0.006937,-0.0035
2015-02-03,-0.001674,-0.008181,-0.001119
2015-02-04,-0.000931,0.001032,-0.006066
2015-02-05,-3.6e-05,7.2e-05,0.000226
2015-02-06,0.03408,-0.001965,0.001412
2015-02-09,-0.003516,-7.9e-05,0.001452
2015-02-10,-0.000228,0.004021,-0.001742
2015-02-11,0.002738,-0.010652,-0.010736
2015-02-12,0.010013,-0.008732,0.004957
2015-02-13,-0.064274,-0.002404,-0.000328
2015-02-16,0.002397,-0.000268,0.000152
2015-02-17,0.000222,0.002295,0.003666
2015-02-18,-0.006545,0.002988,-0.001139
2015-02-19,-0.002721,-0.002595,0.002151
2015-02-20,0.001181,-0.003144,-0.001106
2015-02-23,0.000508,-0.002565,-0.004617
2015-02-24,-0.003941,-0.003164,-0.001538
2015-02-25,-0.0023,0.000378,0.00949
2015-02-26,-0.006573,0.010844,0.009462
2015-02-27,0.0114,0.006465,0.005154
2015-03-02,0.002111,-0.002788,-0.004357
2015-03-03,0.001308,0.000306,0.000389
2015-03-04,-0.0008,0.007765,0.000217
2015-03-05,0.014409,-0.001847,-0.003505
2015-03-06,-0.006992,-0.000315,-0.003667
2015-03-09,-0.000753,-0.000296,-0.002563
2015-03-10,0.000828,-0.001082,-0.000788
2015-03-11,0.000665,-0.000958,0.002088
2015-03-12,0.000578,-0.000972,0.000121
2015-03-13,-0.004209,0.004703,-0.001573
2015-03-16,0.001065,-0.000472,0.000162
2015-03-17,-0.000372,-0.004839,0.007243
2015-03-18,-0.000848,0.003681,0.004066
2015-03-19,0.000218,0.001107,0.002639
2015-03-20,-0.001656,-0.008576,-0.011155
2015-03-23,-0.014176,0.005533,0.008468
2015-03-24,-0.00437,0.009838,0.00597
2015-03-25,-0.00158,0.006691,-0.008814
2015-03-26,-0.002395,0.000453,0.006497
2015-03-27,0.006385,-0.00933,-0.002158
2015-03-30,-0.023234,0.015735,0.008881
2015-03-31,0.008021,0.002044,0.011677
2015-04-01,-0.001856,4.5e-05,-0.004004
2015-04-02,0.011564,-0.006734,-0.006611
2015-04-03,-0.001668,-0.000426,-0.000683
2015-04-06,0.000241,0.000317,-0.000128
2015-04-07,0.000404,0.000314,0.001291
2015-04-08,0.002342,0.001432,0.000358
2015-04-09,0.000597,-2.5e-05,0.000387
2015-04-10,-0.008047,0.014594,-0.000959
2015-04-13,0.000425,8.4e-05,5.4e-05
2015-04-14,-0.005242,0.009179,0.002645
2015-04-15,0.001939,-0.00042,0.000756
2015-04-16,0.015054,-0.013089,-0.009942
2015-04-17,0.005919,0.003381,0.001203
2015-04-20,0.004562,-0.002808,-0.00723
2015-04-21,-0.002433,-0.002553,-0.002908
2015-04-22,-0.00416,0.005272,0.003671
2015-04-23,-0.001415,-0.009804,-0.00623
2015-04-24,0.002074,-0.001815,-0.003189
2015-04-27,0.000214,-0.000465,0.000594
2015-04-28,0.004119,-0.001442,-0.000516
2015-04-29,-0.001717,-0.000578,-8.4e-05
2015-04-30,-0.005484,-0.007632,-0.010219
2015-05-01,-0.010393,0.005093,-0.007464
2015-05-04,0.000438,0.000923,0.000488
2015-05-05,0.00168,-0.000691,-0.000357
2015-05-06,-0.004096,0.00383,0.000984
2015-05-07,0.002476,-0.000618,0.000349
2015-05-08,-0.00134,-0.001956,7.7e-05
2015-05-11,-0.001189,0.001594,4.6e-05
2015-05-12,0.001004,0.000683,0.001401
2015-05-13,-9.2e-05,-0.001086,-0.001146
2015-05-14,-0.002086,-0.002687,-0.001085
2015-05-15,-0.005435,0.008517,0.002087
2015-05-18,0.001062,-0.003552,6.4e-05
2015-05-19,0.000928,-0.00066,9.9e-05
2015-05-20,0.003809,-0.002505,0.002161
2015-05-21,0.000641,-0.001297,0.000152
2015-05-22,-7e-06,0.00014,-0.000345
2015-05-25,-0.003682,0.023931,-0.000944
2015-05-26,-0.001189,0.001197,0.003881
2015-05-27,-0.008169,-0.00769,0.001996
2015-05-28,0.001625,-0.0027,0.002392
2015-05-29,-0.005496,-0.010833,-9.4e-05
2015-06-01,-0.00292,-0.003507,-0.00177
2015-06-02,-0.008363,0.002273,-0.001896
2015-06-03,0.001091,0.00023,0.000471
2015-06-04,0.000372,0.002336,0.00092
2015-06-05,-0.00297,0.003997,-0.003384
2015-06-08,0.001404,-0.002198,-0.002811
2015-06-09,0.001001,-0.000536,-0.004373
2015-06-10,3.9e-05,0.000679,0.000685
2015-06-11,-0.028386,0.024473,0.004935
2015-06-12,-0.002735,0.003284,0.004538
2015-06-15,0.009669,0.003157,-0.002024
2015-06-16,-0.002022,-0.004587,0.002871
2015-06-17,0.001392,0.002557,0.000651
2015-06-18,0.005028,-0.001168,0.005455
2015-06-19,0.000263,2e-06,0.000162
2015-06-22,0.000477,0.000518,0.002849
2015-06-23,0.000776,0.001053,-0.00142
2015-06-24,0.000709,0.000166,0.000535
2015-06-25,0.000611,-0.000139,0.000116
2015-06-26,0.004348,0.000919,0.003352
2015-06-29,0.001027,0.003338,0.000919
2015-06-30,0.00697,-0.001079,-0.001915
2015-07-01,-0.002412,0.005663,0.000538
2015-07-02,-0.009806,0.007471,-0.001784
2015-07-03,0.001374,0.003149,-0.000674
2015-07-06,0.003327,0.006828,-0.004702
2015-07-07,-0.009224,-0.001052,-0.001266
2015-07-08,0.005258,0.000692,-0.001607
2015-07-09,-0.003072,0.009377,0.005102
2015-07-10,0.001397,0.003438,0.004214
2015-07-13,1.8e-05,-0.000873,0.000113
2015-07-14,0.001451,0.002223,-0.000954
2015-07-15,0.00226,-0.000172,-0.002127
2015-07-16,-0.013629,-0.000332,-0.004485
2015-07-17,-0.002233,-0.002153,-0.001161
2015-07-20,-0.00178,0.001645,-0.000203
2015-07-21,-0.000785,0.002993,0.002507
2015-07-22,0.00075,0.001445,0.001111
2015-07-23,-0.001653,-0.003218,6.7e-05
2015-07-24,0.000195,0.002308,-0.001771
2015-07-27,0.001924,0.006681,0.006352
2015-07-28,0.001323,0.00289,0.002753
2015-07-29,0.007325,0.002613,-0.004349
2015-07-30,0.003335,-0.001598,-0.000234
2015-07-31,-0.001568,0.006259,0.007596
2015-08-03,0.027035,0.006677,-0.016388
2015-08-04,0.00114,0.000762,0.00037
2015-08-05,-0.001684,-0.000698,-0.002831
2015-08-06,0.00194,0.002518,0.005436
2015-08-07,-0.018291,-0.000877,0.005591
2015-08-10,-0.001424,0.0016,0.001578
2015-08-11,-0.02143,-0.000495,-0.006238
2015-08-12,-0.000697,-0.005003,-0.001982
2015-08-13,-0.000356,0.003003,0.002669
2015-08-14,-2.9e-05,0.000807,0.001913
2015-08-17,-0.002181,-0.00549,0.000161
2015-08-18,0.002284,-0.003993,0.003462
2015-08-19,0.009979,0.003434,-0.000267
2015-08-20,-0.003146,0.003197,0.001912
2015-08-21,-0.001495,0.001748,0.002336
2015-08-24,7e-06,-0.000153,0.001371
2015-08-25,4e-06,0.004728,0.002068
2015-08-26,0.004588,-0.002068,-0.00187
2015-08-27,0.000541,-0.000201,-0.00128
2015-08-28,-1.6e-05,0.000401,0.000431
2015-08-31,0.017224,-0.00124,0.001568
2015-09-01,-0.000215,0.000965,8.6e-05
2015-09-02,0.001133,-0.000508,-0.002174
2015-09-03,0.003733,0.015223,0.032683
2015-09-04,0.000164,-0.001066,0.002128
2015-09-07,0.010388,0.008898,-0.000271
2015-09-08,-0.010094,0.007496,-0.002718
2015-09-09,-0.000242,-0.001271,0.00363
2015-09-10,-0.002232,-4.7e-05,0.000438
2015-09-11,0.011724,0.004719,0.007994
2015-09-14,-0.006411,0.000483,0.001014
2015-09-15,-0.005563,0.027253,0.005908
2015-09-16,0.008325,0.00508,0.006691
2015-09-17,0.00035,-0.002799,0.001242
2015-09-18,0.001631,-0.004982,-0.001216
2015-09-21,-0.008736,-0.003811,-0.005967
2015-09-22,0.003275,-0.004892,0.004415
2015-09-23,-8.4e-05,0.000844,0.000835
2015-09-24,0.002233,-0.00058,-0.003786
2015-09-25,0.005134,-0.000581,-0.005362
2015-09-28,-0.004368,0.004618,0.002525
2015-09-29,-0.000336,0.000579,0.003651
2015-09-30,-0.007685,0.003713,-0.004338
2015-10-01,8.2e-05,0.000171,0.000695
2015-10-02,-0.001688,-0.003941,-0.001005
2015-10-05,-0.001086,0.00279,-0.001192
2015-10-06,-0.000228,-0.00353,0.002487
2015-10-07,-0.000357,0.001497,0.000804
2015-10-08,0.002929,0.002488,-8.9e-05
2015-10-09,-0.002223,-0.000699,-0.001411
2015-10-12,0.000173,-0.00391,-0.002785
2015-10-13,-0.009888,0.004759,-0.001282
2015-10-14,0.00529,-0.003579,0.001895
2015-10-15,-2.9e-05,-0.000667,-0.00081
2015-10-16,0.000476,0.000469,-0.000168
2015-10-19,0.00185,0.000641,-0.000365
2015-10-20,-0.002244,0.001903,0.000114
2015-10-21,0.001985,-0.00281,-0.003508
2015-10-22,-0.002983,0.000433,-0.001339
2015-10-23,-0.000495,-0.004019,0.002408
2015-10-26,0.004551,-0.004491,0.011934
2015-10-27,-0.005376,-0.002779,0.002935
2015-10-28,-8.8e-05,0.004145,-0.003114
2015-10-29,-0.008601,0.014529,0.011867
2015-10-30,0.008776,-0.001846,0.001131
2015-11-02,0.008457,0.000604,-0.001005
2015-11-03,0.000946,0.002821,0.001072
2015-11-04,-0.00627,-0.002728,0.001659
2015-11-05,-0.001572,0.002234,0.001977
2015-11-06,-0.011279,-0.003123,0.008256
2015-11-09,0.00494,0.001596,-0.003742
2015-11-10,0.000517,-0.006091,-0.00252
2015-11-11,-0.001905,-0.00032,0.000917
2015-11-12,0.00783,-0.011757,0.002695
2015-11-13,-0.019244,-0.004506,-0.011294
2015-11-16,0.002606,-0.000645,0.001893
2015-11-17,0.00547,0.003215,-0.000376
2015-11-18,0.012388,-0.008664,-0.006902
2015-11-19,0.000717,-0.003734,0.000422
2015-11-20,-9.8e-05,0.001285,-0.000381
2015-11-23,-0.001433,-0.001843,-0.00172
2015-11-24,0.008932,0.015276,0.020268
2015-11-25,0.00055,0.000706,0.000452
2015-11-26,0.001429,-0.012152,0.009702
2015-11-27,0.004249,-0.001554,-0.001121
2015-11-30,0.000333,-0.000105,0.00037
2015-12-01,-0.001961,0.002234,0.002776
2015-12-02,-0.003177,-0.002603,-0.005357
2015-12-03,-0.012223,-0.022102,-0.012986
2015-12-04,-0.002154,0.001194,0.000196
2015-12-07,-0.000577,-0.008253,-0.00126
2015-12-08,-0.011732,-0.000175,-0.009222
2015-12-09,0.004659,0.001289,-0.003528
2015-12-10,0.006601,-0.002547,-0.010157
2015-12-11,0.00117,-8.5e-05,0.000172
2015-12-14,0.00041,0.000547,0.001162
2015-12-15,0.015669,-0.005511,-0.00591
2015-12-16,0.004737,-0.00557,0.00825
2015-12-17,0.006532,0.00217,0.006225
2015-12-18,0.000368,-0.002355,0.004325
2015-12-21,4e-05,0.000428,-0.000178
2015-12-22,0.002767,0.00168,-0.004538
2015-12-23,0.007036,-0.007899,-0.000586
2015-12-24,0.005013,-0.005249,-0.000662
2015-12-25,0.001644,0.000193,-0.000385
2015-12-28,0.005007,-0.001099,-0.003873
2015-12-29,0.0052,-0.001881,-0.002537
2015-12-30,0.0053,0.001652,0.0004
2015-12-31,-0.000422,0.003264,-0.001092
2016-01-01,0.000232,-0.002225,0.000298
2016-01-04,-0.005034,-0.014105,-0.001046
2016-01-05,0.001575,-0.011866,0.00551
2016-01-06,-1.4e-05,0.002905,0.004635
2016-01-07,-6e-06,0.000901,-0.000742
2016-01-08,0.001578,0.001655,-0.000159
2016-01-11,0.001956,-0.006499,-0.005324
2016-01-12,0.001753,0.010661,0.001289
2016-01-13,0.000854,0.001647,0.001052
2016-01-14,0.000315,5.2e-05,-0.000405
2016-01-15,-0.002215,0.018024,0.00418
2016-01-18,-0.007826,0.002901,0.005164
2016-01-19,0.000232,0.000205,0.000162
2016-01-20,-0.005117,0.00495,-0.002019
2016-01-21,-0.002105,-0.001293,0.000673
2016-01-22,0.000353,0.000119,0.000152
2016-01-25,0.001052,0.000461,0.001347
2016-01-26,-0.000727,-0.002547,0.006119
2016-01-27,0.002662,0.006776,-0.000189
2016-01-28,0.00436,0.002201,0.005044
2016-01-29,-0.004086,0.002631,0.001891
2016-02-01,0.001409,0.000828,-0.00053
2016-02-02,-9.8e-05,-0.000695,0.000319
2016-02-03,-0.00079,0.000363,0.001488
2016-02-04,-0.027333,0.02207,0.00749
2016-02-05,0.000925,0.001491,-0.000542
2016-02-08,0.000473,4.4e-05,0.000197
2016-02-09,-0.002858,-0.00466,-0.00651
2016-02-10,0.000805,0.000269,0.000429
2016-02-11,0.006967,0.005382,0.009192
2016-02-12,-0.00166,0.000569,0.00047
2016-02-15,0.012318,0.002651,0.004928
2016-02-16,8.5e-05,0.000606,3.4e-05
2016-02-17,0.003481,-0.01076,-0.010649
2016-02-18,6.6e-05,-0.002184,-0.004383
2016-02-19,-0.000545,0.000107,0.001764
2016-02-22,0.00176,-0.000165,1.2e-05
2016-02-23,-0.002143,0.001773,-0.00063
2016-02-24,-0.009523,-0.002615,0.002534
2016-02-25,-0.007315,0.000635,-0.003946
2016-02-26,-0.001784,-0.000643,0.000518
2016-02-29,-0.00105,0.000996,-0.001032
2016-03-01,0.004053,0.007429,-0.000734
2016-03-02,-0.00589,0.005114,0.001692
2016-03-03,0.001852,0.001764,0.000834
2016-03-04,-0.02261,0.014779,-0.00589
2016-03-07,-0.004573,0.008513,-0.001634
2016-03-08,0.036062,0.008019,0.017571
2016-03-09,7.6e-05,9.5e-05,0.000412
2016-03-10,0.000444,0.000207,-1.8e-05
2016-03-11,0.002205,1e-06,0.001973
2016-03-14,-0.002067,0.007216,0.001454
2016-03-15,0.000241,0.00024,0.000225
2016-03-16,0.013148,9.9e-05,-0.000288
2016-03-17,0.025169,0.007119,0.00289
2016-03-18,-1.1e-05,0.000194,0.000156
2016-03-21,0.002752,0.00038,0.000925
2016-03-22,0.000513,0.001563,0.000356
2016-03-23,0.000636,-0.000763,-0.000548
2016-03-24,0.003217,-0.003543,-0.00242
2016-03-25,-0.001063,0.001062,0.002272
2016-03-28,0.001095,-0.00046,-0.001768
2016-03-29,0.00033,0.000254,-2.6e-05
2016-03-30,-0.00072,0.006105,0.000596
2016-03-31,0.002175,-0.003517,0.007483
2016-04-01,-0.002677,0.00329,-0.003045
2016-04-04,7.1e-05,0.000168,0.000227
2016-04-05,0.002645,-0.004212,-0.001544
2016-04-06,0.008557,-0.00484,0.000581
2016-04-07,0.007195,0.008928,0.003642
2016-04-08,0.006466,-0.000871,-0.003187
2016-04-11,0.000122,0.000269,0.000533
2016-04-12,0.010774,0.007907,-0.001605
2016-04-13,-0.000317,-0.000848,-0.000921
2016-04-14,0.001955,-0.025299,-0.003756
2016-04-15,-0.017199,0.002823,0.001534
2016-04-18,0.001075,0.002478,0.001822
2016-04-19,0.016626,-0.001358,-0.024339
2016-04-20,0.015708,-0.005376,0.001323
2016-04-21,-0.003867,0.003417,0.001765
2016-04-22,0.020757,-0.022409,-0.031475
2016-04-25,-0.001203,0.002248,-0.001177
2016-04-26,0.001879,-0.002367,-0.001324
2016-04-27,0.000238,0.000198,0.000159
2016-04-28,-0.000972,0.000358,-0.000683
2016-04-29,0.000857,4.9e-05,9.4e-05
2016-05-02,0.002215,0.007676,0.003988
2016-05-03,0.000501,-3.6e-05,0.000136
2016-05-04,0.007168,0.007309,0.011442
2016-05-05,0.021752,0.001607,0.002806
2016-05-06,0.000372,0.003256,-0.000266
2016-05-09,0.023671,-0.019075,-0.011284
2016-05-10,0.001189,0.001256,0.000508
2016-05-11,-7.7e-05,0.000191,-0.000236
2016-05-12,0.001042,0.000394,-0.005935
2016-05-13,0.000518,-0.000943,0.000587
2016-05-16,0.023273,-0.00075,0.014637
2016-05-17,0.003828,-4.9e-05,-0.004404
2016-05-18,-0.020052,-0.001115,0.009611
2016-05-19,0.007046,0.002007,-0.002015
2016-05-20,0.009455,0.002538,0.003455
2016-05-23,0.010297,-0.000429,-0.002916
2016-05-24,-0.000287,-0.000485,0.000266
2016-05-25,-0.005143,0.003593,0.003643
2016-05-26,0.017066,0.016289,-0.006846
2016-05-27,0.000354,-0.002016,0.003393
2016-05-30,0.006512,-0.008839,-0.01812
2016-05-31,-0.001741,-0.009533,-0.007208
2016-06-01,0.016415,-0.002299,0.024373
2016-06-02,-0.006965,0.010297,-0.000657
2016-06-03,0.006576,-0.003003,0.002699
2016-06-06,0.000808,-0.000362,0.000146
2016-06-07,-0.001255,0.00143,0.000519
2016-06-08,-0.004925,0.000553,0.000709
2016-06-09,0.003228,0.001234,-0.001172
2016-06-10,0.000326,0.000517,-0.000226
2016-06-13,0.011625,0.000872,0.002636
2016-06-14,-0.004759,0.009585,0.00023
2016-06-15,7.3e-05,-0.000347,0.000428
2016-06-16,7.5e-05,0.001474,-0.001451
2016-06-17,0.000114,0.000438,0.000273
2016-06-20,0.002024,-0.002191,-0.001412
2016-06-21,0.002698,-0.000191,-0.00063
2016-06-22,-0.009423,-0.008809,-0.002643
2016-06-23,0.00433,0.005113,0.000535
2016-06-24,-0.016548,0.003822,-0.008114
2016-06-27,0.004178,-0.00265,-0.00016
2016-06-28,-0.00033,-0.000451,-0.00734
2016-06-29,0.002662,-0.004954,-0.000783
2016-06-30,0.001962,-0.001177,0.003065
2016-07-01,0.001991,0.017681,-0.007379
2016-07-04,-0.004023,0.004499,0.010561
2016-07-05,0.002554,-0.000432,0.001861
2016-07-06,-0.001092,0.001806,-0.001808
2016-07-07,0.00048,0.000654,0.00032
2016-07-08,-0.010402,-0.002021,-0.002611
2016-07-11,-0.000431,-0.000225,-0.000774
2016-07-12,4.8e-05,-0.011744,-0.001967
2016-07-13,-0.00613,0.000845,0.000246
2016-07-14,-0.004834,-0.002271,0.002852
2016-07-15,-0.00134,0.0031,-5.9e-05
2016-07-18,0.003022,-0.000851,-0.001152
2016-07-19,0.001748,-0.002067,0.00115
2016-07-20,0.025188,-0.027094,-0.004117
2016-07-21,0.011378,0.001168,0.001894
2016-07-22,-0.007102,0.00135,0.002277
2016-07-25,0.000257,8.5e-05,0.000163
2016-07-26,0.010135,0.000175,0.006749
2016-07-27,0.016537,-0.002596,-0.006102
2016-07-28,-0.000271,-0.001014,0.000714
2016-07-29,-0.001067,0.002541,-0.001094
2016-08-01,0.008511,0.001603,0.000353
2016-08-02,0.003831,-0.0008,-0.002637
2016-08-03,0.002156,-0.001012,-0.000677
2016-08-04,0.009953,0.000405,0.001248
2016-08-05,-5.3e-05,-0.002966,0.004435
2016-08-08,0.007772,-0.015389,-0.004465
2016-08-09,0.00164,0.002281,0.001167
2016-08-10,-0.000134,0.005139,-0.001428
2016-08-11,0.006469,-0.003105,9.5e-05
2016-08-12,-0.010318,0.005946,0.004332
2016-08-15,0.000748,-8e-05,0.000482
2016-08-16,0.002446,-0.000691,-0.005837
2016-08-17,0.002021,0.00062,-0.000395
2016-08-18,0.000989,-0.008074,-0.004915
2016-08-19,-0.000205,-0.000456,-0.000253
2016-08-22,0.001471,0.000151,0.006079
2016-08-23,-0.015655,-0.01439,0.003045
2016-08-24,0.00103,-0.001193,0.000905
2016-08-25,-0.001522,0.002837,-0.005773
2016-08-26,-0.003878,0.005623,0.00239
2016-08-29,0.000397,-4.5e-05,-0.000122
2016-08-30,0.000371,-0.000997,-0.000396
2016-08-31,-0.003372,0.00198,0.004381
2016-09-01,-0.006611,-0.005664,-0.000294
2016-09-02,0.021258,0.008591,0.016603
2016-09-05,0.005226,0.002362,-0.00198
2016-09-06,0.002782,-0.005048,0.003178
2016-09-07,0.004605,0.00673,0.006498
2016-09-08,0.000483,0.004409,-0.002137
2016-09-09,0.001814,-0.001758,-0.00107
2016-09-12,-0.008249,0.00333,0.004008
2016-09-13,0.011011,0.004732,0.00361
2016-09-14,0.030346,0.001424,0.012686
2016-09-15,0.000206,0.000221,0.000134
2016-09-16,0.00469,-0.00217,-0.000389
2016-09-19,-0.027998,-0.00209,-0.009603
2016-09-20,-0.027171,0.029959,-0.003383
2016-09-21,-0.006103,0.009323,0.000533
2016-09-22,-0.013519,0.00528,0.007588
2016-09-23,-0.001895,0.001542,0.001787
2016-09-26,-0.006905,0.000846,-0.004598
2016-09-27,-0.000261,0.00497,0.001799
2016-09-28,-0.001161,-0.002606,0.001259
2016-09-29,0.009086,-0.000625,0.001263
2016-09-30,0.001054,-0.001556,0.00079
2016-10-03,-0.000255,4.1e-05,0.001126
2016-10-04,0.008099,-0.005706,0.007868
2016-10-05,-0.009998,-0.00446,0.003332
2016-10-06,3.7e-05,-0.004569,0.006309
2016-10-07,-0.005788,0.008769,0.001054
2016-10-10,-0.001878,-0.003951,-0.012914
2016-10-11,-0.008881,0.006803,0.007008
2016-10-12,-0.001388,-0.001601,-0.002882
2016-10-13,-0.00314,0.004548,-0.001935
2016-10-14,-0.004444,0.005077,0.004587
2016-10-17,0.005989,0.001083,0.00445
2016-10-18,-0.001132,0.000707,-0.000327
2016-10-19,-0.000454,0.001957,-0.000729
2016-10-20,-0.000782,-0.00083,0.000636
2016-10-21,0.002491,-0.006069,-0.003097
2016-10-24,0.012229,-0.000635,0.003206
2016-10-25,0.002898,-0.000597,-0.001527
2016-10-26,-0.005404,0.002314,-0.001205
2016-10-27,-0.002651,0.005128,0.001277
2016-10-28,-0.000181,0.000186,7.3e-05
2016-10-31,-0.002841,0.003601,0.000921
2016-11-01,0.004986,0.000183,-0.002543
2016-11-02,0.019454,-0.002705,-0.007657
2016-11-03,-0.002095,-0.000888,-3.3e-05
2016-11-04,-0.001842,0.001389,-0.003282
2016-11-07,0.004545,-0.001254,-0.002447
2016-11-08,0.001242,-0.000284,0.000462
2016-11-09,0.007175,-0.004023,0.002572
2016-11-10,-0.000545,-0.00064,-0.000812
2016-11-11,-0.004574,-0.002663,-0.001081
2016-11-14,-0.005624,0.002028,-0.009988
2016-11-15,0.000823,-0.000531,-0.001002
2016-11-16,-0.001723,-0.001741,0.001764
2016-11-17,4.8e-05,-0.001203,-0.00061
2016-11-18,-0.00555,0.006016,-0.000278
2016-11-21,-0.001628,-0.002059,-0.000989
2016-11-22,0.000733,0.000911,0.003841
2016-11-23,0.001031,0.000172,0.000117
2016-11-24,-0.000147,0.000922,6.6e-05
2016-11-25,0.00062,0.007391,-0.013077
2016-11-28,0.003238,0.000423,0.000979
2016-11-29,0.00119,-0.006247,-0.002044
2016-11-30,-0.005072,0.001173,1.5e-05
2016-12-01,-0.000863,0.003587,-0.00277
2016-12-02,-0.000165,0.000642,0.001349
2016-12-05,0.003666,-0.001674,7.5e-05
2016-12-06,0.017484,0.002314,0.001726
2016-12-07,-0.000689,-0.000241,-0.000198
2016-12-08,0.004444,0.010061,0.013742
2016-12-09,-0.000113,0.003269,0.000179
2016-12-12,0.030118,0.012975,0.009709
2016-12-13,-0.005973,0.002237,0.000203
2016-12-14,-0.005411,-0.009303,-0.006701
2016-12-15,0.005816,-0.000477,0.004088
2016-12-16,0.002981,0.003386,0.003498
2016-12-19,-0.000925,-0.001441,-0.000751
2016-12-20,0.00121,0.002403,-0.002859
2016-12-21,0.000313,0.002636,-0.001076
2016-12-22,0.000468,-0.001163,0.001283
2016-12-23,-0.000897,-0.000868,-0.000787
2016-12-26,-0.002369,0.001246,0.000214
2016-12-27,2e-05,0.000594,0.00027
2016-12-28,0.000194,0.00074,0.000168
2016-12-29,0.001311,-0.000904,0.00152
2016-12-30,0.00056,-0.000505,0.000108
2017-01-02,0.00013,0.003245,0.002016
2017-01-03,0.004105,-0.005229,-0.001995
2017-01-04,0.003499,0.002551,0.001247
2017-01-05,4.8e-05,0.0047,0.000732
2017-01-06,0.001991,0.000941,-0.000649
2017-01-09,0.001568,0.009703,-0.019383
2017-01-10,-0.005907,0.009802,0.010281
2017-01-11,-0.000205,0.003008,0.001502
2017-01-12,-0.001436,-0.000222,-0.000312
2017-01-13,0.000608,-0.000261,-0.000617
2017-01-16,0.007033,-0.003879,-0.004389
2017-01-17,-0.00075,0.008591,0.000559
2017-01-18,-0.007001,0.002499,0.002317
2017-01-19,0.001808,0.001801,-0.000599
2017-01-20,0.000652,-0.000241,0.000226
2017-01-23,-0.012528,0.004565,-0.002194
2017-01-24,-0.001578,-0.000859,-0.003378
2017-01-25,-0.00321,0.004167,-0.000313
2017-01-26,-0.011332,0.002147,-0.003249
2017-01-27,-0.003973,-0.00225,-0.000417
2017-01-30,-0.010375,0.000828,0.001137
2017-01-31,0.002882,0.000554,0.001202
2017-02-01,0.01231,-0.010613,-0.002761
2017-02-02,-0.002032,0.000169,-0.000872
2017-02-03,0.017016,-0.000488,0.003747
2017-02-06,-0.015895,0.005589,0.00217
2017-02-07,0.000519,0.000866,0.000709
2017-02-08,0.000542,0.000591,0.000671
2017-02-09,-0.001037,-0.003506,-0.005807
2017-02-10,0.003452,-0.000867,-0.000664
2017-02-13,-0.001205,-0.000517,2e-06
2017-02-14,0.000622,0.001803,0.001457
2017-02-15,-0.002672,0.004045,-0.005519
2017-02-16,-0.008118,0.004435,0.003451
2017-02-17,0.001459,-0.004839,-0.003257
2017-02-20,-0.003923,-7.8e-05,-0.002021
2017-02-21,0.001452,-0.000314,-9.6e-05
2017-02-22,-0.008295,0.002239,-0.003049
2017-02-23,0.000339,0.000178,0.000281
2017-02-24,-0.00335,0.002011,0.001081
2017-02-27,-0.002017,0.003808,-0.00335
2017-02-28,-0.003275,0.002806,-0.000472
2017-03-01,0.001749,0.004004,-0.000737
2017-03-02,0.000209,0.000372,0.000348
2017-03-03,-0.000141,-0.000262,-0.00022
2017-03-06,0.000135,0.000293,0.001028
2017-03-07,-0.000584,-0.000349,0.001017
2017-03-08,-0.002384,0.003482,-0.010196
2017-03-09,0.014504,-0.003048,0.002619
2017-03-10,0.015115,0.000164,0.010356
2017-03-13,0.005295,0.001895,0.000573
2017-03-14,0.004308,-0.009536,0.003459
2017-03-15,-0.006019,-0.000453,-0.008644
2017-03-16,-0.002004,0.000404,0.001849
2017-03-17,0.004217,-0.041232,0.021909
2017-03-20,-0.000832,0.000492,-8.5e-05
2017-03-21,-0.000164,0.000869,-0.00046
2017-03-22,-0.012025,-0.010218,-0.00433
2017-03-23,-0.001055,-0.000186,-0.000256
2017-03-24,0.002042,0.00484,0.005075
2017-03-27,7.8e-05,0.000706,0.000274
2017-03-28,-0.000566,0.000718,0.000666
2017-03-29,-0.002493,0.000732,0.003576
2017-03-30,-0.003341,0.001383,0.000515
2017-03-31,-0.007576,-0.003618,0.000675
2017-04-03,-6.3e-05,0.000275,0.000516
2017-04-04,-0.000328,-0.001141,0.003731
2017-04-05,-0.000642,0.002871,0.0013
2017-04-06,-0.009725,0.004436,-0.014277
2017-04-07,0.00058,0.000215,0.000485
2017-04-10,-0.007769,0.000796,-0.001181
2017-04-11,0.010983,-0.008824,-0.026304
2017-04-12,-0.005211,-0.001809,-0.000305
2017-04-13,-0.000564,-0.000902,0.001286
2017-04-14,0.000955,-0.001614,-0.000407
2017-04-17,0.005893,0.017,0.002571
2017-04-18,0.000815,0.00047,0.002487
2017-04-19,0.011347,-0.020694,0.000448
2017-04-20,0.000224,0.001257,-0.000523
2017-04-21,0.009907,-8.1e-05,0.002525
2017-04-24,-0.003634,-0.001697,0.001266
2017-04-25,-0.001503,0.002392,6.3e-05
2017-04-26,-0.003377,0.002702,0.003196
2017-04-27,0.001129,0.003825,0.003644
2017-04-28,0.00271,0.013183,-0.010353
2017-05-01,-0.000921,-0.000662,0.000712
2017-05-02,-0.000421,0.009388,-0.005389
2017-05-03,-0.000183,-0.001162,-0.000627
2017-05-04,0.018424,0.012578,-0.007004
2017-05-05,-0.000257,0.001435,-0.0055
2017-05-08,0.004156,-0.007187,-0.017601
2017-05-09,-0.015684,-0.003347,4.3e-05
2017-05-10,-0.000428,-8.9e-05,0.000283
2017-05-11,-0.000901,0.002057,-0.000416
2017-05-12,0.005922,-0.004302,0.002057
2017-05-15,0.001626,-0.001921,0.000102
2017-05-16,-0.005788,-0.000488,-0.000164
2017-05-17,0.003478,-0.001508,0.004175
2017-05-18,-0.005154,-0.006746,-0.008201
2017-05-19,-0.004733,0.002053,0.001546
2017-05-22,0.005249,-0.003126,-0.002225
2017-05-23,-0.00744,0.000362,-0.00374
2017-05-24,-0.000568,-0.000143,0.000284
2017-05-25,-0.019182,0.00498,0.013002
2017-05-26,0.005612,-0.00185,0.001872
2017-05-29,0.00179,-0.002439,5.4e-05
2017-05-30,0.002186,0.00453,0.001516
2017-05-31,-0.00142,0.000323,-0.001144
2017-06-01,0.003509,-0.000575,-0.00139
2017-06-02,0.016834,-0.027258,-0.007948
2017-06-05,-0.000231,0.000229,0.000727
2017-06-06,-0.002784,0.002077,-0.000468
2017-06-07,0.00026,-0.001295,-0.000286
2017-06-08,0.008777,-0.018475,-0.00576
2017-06-09,-0.0013,-0.001184,-0.000254
2017-06-12,-0.004898,0.001299,0.002054
2017-06-13,-0.003351,0.000488,-0.000576
2017-06-14,0.000641,0.000241,0.001117
2017-06-15,0.000662,-0.000605,-0.000558
2017-06-16,-0.010865,0.00531,-0.004484
2017-06-19,-0.003276,0.000874,0.012586
2017-06-20,0.003708,-0.004505,0.006972
2017-06-21,0.005511,0.004114,-0.000819
2017-06-22,-0.011195,0.008494,0.014545
2017-06-23,-0.004221,0.000299,0.003909
2017-06-26,0.000781,0.001806,-0.001736
2017-06-27,0.002492,-0.000195,-0.001586
2017-06-28,0.003954,0.000999,0.001355
2017-06-29,0.002455,-0.002166,0.003366
2017-06-30,-0.002891,-0.006899,-0.003331
2017-07-03,0.001619,0.000316,3.8e-05
2017-07-04,-0.00286,-0.001436,-0.000814
2017-07-05,0.003069,0.002207,0.000499
2017-07-06,0.020624,-0.010794,0.042138
2017-07-07,-0.005007,0.011884,0.004202
2017-07-10,-0.000155,0.001153,-0.0008
2017-07-11,-0.002076,-4.3e-05,0.001405
2017-07-12,-0.008216,0.008236,0.002902
2017-07-13,0.005358,0.003573,0.000433
2017-07-14,0.002013,0.008246,-0.003241
2017-07-17,0.000541,-0.000201,0.000557
2017-07-18,-0.000541,0.002167,0.000619
2017-07-19,-0.001623,0.003258,0.000451
2017-07-20,0.015931,-0.007193,-0.001748
2017-07-21,0.004834,-0.007097,0.003069
2017-07-24,0.000123,0.001065,0.000692
2017-07-25,-0.003742,-0.002293,0.000835
2017-07-26,-0.001201,0.000854,0.00069
2017-07-27,-0.003415,0.000926,0.000737
2017-07-28,0.005477,-0.002451,-0.001605
2017-07-31,-0.001749,-0.007432,-0.003075
2017-08-01,0.00026,0.000391,4.1e-05
2017-08-02,0.004444,-0.000426,0.000274
2017-08-03,0.020704,-0.002617,0.003391
2017-08-04,0.002829,-6.2e-05,0.000808
2017-08-07,-0.008942,-0.000469,0.004454
2017-08-08,0.005414,-0.006846,-0.002691
2017-08-09,-0.011201,-0.00828,-0.001868
2017-08-10,-0.006676,-0.006878,-0.007988
2017-08-11,-0.002074,0.000353,0.000214
2017-08-14,0.001614,-0.001472,0.000412
2017-08-15,0.000425,0.000396,-0.00118
2017-08-16,-0.007127,0.004634,0.001941
2017-08-17,0.005658,0.001226,-0.001186
2017-08-18,-0.005185,0.008374,-0.000648
2017-08-21,0.007748,0.011852,-0.000783
2017-08-22,-0.000225,-0.00019,0.00054
2017-08-23,0.000211,0.001397,-0.000122
2017-08-24,-0.000355,0.003297,0.001634
2017-08-25,-0.007367,-0.005614,0.001971
2017-08-28,-0.019041,-0.005473,-0.025742
2017-08-29,0.002259,0.001161,-0.005358
2017-08-30,0.006774,-0.011814,-0.010088
2017-08-31,-0.002204,-0.000421,0.000872
2017-09-01,-0.001425,-0.000129,0.000386
2017-09-04,0.003659,-0.012104,-0.006241
2017-09-05,0.006574,-0.002015,-0.006877
2017-09-06,-0.005829,-0.002124,-0.000547
2017-09-07,0.004912,-0.004976,0.000211
2017-09-08,0.001063,-5.6e-05,0.000796
2017-09-11,0.001686,-0.000538,0.000356
2017-09-12,0.001229,3e-05,0.000117
2017-09-13,-0.002437,0.000858,0.000372
2017-09-14,-0.000925,0.000332,0.000341
2017-09-15,0.003785,0.00825,0.00527
2017-09-18,0.000753,0.000311,-0.000123
2017-09-19,0.001293,-0.000189,-0.000121
2017-09-20,-0.000307,-0.000234,-5.6e-05
2017-09-21,9.1e-05,0.004725,0.001291
2017-09-22,-0.000369,0.000355,0.000475
2017-09-25,0.000193,0.000135,3.3e-05
2017-09-26,-0.003323,-0.001913,-0.005005
2017-09-27,-0.004649,-0.002491,-0.002718
2017-09-28,-0.005828,0.001156,-0.001454
2017-09-29,-0.004612,-0.002197,0.005056
2017-10-02,0.007113,-0.003724,-2.1e-05
2017-10-03,0.001853,0.004657,0.002982
2017-10-04,0.003049,-0.00291,-0.005627
2017-10-05,-0.006329,0.003661,-0.001056
2017-10-06,0.00182,0.010482,5e-05
2017-10-09,-0.009374,0.008572,0.003016
2017-10-10,0.026152,0.00446,-0.003041
2017-10-11,-0.00591,0.00199,0.00278
2017-10-12,0.000567,-0.001952,-0.002147
2017-10-13,0.003804,-0.000312,0.000833
2017-10-16,0.010151,-0.002254,-0.002003
2017-10-17,0.012875,0.001099,-0.001269
2017-10-18,-0.000328,-0.001994,0.000557
2017-10-19,-0.002852,0.00303,0.000472
2017-10-20,0.00265,0.000512,0.002966
2017-10-23,-0.010295,0.006233,0.001807
2017-10-24,-0.001186,0.000579,0.000866
2017-10-25,6.6e-05,-0.000173,0.000545
2017-10-26,0.000577,-0.00099,0.000992
2017-10-27,-0.002391,-0.004354,0.00279
2017-10-30,-0.006019,0.003962,-0.001948
2017-10-31,-3e-06,0.003378,-0.000874
2017-11-01,-0.002919,0.001138,-0.00454
2017-11-02,0.000857,0.000487,0.000977
2017-11-03,-0.002629,-0.001838,-0.001308
2017-11-06,-0.00056,-9.4e-05,-0.000137
2017-11-07,-0.001586,0.004215,0.004025
2017-11-08,0.00371,-0.00094,0.001053
2017-11-09,0.000858,0.00385,0.002285
2017-11-10,0.023723,-0.006775,-0.000931
2017-11-13,-0.001401,0.001465,-0.000258
2017-11-14,0.001505,0.000602,0.000644
2017-11-15,-0.001028,-0.001525,-0.003185
2017-11-16,-0.001069,0.013279,0.003931
2017-11-17,-0.005992,-0.002204,9e-06
2017-11-20,0.000336,-0.001523,0.000796
2017-11-21,0.026909,-0.003922,0.005757
2017-11-22,-0.000297,7.9e-05,-0.000232
2017-11-23,0.006476,-0.005002,-0.006481
2017-11-24,-0.000269,-0.004046,0.000756
2017-11-27,-0.001084,-0.000305,0.000165
2017-11-28,-0.000321,0.000902,0.000447
2017-11-29,-0.001211,0.001703,0.000777
2017-11-30,-0.003153,-0.000769,0.007207
2017-12-01,-0.00205,0.001161,0.000965
2017-12-04,-0.006255,0.00151,-0.001247
2017-12-05,-0.008052,0.003044,-0.004961
2017-12-06,-0.002224,1.4e-05,0.001297
2017-12-07,0.005411,0.002449,-0.003842
2017-12-08,0.00072,0.000576,0.000836
2017-12-11,-0.01902,0.001584,0.007183
2017-12-12,0.004823,0.001238,0.007625
2017-12-13,-0.010063,-5.7e-05,-0.00411
2017-12-14,-0.000669,-0.00021,0.000845
2017-12-15,0.005703,-0.000823,0.002212
2017-12-18,-0.001174,0.000377,-0.000243
2017-12-19,0.00023,-0.000107,0.00016
2017-12-20,-6.7e-05,-5.6e-05,0.00048
2017-12-21,0.005099,0.001701,0.001812
2017-12-22,0.001218,-0.001855,0.000298
2017-12-25,-0.008791,0.008725,-0.003462
2017-12-26,0.000723,0.003136,0.0001
2017-12-27,0.008339,0.003351,0.003708
2017-12-28,0.000502,-7.3e-05,7.5e-05
2017-12-29,0.003768,0.001102,0.003696
2018-01-01,-0.001766,-2.7e-05,-0.002291
2018-01-02,0.002007,-0.002341,-0.002694
2018-01-03,0.002163,0.000418,-0.001594
2018-01-04,0.002775,0.001133,-6e-06
2018-01-05,-0.006361,0.001653,0.002118
2018-01-08,0.002558,0.000594,-6.9e-05
2018-01-09,0.009542,-0.001319,-0.003858
2018-01-10,0.00116,-0.000256,0.000318
2018-01-11,0.012018,-0.014237,0.012348
2018-01-12,-0.01785,0.000904,-0.006312
2018-01-15,-0.00526,0.004283,-0.000319
2018-01-16,-0.009676,0.000354,0.001091
2018-01-17,0.001719,-0.000223,0.000693
2018-01-18,-0.014045,0.009878,-0.03952
2018-01-19,-0.019567,0.005312,-0.007017
2018-01-22,3.4e-05,0.000327,0.000122
2018-01-23,-0.000145,0.000763,0.000104
2018-01-24,0.003167,-0.004057,0.010816
2018-01-25,0.002515,0.001729,0.001874
2018-01-26,-0.008824,-0.002928,-0.008719
2018-01-29,-0.017481,0.008675,-0.005513
2018-01-30,0.025663,-0.030242,-0.006746
2018-01-31,0.000308,-0.002497,0.003854
2018-02-01,-0.004293,0.004333,-0.000721
2018-02-02,-0.001288,0.005372,-0.001853
2018-02-05,0.002352,0.001483,-0.000233
2018-02-06,0.001945,0.002068,0.000606
2018-02-07,0.00022,0.004609,-0.002827
2018-02-08,0.00806,-0.006499,-0.008637
2018-02-09,0.001791,-0.000524,-0.000753
2018-02-12,0.003577,-0.001833,-0.000407
2018-02-13,0.000414,0.000124,0.000415
2018-02-14,6.2e-05,0.002195,0.000241
2018-02-15,-0.006444,0.003387,0.001204
2018-02-16,-0.002407,0.006409,0.004297
2018-02-19,0.005,-0.002805,0.004615
2018-02-20,-0.002045,-0.008052,-0.003171
2018-02-21,-0.000783,0.000983,-0.001081
2018-02-22,0.000166,0.000169,0.000139
2018-02-23,6.5e-05,0.000319,0.001812
2018-02-26,-0.004851,-0.00078,-0.00072
2018-02-27,-0.000154,-9e-05,-0.000488
2018-02-28,0.001519,-0.003803,-0.002784
2018-03-01,0.001972,-0.006172,-0.000906
2018-03-02,-0.000263,0.000921,0.00039
2018-03-05,-0.004175,-0.004474,-0.002014
2018-03-06,-0.002596,-0.003163,-0.0017
2018-03-07,0.000426,0.000321,0.000319
2018-03-08,0.02105,-0.024076,-0.013327
2018-03-09,0.004388,0.004294,-0.00035
2018-03-12,0.000892,-0.000143,-0.000225
2018-03-13,0.00297,0.002046,0.004668
2018-03-14,-0.001832,0.001061,-0.004862
2018-03-15,0.000679,0.000363,0.000518
2018-03-16,0.012866,-0.011321,-0.003774
2018-03-19,0.006781,-0.002569,-0.001803
2018-03-20,0.002193,-0.004046,0.001566
2018-03-21,0.000435,-0.000428,-0.000728
2018-03-22,-0.010538,0.007607,-0.010736
2018-03-23,-0.001002,4.8e-05,-0.001729
2018-03-26,-0.009178,0.005445,0.002761
2018-03-27,0.003927,-0.0036,0.001378
2018-03-28,0.000386,0.003499,0.000457
2018-03-29,0.000148,0.004734,-0.004641
2018-03-30,0.004752,0.001733,0.00191
2018-04-02,-0.01439,-0.000255,-0.004869
2018-04-03,-1.5e-05,-0.002257,0.000185
2018-04-04,-0.006498,0.002095,-0.002196
2018-04-05,-0.007534,-0.007312,-0.003966
2018-04-06,-0.041347,0.039216,0.002941
2018-04-09,-0.000447,5.6e-05,0.001516
2018-04-10,-0.008955,-0.009645,0.008002
2018-04-11,0.002262,-0.001419,0.002653
2018-04-12,0.001041,0.001063,0.000117
2018-04-13,0.006284,-0.002009,0.001362
2018-04-16,-0.00076,-0.000482,-0.000665
2018-04-17,0.000164,0.000194,5.5e-05
2018-04-18,0.000766,-1.5e-05,-0.000259
2018-04-19,-0.00932,0.013593,-0.00175
2018-04-20,-0.002355,-0.005079,-0.00642
2018-04-23,0.001123,0.001601,0.002461
2018-04-24,0.001966,-0.001147,0.003357
2018-04-25,0.002284,-0.002134,0.002902
2018-04-26,0.001942,0.002742,-0.002247
2018-04-27,-0.000888,0.000631,-0.000283
2018-04-30,0.012434,0.004733,-0.0042
2018-05-01,-0.003769,-0.00018,0.001705
2018-05-02,0.002088,0.000481,0.000878
2018-05-03,0.002736,0.002584,-0.000701
2018-05-04,0.008258,0.011907,0.026346
2018-05-07,0.003413,-0.002086,0.006405
2018-05-08,0.000403,-0.003166,0.002042
2018-05-09,-0.006935,-0.002131,0.002808
2018-05-10,-0.006641,0.001421,0.001468
2018-05-11,0.001665,-0.001493,-0.00355
2018-05-14,0.000283,0.000192,0.000178
2018-05-15,0.001933,-0.001357,0.003621
2018-05-16,-0.006614,-0.003037,-0.000607
2018-05-17,-0.001789,0.000561,-0.001912
2018-05-18,-0.002787,-0.001274,0.004991
2018-05-21,-0.000346,0.001608,0.000476
2018-05-22,-0.007498,0.002747,-0.00481
2018-05-23,0.000157,0.000438,0.000328
2018-05-24,0.001017,0.000669,0.000435
2018-05-25,-0.002785,0.007112,0.002297
2018-05-28,0.000613,0.001273,2.6e-05
2018-05-29,7.3e-05,-0.000422,0.000945
2018-05-30,0.012387,-0.007518,0.002498
2018-05-31,0.005155,-0.004877,0.001368
2018-06-01,0.001797,-0.000582,-0.00152
2018-06-04,0.008561,0.0004,-0.000586
2018-06-05,-0.000554,0.000835,0.000733
2018-06-06,-0.005807,-0.002121,-0.002169
2018-06-07,-0.000615,0.006096,-0.001386
2018-06-08,-0.005457,0.00081,-0.003226
2018-06-11,0.001239,-0.005294,-0.001462
2018-06-12,-0.009884,-0.003113,-0.004374
2018-06-13,-0.005197,0.011543,0.004096
2018-06-14,-0.014244,-0.007543,-0.006623
2018-06-15,-0.003374,0.004933,0.007218
2018-06-18,0.005256,-0.000799,0.000515
2018-06-19,0.00431,0.000593,0.0005
2018-06-20,-0.01351,-0.001373,-0.000849
2018-06-21,-0.001428,0.000792,-0.003101
2018-06-22,0.003682,-0.002076,0.006517
2018-06-25,-0.001698,0.000526,-0.005133
2018-06-26,-0.023475,0.026365,-0.006409
2018-06-27,-0.000737,-0.001165,-0.002331
2018-06-28,-0.000588,0.000974,9.5e-05
2018-06-29,0.001821,-0.002005,-0.000939
2018-07-02,0.001875,0.002297,0.000561
2018-07-03,0.000744,-0.000943,0.000749
2018-07-04,-0.002819,0.003519,0.001494
2018-07-05,-0.008271,0.000113,0.000974
2018-07-06,-0.000958,0.000299,-4e-06
2018-07-09,-0.024203,0.023358,0.00763
2018-07-10,-0.003074,0.000907,-5.9e-05
2018-07-11,0.001079,-0.001824,-0.005625
2018-07-12,0.003018,0.001389,0.000529
2018-07-13,0.003763,-0.01107,0.006518
2018-07-16,0.000902,-0.001143,0.001826
2018-07-17,-0.003078,0.008789,0.007444
2018-07-18,-0.000502,-0.000209,0.000766
2018-07-19,-0.002758,-0.000195,0.001304
2018-07-20,-0.002037,-0.001752,3.2e-05
2018-07-23,0.001153,0.000341,0.00177
2018-07-24,0.005195,0.000692,0.005627
2018-07-25,-0.008254,0.001712,0.005233
2018-07-26,0.007733,0.004016,-0.005846
2018-07-27,-0.021534,0.005709,0.003179
2018-07-30,0.027175,-0.009715,-0.01941
2018-07-31,0.000424,-0.001019,0.000746
2018-08-01,0.000236,0.0002,0.000157
2018-08-02,-0.001505,0.001098,0.002412
2018-08-03,-0.009011,-0.009437,-0.00246
2018-08-06,0.000233,0.00018,0.000141
2018-08-07,0.004797,0.002166,0.001227
2018-08-08,0.001891,0.000344,-0.001881
2018-08-09,0.002919,-0.00407,-0.006029
2018-08-10,0.005538,-0.018493,-0.011224
2018-08-13,-0.014528,0.005146,0.002276
2018-08-14,-0.002965,0.004938,-0.000814
2018-08-15,-0.000448,-0.000222,0.001375
2018-08-16,0.003954,0.00135,0.003039
2018-08-17,0.004413,0.001258,0.002835
2018-08-20,0.002483,0.002146,0.004118
2018-08-21,0.009589,0.017278,0.005065
2018-08-22,-0.004818,0.003279,-0.002001
2018-08-23,0.000206,0.001162,0.000257
2018-08-24,-3.7e-05,0.000447,0.001182
2018-08-27,0.004104,-0.000154,0.001786
2018-08-28,-0.001568,-0.002276,-0.000543
2018-08-29,-0.001645,0.000242,-0.000413
2018-08-30,0.035215,-0.013842,0.008527
2018-08-31,-0.001139,0.004239,0.007754
2018-09-03,0.004546,0.003436,0.003243
2018-09-04,0.00277,0.005761,-0.000201
2018-09-05,-0.000486,-0.000743,-0.003558
2018-09-06,0.011297,-0.001622,0.000638
2018-09-07,-0.002097,0.00825,0.004696
2018-09-10,-0.000674,-0.000362,-0.00099
2018-09-11,0.003665,-3.9e-05,-0.00051
2018-09-12,0.002274,-0.000156,0.00281
2018-09-13,0.000796,-0.000417,0.001806
2018-09-14,0.000459,0.000255,-0.000499
2018-09-17,7.7e-05,0.000394,-0.000371
2018-09-18,0.001187,0.000205,0.001986
2018-09-19,0.000468,0.000604,0.000108
2018-09-20,0.002007,-0.001248,0.000227
2018-09-21,0.004538,0.000539,0.002419
2018-09-24,0.002997,-0.006812,-0.001943
2018-09-25,0.009121,0.000973,-0.015131
2018-09-26,-0.005194,0.003961,0.007701
2018-09-27,-4.1e-05,0.000361,0.00051
2018-09-28,0.000885,-0.000627,0.002737
2018-10-01,-0.002483,0.002698,0.001217
2018-10-02,0.002644,0.001717,0.00019
2018-10-03,0.000378,0.003454,0.002193
2018-10-04,0.001269,-0.000553,0.001447
2018-10-05,-0.00021,0.000169,0.001016
2018-10-08,0.003529,-0.002091,0.001497
2018-10-09,0.006776,-0.004489,-0.001453
2018-10-10,-0.023267,-0.000732,-0.000826
2018-10-11,0.01484,-0.009731,0.012232
2018-10-12,-0.00179,0.003299,0.000661
2018-10-15,0.010679,-0.003133,-0.003009
2018-10-16,0.007767,-0.000356,0.004324
2018-10-17,0.009561,0.003658,0.010923
2018-10-18,0.000812,0.000541,-0.000199
2018-10-19,-0.014499,-0.001756,0.001361
2018-10-22,-0.002198,-0.001498,-0.00026
2018-10-23,-0.001844,-0.011302,-0.003425
2018-10-24,0.003645,0.000356,-0.00587
2018-10-25,0.000713,0.001987,-0.00095
2018-10-26,-0.004989,-0.005714,-0.000253
2018-10-29,-0.000435,0.004253,-0.001579
2018-10-30,0.000348,0.000258,0.00025
2018-10-31,-0.00715,0.000389,-0.000496
2018-11-01,2.6e-05,0.005012,0.004802
2018-11-02,0.000585,0.009365,0.003916
2018-11-05,0.000485,-0.001147,-0.001613
2018-11-06,-0.005158,0.003038,-0.001439
2018-11-07,-0.013344,0.007186,0.000419
2018-11-08,0.004324,-0.007512,-0.002576
2018-11-09,-0.004014,0.003022,0.002226
2018-11-12,0.001512,0.000288,-0.000253
2018-11-13,0.000694,-0.001485,-0.001668
2018-11-14,-0.004559,-0.013581,0.019389
2018-11-15,-0.004976,0.011557,0.014049
2018-11-16,0.015079,0.002143,0.005649
2018-11-19,-0.000257,0.000863,-1.7e-05
2018-11-20,0.00024,0.000189,0.000169
2018-11-21,0.000547,0.001432,-8.1e-05
2018-11-22,-0.000622,0.000139,-0.005068
2018-11-23,4.3e-05,-0.000578,0.000785
2018-11-26,0.00094,0.005048,0.001526
2018-11-27,-0.001284,0.0006,0.002952
2018-11-28,0.000374,-0.001019,0.000288
2018-11-29,0.001547,0.000738,0.000193
2018-11-30,0.010833,-0.002481,-0.00319
2018-12-03,0.001467,0.003347,0.012489
2018-12-04,-0.00123,-0.000839,-0.001534
2018-12-05,0.000561,-0.00071,0.000173
2018-12-06,-0.000224,-0.000246,0.000116
2018-12-07,-0.003219,0.002109,0.002514
2018-12-10,0.016594,-0.00765,-0.000653
2018-12-11,0.000575,9.6e-05,0.000135
2018-12-12,0.000315,0.004107,0.000359
2018-12-13,-0.00063,0.004211,-0.000119
2018-12-14,-0.005448,0.003023,-0.004757
2018-12-17,0.000349,1.3e-05,0.000207
2018-12-18,0.000168,0.000197,0.00012
2018-12-19,0.023198,-0.006253,-0.000895
2018-12-20,0.001539,-0.007571,0.010227
2018-12-21,0.007486,-0.001738,0.007525
2018-12-24,0.010299,0.001474,-0.000487
2018-12-25,-0.00013,-0.001106,0.000103
2018-12-26,0.001297,0.000135,-9.1e-05
2018-12-27,-0.001579,0.001665,0.00556
2018-12-28,-0.002945,0.00197,0.000453
2018-12-31,-0.000914,0.004581,-0.001928
2019-01-01,-0.002646,0.005657,-0.012882
2019-01-02,0.002295,0.003038,-0.000726
2019-01-03,0.001346,0.002638,-0.000208
2019-01-04,-0.014955,0.001808,-0.003795
2019-01-07,-0.00037,-0.000556,-0.000416
2019-01-08,-0.008117,0.005144,0.00208
2019-01-09,0.0062,-0.010106,0.005952
2019-01-10,0.008032,0.013779,-0.008335
2019-01-11,-0.006583,0.007458,0.002988
2019-01-14,-0.001093,0.00367,0.00156
2019-01-15,-0.008665,0.011395,0.00131
2019-01-16,0.013361,0.031047,0.009776
2019-01-17,-0.011867,-0.006996,-0.012433
2019-01-18,-0.000175,-0.000402,-0.001189
2019-01-21,0.000781,0.000212,5.1e-05
2019-01-22,0.00363,-0.00031,0.000308
2019-01-23,0.00053,6.9e-05,0.000146
2019-01-24,0.00186,0.005488,0.011137
2019-01-25,0.003527,0.008457,0.012084
2019-01-28,-0.00086,0.000803,0.001778
2019-01-29,-0.000427,0.005243,0.000195
2019-01-30,-0.006765,-0.007155,-0.007735
2019-01-31,-0.002695,0.001685,-0.000987
2019-02-01,-0.000423,0.001017,0.000297
2019-02-04,0.014875,-0.005952,0.004732
2019-02-05,0.010776,0.001158,0.010934
2019-02-06,-0.000166,0.001018,0.000395
2019-02-07,-0.005473,0.004944,0.003457
2019-02-08,-0.001218,0.000196,-0.000322
2019-02-11,7e-06,0.00063,0.000338
2019-02-12,-0.008534,0.004546,0.000901
2019-02-13,0.000202,0.000787,5e-06
2019-02-14,-0.000723,0.000344,0.000228
2019-02-15,0.00112,-0.001099,0.001428
2019-02-18,0.002939,0.004672,-0.001932
2019-02-19,0.03343,0.017669,0.01175
2019-02-20,-0.001638,-0.018428,-0.0139
2019-02-21,0.004824,-0.010527,-0.007401
2019-02-22,0.000146,-0.001223,0.000397
2019-02-25,-0.00465,0.001111,-0.003564
2019-02-26,0.004855,-0.000675,0.004051
2019-02-27,5.1e-05,-0.001127,-0.000217
2019-02-28,0.000575,0.002588,0.001587
2019-03-01,0.001826,-0.002161,-0.000764
2019-03-04,-0.006619,-0.000126,-0.004221
2019-03-05,0.001089,-0.009563,0.002576
2019-03-06,0.007962,0.004096,0.008772
2019-03-07,0.002966,8.4e-05,-0.001707
2019-03-08,-0.001084,0.000475,-0.000271
2019-03-11,0.008858,0.006545,0.00511
2019-03-12,-0.006262,0.004483,-0.008117
2019-03-13,-0.011074,0.007319,-0.016234
2019-03-14,0.009808,-0.002069,0.006567
2019-03-15,0.000128,-0.001121,0.000183
2019-03-18,0.005439,-0.006234,0.009112
2019-03-19,-0.002291,-0.004241,-0.000313
2019-03-20,0.002226,0.001906,0.003047
2019-03-21,-0.007619,-0.004601,0.002378
2019-03-22,0.016399,-0.00065,0.012189
2019-03-25,0.002448,0.008941,0.001379
2019-03-26,-0.011839,0.006965,-0.000222
2019-03-27,-0.001849,0.000935,-0.004785
2019-03-28,0.0012,-0.003954,-0.003898
2019-03-29,-0.002298,-0.004329,-0.002695
2019-04-01,0.003723,0.007958,-0.000425
2019-04-02,-0.001527,0.000156,2.3e-05
2019-04-03,-0.000925,-0.006708,0.001499
2019-04-04,0.000424,0.001422,-0.000209
2019-04-05,-0.035631,-0.008399,-0.017321
2019-04-08,0.001607,0.00581,0.001328
2019-04-09,-0.007205,0.00022,0.000508
2019-04-10,0.001252,0.001304,0.000592
2019-04-11,-0.002076,0.000199,0.000468
2019-04-12,-0.003298,0.0052,0.002544
2019-04-15,0.009405,0.00195,0.006421
2019-04-16,0.003126,-0.006192,-0.001461
2019-04-17,0.000869,0.000238,2.4e-05
2019-04-18,-0.008838,-9.5e-05,-0.001537
2019-04-19,-0.011463,0.00513,-0.001231
2019-04-22,0.004999,0.001558,0.003208
2019-04-23,-0.008417,0.003191,0.001925
2019-04-24,-0.002199,-0.004508,-0.001913
2019-04-25,-0.00114,0.001278,-0.000415
2019-04-26,0.005701,0.000128,0.002412
2019-04-29,0.007786,-0.011992,-0.00677
2019-04-30,0.011069,-0.004468,-0.001577
2019-05-01,-0.002495,0.001012,-0.001112
2019-05-02,0.002256,0.005801,-0.001021
2019-05-03,0.000127,-0.001694,-0.003235
2019-05-06,-0.002316,0.006313,0.003961
2019-05-07,0.000456,0.001895,0.001517
2019-05-08,0.001567,-0.004231,-0.010662
2019-05-09,-0.001556,0.000387,0.002356
2019-05-10,-0.021766,0.013392,-0.00059
2019-05-13,0.000185,-0.001225,0.003579
2019-05-14,0.001598,0.000747,0.000657
2019-05-15,-0.000456,-0.001617,-0.001684
2019-05-16,0.000523,-0.000421,0.000219
2019-05-17,0.006214,0.001091,-0.002594
2019-05-20,-0.002519,0.007905,-0.000371
2019-05-21,0.002116,0.001466,0.00123
2019-05-22,-0.002337,-0.000612,0.002451
2019-05-23,0.00262,0.007709,0.003944
2019-05-24,0.003201,-0.006033,-0.003434
2019-05-27,0.000761,0.003659,0.000525
2019-05-28,0.000307,0.00213,0.000993
2019-05-29,7.8e-05,0.000495,0.000122
2019-05-30,-0.003902,0.002259,-0.001614
2019-05-31,-0.002325,-0.001209,-0.003858
2019-06-03,0.000181,0.000206,0.000205
2019-06-04,0.005317,-0.006546,-0.002101
2019-06-05,-0.021952,0.017289,0.010592
2019-06-06,-0.001552,0.001068,-0.000347
2019-06-07,0.002745,0.000162,0.002448
2019-06-10,0.010108,-0.011995,-0.002939
2019-06-11,0.005124,0.005318,0.000362
2019-06-12,0.021075,-0.012774,-0.004808
2019-06-13,-0.001633,0.002975,-0.000237
2019-06-14,0.000552,0.000729,-0.0003
2019-06-17,0.002177,0.000121,0.000194
2019-06-18,-0.002484,0.000384,-0.003085
2019-06-19,-0.001925,0.00771,0.00015
2019-06-20,0.000269,0.000211,0.000199
2019-06-21,-0.000714,0.00116,0.000595
2019-06-24,-0.000188,-0.001683,-0.004893
2019-06-25,-0.011738,-0.000418,0.000195
2019-06-26,-0.003543,0.003048,0.000547
2019-06-27,-0.0057,-0.002436,-0.002093
2019-06-28,-0.007305,-0.004758,-0.00481
2019-07-01,0.000854,0.000762,-0.001458
2019-07-02,-0.005259,-0.003458,0.00497
2019-07-03,0.002768,-0.001753,0.000488
2019-07-04,0.000355,0.00507,-0.00303
2019-07-05,-0.000515,-0.000874,0.000354
2019-07-08,0.003447,0.00133,0.001194
2019-07-09,0.002337,0.000546,0.001168
2019-07-10,0.000245,0.001093,-0.000203
2019-07-11,0.004088,-0.003596,-0.001763
2019-07-12,-0.005314,-0.002276,0.002275
2019-07-15,0.001983,-0.003983,0.004205
2019-07-16,0.00248,0.001034,0.004221
2019-07-17,-0.000561,0.000873,0.000524
2019-07-18,-0.001405,0.000675,-0.000973
2019-07-19,0.002907,0.000764,0.002851
2019-07-22,0.000523,0.000498,-0.004986
2019-07-23,-0.000834,-7.8e-05,-4.5e-05
2019-07-24,-0.006371,0.002323,-1.3e-05
2019-07-25,0.006094,-0.000215,0.003227
2019-07-26,-0.005049,-0.004602,-0.007197
2019-07-29,-0.002643,0.01343,0.003837
2019-07-30,0.002085,0.001923,0.002283
2019-07-31,0.002365,0.000571,0.001011
2019-08-01,0.009516,0.004707,-0.005244
2019-08-02,-0.000227,-0.001758,-0.002881
2019-08-05,-0.007471,-0.003404,-0.001012
2019-08-06,0.000437,-0.004119,0.000835
2019-08-07,-0.003224,-0.005703,-0.001305
2019-08-08,0.003637,-0.000714,0.00066
2019-08-09,0.001878,0.00068,0.000803
2019-08-12,-0.00023,0.002014,0.001675
2019-08-13,0.007147,0.001502,0.00585
2019-08-14,0.007043,0.019086,-0.001949
2019-08-15,0.001307,0.002914,-0.000258
2019-08-16,0.005237,-0.003839,0.00604
2019-08-19,0.012629,-0.014789,-0.010364
2019-08-20,0.004369,-0.003791,-0.001615
2019-08-21,-0.000184,-0.002384,0.00139
2019-08-22,0.000328,0.000884,4.6e-05
2019-08-23,-0.000841,-0.00599,-0.001136
2019-08-26,0.000208,0.000192,-8.3e-05
2019-08-27,-0.002658,0.001501,-4.8e-05
2019-08-28,5e-05,0.001615,-0.000865
2019-08-29,0.001501,-0.000236,-0.000298
2019-08-30,0.001989,0.003313,0.001853
2019-09-02,0.000102,0.000358,0.000305
2019-09-03,0.005618,0.000232,0.002037
2019-09-04,-4.8e-05,-0.00079,-0.000191
2019-09-05,-0.003982,-0.002357,-0.000761
2019-09-06,-0.001678,0.001126,-0.001479
2019-09-09,-0.006904,0.000545,-0.007359
2019-09-10,0.002355,0.003622,0.003115
2019-09-11,-0.010562,0.005578,-0.00365
2019-09-12,-0.001069,0.000237,2.4e-05
2019-09-13,-0.000457,0.000367,0.000683
2019-09-16,0.009202,-0.00444,-0.002545
2019-09-17,0.000688,0.006944,-0.003454
2019-09-18,0.003678,0.029369,-0.013464
2019-09-19,-0.001037,-0.005,0.001825
2019-09-20,-0.006329,0.014407,0.004953
2019-09-23,0.009824,-0.000111,-0.008914
2019-09-24,-0.005311,-0.001149,0.004407
2019-09-25,-0.010174,0.009561,-0.010248
2019-09-26,-0.000685,0.002091,0.000878
2019-09-27,-0.008761,0.033098,0.00978
2019-09-30,0.005039,-0.003468,0.001177
2019-10-01,-0.002569,0.000923,-0.005819
2019-10-02,0.008258,-0.00269,0.002172
2019-10-03,0.00091,0.001219,0.000425
2019-10-04,0.003526,0.011418,-0.000604
2019-10-07,-0.003914,-0.00505,-0.002941
2019-10-08,0.004765,-0.012699,-0.002088
2019-10-09,0.000656,-0.000138,0.000223
2019-10-10,-0.00416,0.004446,0.004943
2019-10-11,0.001896,0.000101,-0.002496
2019-10-14,-0.004332,0.002677,-0.002359
2019-10-15,-0.00081,-0.000609,0.000496
2019-10-16,0.000181,0.001266,0.000218
2019-10-17,0.001163,0.000952,-0.002898
2019-10-18,-0.004034,0.003177,-0.005687
2019-10-21,0.010944,-0.007511,-0.013318
2019-10-22,-0.007303,0.000494,-0.004534
2019-10-23,-0.001042,-0.000256,-0.003403
2019-10-24,0.001044,-0.000709,-0.000202
2019-10-25,0.008857,-0.01089,0.001493
2019-10-28,0.000201,0.000355,5e-06
2019-10-29,0.001093,-0.00054,0.00016
2019-10-30,0.011456,0.002012,-0.000242
2019-10-31,0.001034,-0.000509,0.001542
2019-11-01,-0.000148,-0.001146,-0.000628
2019-11-04,-0.004448,0.002076,0.003056
2019-11-05,0.002056,0.001179,0.001988
2019-11-06,0.004655,2.4e-05,0.003828
2019-11-07,0.003726,-0.001343,0.00106
2019-11-08,-0.000777,-0.000415,-0.000856
2019-11-11,0.017192,-0.019764,-0.008869
2019-11-12,0.001528,-0.002331,0.000619
2019-11-13,0.001053,0.003123,0.005553
2019-11-14,0.002519,0.003808,0.003652
2019-11-15,-0.002684,-0.000396,-0.000414
2019-11-18,0.006245,0.024086,-0.008844
2019-11-19,-0.013144,0.00448,-9.8e-05
2019-11-20,0.009842,-0.011738,-0.007202
2019-11-21,0.00058,0.011206,-0.003662
2019-11-22,3.8e-05,0.000685,-0.004122
2019-11-25,-0.00462,0.002576,0.00211
2019-11-26,-0.001186,0.003574,0.002049
2019-11-27,0.002416,-0.000797,-0.000159
2019-11-28,-0.003248,0.004268,0.002933
2019-11-29,-0.00031,6e-05,-0.000435
2019-12-02,-0.002983,-0.001397,0.001084
2019-12-03,0.005079,0.001575,-0.000266
2019-12-04,0.0075,0.005808,0.001918
2019-12-05,9.8e-05,-0.006082,0.00069
2019-12-06,0.000883,0.000494,-0.000484
2019-12-09,0.000847,0.000257,1.9e-05
2019-12-10,-0.000485,0.00234,0.00061
2019-12-11,3.9e-05,-0.000968,-0.000117
2019-12-12,0.010769,-0.0003,0.003727
2019-12-13,0.00021,0.000131,0.000147
2019-12-16,0.00368,0.000467,0.005014
2019-12-17,0.003502,-0.001266,0.003353
2019-12-18,0.002825,0.00099,-0.005241
2019-12-19,0.007203,-0.003196,0.002624
2019-12-20,0.007851,0.003535,-0.00938
2019-12-23,0.000553,-0.000427,-0.001861
2019-12-24,0.001084,-0.001271,0.000716
2019-12-25,0.000226,0.000213,0.000159
2019-12-26,0.000251,0.000165,0.000169
2019-12-27,0.005758,-0.00691,-3.3e-05
2019-12-30,-0.004665,0.002735,0.000883
2019-12-31,0.007874,-0.002103,0.002466
2020-01-01,0.030175,0.002075,0.006313
2020-01-02,0.002808,0.002458,0.000339
2020-01-03,-0.006731,-0.006932,-0.00036
2020-01-06,-0.001618,-0.00163,-0.006601
2020-01-07,-0.002059,0.001259,-0.000128
2020-01-08,0.001732,-0.00058,0.000756
2020-01-09,0.005632,0.001913,0.003691
2020-01-10,-0.020663,-0.004402,0.001437
2020-01-13,0.001645,0.000495,0.000136
2020-01-14,-0.007225,0.003672,0.003373
2020-01-15,-0.000635,0.001566,0.001067
2020-01-16,-0.000409,0.000218,8.6e-05
2020-01-17,-0.000871,0.00338,0.000634
2020-01-20,-0.00164,-0.003814,0.002169
2020-01-21,0.002628,-0.002934,0.003639
2020-01-22,-0.006604,0.010228,-0.002479
2020-01-23,0.000638,0.000362,-0.000832
2020-01-24,-0.00767,0.002901,0.003585
2020-01-27,-0.00561,0.007216,-0.003596
2020-01-28,0.010186,-0.012575,-0.007303
2020-01-29,0.010617,0.020892,0.004836
2020-01-30,-0.001233,-0.000696,-0.000773
2020-01-31,0.003907,-0.000374,1.3e-05
2020-02-03,-0.00878,0.014701,-0.005519
2020-02-04,-0.00049,0.001625,0.003314
2020-02-05,-0.000114,0.000509,0.000121
2020-02-06,-0.00022,0.002312,0.002351
2020-02-07,-0.007578,0.002473,-0.000331
2020-02-10,0.002027,0.000701,0.001338
2020-02-11,-0.001068,0.001827,0.004651
2020-02-12,0.001285,-0.00228,-0.003935
2020-02-13,-0.013883,-0.012681,0.007069
2020-02-14,0.000453,6.4e-05,0.000203
2020-02-17,-0.003841,0.006204,0.001182
2020-02-18,0.018685,-0.028118,-0.007041
2020-02-19,0.001881,-0.001287,0.002954
2020-02-20,0.000727,0.000269,-0.000837
2020-02-21,0.007141,-0.009968,-0.002862
2020-02-24,0.004627,-0.002615,0.001461
2020-02-25,-0.005633,0.005497,0.001792
2020-02-26,0.004667,0.003621,0.000577
2020-02-27,0.002759,0.004127,0.000759
2020-02-28,0.000282,-2.1e-05,0.000437
2020-03-02,-0.00623,-0.005722,0.004311
2020-03-03,0.000474,0.000262,0.000167
2020-03-04,0.018179,-0.015047,-0.016434
2020-03-05,0.00079,-0.000555,-0.000719
2020-03-06,-0.007324,-0.005508,-0.014097
2020-03-09,-0.012632,-0.000405,-0.000393
2020-03-10,0.000483,0.000343,0.002088
2020-03-11,0.008321,-6.6e-05,0.000824
2020-03-12,0.00043,-0.000265,-0.001015
2020-03-13,-0.000535,-0.002898,-0.007418
2020-03-16,0.003631,0.007449,0.003494
2020-03-17,-0.000617,0.000935,0.005502
2020-03-18,0.004538,-0.005221,-0.00187
2020-03-19,0.000169,0.000707,0.000706
2020-03-20,0.000747,0.007658,0.003102
2020-03-23,0.002314,-0.004553,-0.013246
2020-03-24,-0.011944,-0.003636,0.008672
2020-03-25,0.000816,-2e-05,-0.000613
2020-03-26,0.007513,0.000153,-0.00213
2020-03-27,-0.001514,0.00221,0.000843
2020-03-30,0.00021,-2.2e-05,-0.000322
2020-03-31,-0.011479,0.005725,0.003598
2020-04-01,-0.006335,0.001364,-0.00678
2020-04-02,0.005687,0.001136,0.003147
2020-04-03,0.000279,0.000321,0.000141
2020-04-06,-0.001776,0.004644,0.003147
2020-04-07,0.005729,-0.005423,0.000306
2020-04-08,0.007341,-0.019484,0.002992
2020-04-09,0.000462,0.00387,0.000781
2020-04-10,-0.003565,-0.001205,-0.005049
2020-04-13,0.010654,-0.001827,0.00339
2020-04-14,0.004048,-0.010739,-0.006204
2020-04-15,-0.002453,0.003484,0.000992
2020-04-16,-0.00241,0.000314,0.006683
2020-04-17,-0.005694,0.003829,0.002283
2020-04-20,0.001915,-0.002243,0.006064
2020-04-21,-0.006851,-0.011479,-0.007525
2020-04-22,-0.003141,-0.000845,0.001264
2020-04-23,0.001963,-0.006534,0.000874
2020-04-24,0.013435,-0.014285,-0.001113
2020-04-27,0.008098,-0.01802,0.004756
2020-04-28,0.001548,-0.01185,0.008314
2020-04-29,4.8e-05,0.000284,8.3e-05
2020-04-30,0.003488,-0.005254,-0.00218
2020-05-01,0.004396,0.004107,0.002927
2020-05-04,0.003254,-0.000288,0.000601
2020-05-05,0.000229,-0.005001,0.003325
2020-05-06,0.003916,-0.001935,-0.003404
2020-05-07,-0.012857,0.01161,-0.001406
2020-05-08,-0.000981,0.001879,-0.001945
2020-05-11,0.000132,0.000106,7.5e-05
2020-05-12,0.001742,-0.006976,-0.002583
2020-05-13,0.009562,0.003028,0.002361
2020-05-14,-0.018007,-0.006287,-0.001347
2020-05-15,0.006136,-0.002845,0.004908
2020-05-18,-0.003584,6.9e-05,0.001461
2020-05-19,0.001822,-0.008051,0.002472
2020-05-20,0.002528,-0.003892,-0.002335
2020-05-21,-0.000349,0.000788,0.001364
2020-05-22,-0.002462,0.001627,0.000856
2020-05-25,0.003449,-0.008384,-0.008976
2020-05-26,0.000316,0.000115,0.000563
2020-05-27,0.000808,-0.000545,0.000534
2020-05-28,4.7e-05,0.000511,0.000455
2020-05-29,0.001643,-0.005119,0.000646
2020-06-01,-0.002,-0.002037,-0.002951
2020-06-02,0.001005,-0.002144,0.001307
2020-06-03,0.000868,-0.002247,0.000584
2020-06-04,0.000538,0.002011,-0.001313
2020-06-05,-0.012827,0.006853,0.012115
2020-06-08,0.006208,0.006674,0.00875
2020-06-09,0.000258,0.000692,0.000271
2020-06-10,0.001811,-0.001781,-0.007052
2020-06-11,0.003992,-0.008622,-0.000815
2020-06-12,0.000157,-0.000328,-0.000307
2020-06-15,-0.002627,0.002229,0.00076
2020-06-16,7.3e-05,-5.2e-05,0.000103
2020-06-17,-0.002886,-0.001739,0.001209
2020-06-18,-0.002282,0.003361,-8.3e-05
2020-06-19,0.001608,0.005451,-0.000866
2020-06-22,-0.000123,0.000145,-0.000219
2020-06-23,0.005482,0.001503,0.002638
2020-06-24,-0.020248,0.011416,0.004224
2020-06-25,0.000596,1.9e-05,0.002175
2020-06-26,0.002898,-0.00034,0.000862
2020-06-29,0.001561,0.005888,0.012881
2020-06-30,-0.014669,0.008112,0.004707
2020-07-01,-0.003434,0.006375,-0.009931
2020-07-02,-0.001256,0.000896,-0.001404
2020-07-03,-0.010953,0.007127,0.010482
2020-07-06,-0.000252,-0.000137,0.002598
2020-07-07,-0.011512,0.002953,-0.006441
2020-07-08,0.00024,0.000196,0.000156
2020-07-09,0.003915,-0.004917,0.000228
2020-07-10,0.005332,-0.005446,-0.001198
2020-07-13,-0.005789,0.003025,-0.000194
2020-07-14,0.002199,-0.00205,-0.001279
2020-07-15,-0.004964,-0.009079,0.003237
2020-07-16,-0.000492,0.001723,0.000266
2020-07-17,0.001028,-0.002097,-7.2e-05
2020-07-20,0.001287,0.000481,0.000251
2020-07-21,-0.001585,0.002878,0.000886
2020-07-22,0.000571,0.001634,0.000559
2020-07-23,-0.025517,0.003544,-0.020602
2020-07-24,0.000182,0.000186,0.000224
2020-07-27,0.008,-0.005129,0.002922
2020-07-28,0.009069,-0.003055,0.000284
2020-07-29,-0.000196,0.000132,0.001471
2020-07-30,-0.000202,0.00269,7.2e-05
2020-07-31,0.001087,-0.00024,0.000178
2020-08-03,-0.002267,0.001164,-0.001705
2020-08-04,0.000842,-0.002422,0.000808
2020-08-05,0.010972,-0.003137,0.005897
2020-08-06,0.00099,7e-05,-0.000389
2020-08-07,-0.017477,0.015333,-0.002912
2020-08-10,-0.001606,0.001056,0.000994
2020-08-11,-0.025514,0.010092,0.000632
2020-08-12,-4.6e-05,0.000346,0.000142
2020-08-13,-0.017155,0.020659,0.02594
2020-08-14,0.00379,0.005534,0.000379
2020-08-17,0.000582,-0.000238,-0.000228
2020-08-18,0.00736,-0.00184,0.002533
2020-08-19,0.001754,0.001939,-0.000777
2020-08-20,-0.004967,0.003908,0.00282
2020-08-21,0.015637,-0.002636,-0.002133
2020-08-24,0.0029,-0.000651,-0.002382
2020-08-25,-0.000529,-0.000514,-0.000289
2020-08-26,0.00283,-0.002433,-0.001839
2020-08-27,-0.001928,-0.005629,-0.002542
2020-08-28,0.000633,0.00062,-0.000449
2020-08-31,0.005309,0.004198,0.005305
2020-09-01,0.001379,-0.001353,0.002187
2020-09-02,-0.004697,-0.000228,0.001783
2020-09-03,-0.000707,0.00037,0.000571
2020-09-04,-0.000799,0.000757,0.000323
2020-09-07,0.008927,-0.000328,0.002307
2020-09-08,0.000796,-0.000179,-0.000186
2020-09-09,0.000844,0.000471,-0.000534
2020-09-10,-0.000496,0.001464,0.000634
2020-09-11,-0.005554,0.003155,-0.001934
2020-09-14,0.003031,-0.008383,0.001951
2020-09-15,0.005136,-0.002875,0.011318
2020-09-16,0.004383,-0.016472,-0.005191
2020-09-17,0.008776,0.000157,-0.000799
2020-09-18,0.000639,0.00023,-0.000781
2020-09-21,-0.00325,0.001323,-0.002017
2020-09-22,0.003869,-0.003887,-0.004219
2020-09-23,-0.000539,0.000358,-0.002216
2020-09-24,-0.000575,0.003651,-0.000536
2020-09-25,0.01212,-0.002593,0.010549
2020-09-28,0.001238,-0.002717,-0.000795
2020-09-29,-0.009497,0.002754,-0.006137
2020-09-30,0.000664,-0.001697,0.000368
2020-10-01,-0.00265,0.00376,-0.000714
2020-10-02,0.011315,0.003355,0.003265
2020-10-05,-0.006949,-0.010041,-0.005807
2020-10-06,0.001024,-0.001889,0.002731
2020-10-07,0.003868,0.001611,0.00337
2020-10-08,-0.015304,-0.005561,0.000713
2020-10-09,-0.007205,-0.005544,0.001348
2020-10-12,-0.001474,0.000847,-0.000923
2020-10-13,0.00962,0.00751,0.002241
2020-10-14,0.00023,0.000191,0.000124
2020-10-15,-0.011183,0.013595,-0.011056
2020-10-16,0.000402,0.002503,-0.000136
2020-10-19,0.003047,0.005392,0.00345
2020-10-20,-0.001939,-0.002645,-0.005987
2020-10-21,0.003127,-0.010982,-0.006822
2020-10-22,-0.036248,0.023448,-0.00571
2020-10-23,-0.023867,0.004672,-0.006694
2020-10-26,0.000924,-0.006998,-0.00446
2020-10-27,-0.004473,0.005779,0.00053
2020-10-28,0.000128,0.001869,-0.001812
2020-10-29,0.002475,0.008491,0.001826
2020-10-30,0.000826,0.000253,0.001913
2020-11-02,0.000422,3.7e-05,-1e-06
2020-11-03,0.000401,-0.000388,-7.2e-05
2020-11-04,-0.00908,-0.015677,-0.004246
2020-11-05,-0.002928,0.001091,-2.7e-05
2020-11-06,-0.001082,-0.003569,-0.03019
2020-11-09,-0.00221,0.002136,-0.008601
2020-11-10,2.7e-05,0.00373,-0.002903
2020-11-11,0.000176,0.000778,0.001646
2020-11-12,0.000646,0.0003,0.000223
2020-11-13,0.000112,-0.000152,0.0001
2020-11-16,0.002355,0.005698,0.002325
2020-11-17,1.9e-05,-0.00284,-0.006836
2020-11-18,-6.9e-05,0.001649,-0.000506
2020-11-19,0.000817,0.000945,0.001143
2020-11-20,-0.00609,-0.019949,0.002446
2020-11-23,0.003517,-0.013517,0.001614
2020-11-24,-0.005578,-0.001216,0.005159
2020-11-25,0.002742,-0.000296,-0.003603
2020-11-26,-0.002189,-0.002979,-0.003358
2020-11-27,-0.002741,0.00446,0.003364
2020-11-30,-0.008277,0.004993,0.000161
2020-12-01,-0.001686,-0.000139,-0.00048
2020-12-02,-0.000563,-0.000183,0.001189
2020-12-03,-0.00203,0.001062,-0.001674
2020-12-04,0.011661,0.003564,0.006291
2020-12-07,-0.001112,0.000443,0.000232
2020-12-08,0.000243,0.000192,6.8e-05
2020-12-09,0.001085,0.004863,0.005548
2020-12-10,0.0009,-0.000741,-0.000114
2020-12-11,-0.010176,0.005648,-0.015063
2020-12-14,0.01627,-0.027312,-0.002604
2020-12-15,-0.025603,-0.021554,-0.007206
2020-12-16,-7.8e-05,0.000388,9e-05
2020-12-17,-0.000199,5e-05,0.000319
2020-12-18,-0.00665,-0.003196,0.002116
2020-12-21,0.000437,0.000259,0.000413
2020-12-22,-0.003107,0.000233,0.00022
2020-12-23,-0.025812,0.009218,-0.010865
2020-12-24,-2.9e-05,-0.00205,-5.7e-05
2020-12-25,0.01075,-0.000512,0.004466
2020-12-28,0.000725,-0.000227,-0.001301
2020-12-29,-0.002204,-0.004589,0.002945
2020-12-30,-0.001063,0.00078,-5.2e-05
2020-12-31,-0.008714,-0.000979,-0.008192
2021-01-01,0.003352,-0.000346,-0.00232
2021-01-04,-0.001019,-0.004107,-0.001307
2021-01-05,0.003385,0.001777,-0.000613
2021-01-06,0.002042,-0.000642,0.001176
2021-01-07,-0.001842,0.00097,-0.003061
2021-01-08,-9.8e-05,0.003103,0.002002
2021-01-11,0.000309,0.000311,4.1e-05
2021-01-12,0.000294,1.1e-05,0.000511
2021-01-13,0.000261,0.000484,0.001448
2021-01-14,-0.012008,0.011655,-0.005914
2021-01-15,-0.013836,-0.001614,-0.001274
2021-01-18,0.005516,-0.012613,4.2e-05
2021-01-19,0.009548,0.008783,0.015123
2021-01-20,0.001583,-0.001416,0.001194
2021-01-21,-0.000899,0.000624,0.000577
2021-01-22,-0.000131,0.000267,0.000514
2021-01-25,0.000663,0.000341,0.000173
2021-01-26,0.003736,0.00036,-0.000467
2021-01-27,-0.002921,0.005474,0.010471
2021-01-28,0.000242,0.000741,-0.000743
2021-01-29,0.000246,-0.001681,-0.000665
2021-02-01,0.006391,-0.009341,0.003667
2021-02-02,0.001891,-0.003226,0.005583
2021-02-03,0.009128,-0.007029,-0.00316
2021-02-04,-0.001906,-0.002038,5.6e-05
2021-02-05,0.000152,0.000145,6.6e-05
2021-02-08,0.000174,0.001402,0.001312
2021-02-09,0.005778,0.004707,-0.000717
2021-02-10,-0.00037,0.005009,-4.2e-05
2021-02-11,0.013065,0.003301,-0.002487
2021-02-12,0.029258,-0.001489,0.025994
2021-02-15,0.003845,0.008068,-0.005057
2021-02-16,0.002194,-0.003948,-0.00268
2021-02-17,-0.001603,0.000581,-0.000169
2021-02-18,0.008699,0.002662,-0.002388
2021-02-19,0.001477,-0.00077,0.001164
2021-02-22,4.2e-05,0.00658,0.004986
2021-02-23,-0.000533,0.00168,0.002836
2021-02-24,-0.001068,-0.000562,-0.003291
2021-02-25,-0.003482,0.013178,0.005857
2021-02-26,-0.006378,-0.006208,-0.003693
2021-03-01,0.00167,-0.00221,0.00011
2021-03-02,-0.000148,0.003709,0.001705
2021-03-03,0.041679,-0.019323,-0.000512
2021-03-04,0.003129,-0.002258,1.8e-05
2021-03-05,-0.002382,-0.000825,-0.000878
2021-03-08,0.003301,0.001554,0.008941
2021-03-09,0.001618,6.1e-05,0.004517
2021-03-10,0.006221,-0.000332,0.001028
2021-03-11,-0.000973,0.004437,-0.00063
2021-03-12,0.001894,0.000986,-0.000102
2021-03-15,-0.000493,0.000414,0.00133
2021-03-16,-0.016376,0.008776,-0.00199
2021-03-17,-0.01566,-0.017175,-0.008438
2021-03-18,0.006769,-0.015477,0.023022
2021-03-19,0.010927,-0.00165,0.001881
2021-03-22,0.001013,-0.002503,-0.002278
2021-03-23,-0.000886,-0.007589,0.001823
2021-03-24,0.001544,-0.000689,-0.000387
2021-03-25,0.022852,-0.014142,-0.000404
2021-03-26,0.001748,-0.001756,-0.012534
2021-03-29,-0.006382,0.009077,-0.002382
2021-03-30,0.005252,-0.002309,-0.002186
2021-03-31,-0.003633,0.009337,0.011275
2021-04-01,-0.000986,-0.00511,-0.001618
2021-04-02,0.002073,0.001421,-0.002091
2021-04-05,0.004863,0.006329,0.000994
2021-04-06,-0.000209,0.000568,0.000324
2021-04-07,-0.005401,0.007251,0.000705
2021-04-08,0.000724,-0.00843,-0.001833
2021-04-09,-0.000309,0.002313,0.000865
2021-04-12,0.000904,-0.000709,-0.000294
2021-04-13,0.000903,-0.000171,0.000224
2021-04-14,-0.001083,-0.003825,-8.2e-05
2021-04-15,-0.002401,-0.001874,-0.003859
2021-04-16,0.001347,0.000239,-0.000662
2021-04-19,-0.004547,0.011948,-0.008806
2021-04-20,-0.001131,-0.00271,-0.002442
2021-04-21,0.000597,6.7e-05,-0.001498
2021-04-22,-0.000348,0.000546,0.00028
2021-04-23,-0.000528,0.000428,0.00053
2021-04-26,0.003947,0.000718,0.001525
2021-04-27,0.002671,0.000624,0.00092
2021-04-28,-0.002592,-0.002488,0.001394
2021-04-29,-0.010805,0.001212,-0.00599
2021-04-30,0.00124,0.000668,0.000391
2021-05-03,-0.008469,-0.012436,-0.01311
2021-05-04,-0.004234,0.005379,0.001551
2021-05-05,0.004039,-0.010298,-0.003008
2021-05-06,0.000252,0.000243,3.3e-05
2021-05-07,-0.016303,-0.002387,0.005036
2021-05-10,-0.003922,0.000627,-0.001203
2021-05-11,0.001194,0.000961,0.007637
2021-05-12,0.001774,-0.001843,-0.001328
2021-05-13,-0.00073,0.001212,-0.001554
2021-05-14,-0.007248,-0.001148,-0.001152
2021-05-17,-0.006588,-0.002892,-0.006388
2021-05-18,0.001571,0.001653,0.000391
2021-05-19,0.001344,0.000146,0.001125
2021-05-20,-0.004083,0.000464,-0.001165
2021-05-21,-0.004271,0.002414,0.005527
2021-05-24,0.005,0.002425,-0.006425
2021-05-25,0.000457,-0.001286,-0.003176
2021-05-26,0.002022,0.00359,-0.000115
2021-05-27,-0.003555,0.006682,-0.002494
2021-05-28,0.000264,0.000169,0.000234
2021-05-31,-0.000285,0.000155,0.000204
2021-06-01,0.008958,0.002831,0.005419
2021-06-02,0.000164,0.000155,0.000154
2021-06-03,0.001803,5.7e-05,0.002657
2021-06-04,-0.000518,0.003329,0.002185
2021-06-07,0.00021,0.004841,-0.001515
2021-06-08,-0.001856,0.001333,-0.002491
2021-06-09,-0.000113,-0.001053,-0.001044
2021-06-10,-0.015711,0.015257,0.014048
2021-06-11,0.001431,0.001631,0.000614
2021-06-14,-0.002516,0.004646,0.005228
2021-06-15,0.000201,0.004453,0.002605
2021-06-16,-0.013983,0.040352,-0.028469
2021-06-17,-0.013703,-0.008323,0.004662
2021-06-18,0.0058,0.00226,0.000696
2021-06-21,-0.001147,0.001959,0.000715
2021-06-22,0.000676,-0.000415,-3.7e-05
2021-06-23,-0.000209,-0.000758,-0.000126
2021-06-24,-0.002256,0.001568,-0.000442
2021-06-25,0.005924,-0.005183,-0.001796
2021-06-28,0.00089,0.001111,0.001911
2021-06-29,-0.000151,0.0004,-0.000841
2021-06-30,-0.006302,-0.003787,-0.000109
2021-07-01,0.004601,0.002449,0.002001
2021-07-02,0.0058,0.033707,0.007059
2021-07-05,0.002489,-0.00297,0.003839
2021-07-06,0.002367,-0.006883,-0.005053
2021-07-07,-0.008581,0.010662,0.002801
2021-07-08,-0.002278,0.005132,-0.006461
2021-07-09,0.001752,-0.002954,-0.000956
2021-07-12,0.004335,-0.000732,0.002373
2021-07-13,-0.008448,0.002729,-0.00596
2021-07-14,0.003305,-0.009556,-0.008855
2021-07-15,-0.001088,0.000497,0.000407
2021-07-16,-0.000996,0.000907,0.001841
2021-07-19,0.010244,-0.001513,0.002761
2021-07-20,0.002365,-0.001687,-0.000378
2021-07-21,0.004256,0.00438,0.001978
2021-07-22,0.006685,0.001458,0.000339
2021-07-23,0.000795,0.000888,-0.000802
2021-07-26,0.000314,0.000145,6.9e-05
2021-07-27,-0.000676,0.000452,-0.000264
2021-07-28,0.008659,-0.005579,0.003893
2021-07-29,0.000408,0.000651,-0.000782
2021-07-30,-0.00269,0.004131,0.006849
2021-08-02,-0.001822,-0.005054,-0.001019
2021-08-03,0.001695,-0.000451,0.000466
2021-08-04,-0.003039,0.001689,0.000874
2021-08-05,0.004697,-0.001765,-0.000236
2021-08-06,-0.005919,0.005842,-0.001467
2021-08-09,-0.000563,-0.004088,0.002925
2021-08-10,-0.002168,-5.6e-05,-0.002306
2021-08-11,0.011566,0.003002,-0.000606
2021-08-12,-0.001262,0.001809,-0.00035
2021-08-13,-0.00534,0.002555,0.00152
2021-08-16,0.002955,0.006644,-0.002496
2021-08-17,0.003042,-0.004052,0.00108
2021-08-18,-0.001416,-0.00013,0.000975
2021-08-19,0.00054,0.000193,0.000436
2021-08-20,-0.001984,-0.007238,0.003028
2021-08-23,0.000388,0.003896,-0.004303
2021-08-24,0.001231,0.000299,-0.002455
2021-08-25,-0.006051,-0.000425,9.5e-05
2021-08-26,-0.00161,-0.000425,-0.001624
2021-08-27,-5e-05,-0.000956,0.001377
2021-08-30,-0.001958,-0.002926,-0.001081
2021-08-31,-0.002449,-0.002022,0.00311
2021-09-01,-0.001863,-0.00095,-0.00058
2021-09-02,0.000364,-0.00022,0.000849
2021-09-03,0.001132,0.004016,0.003553
2021-09-06,0.006529,0.004096,0.003234
2021-09-07,-0.00071,0.000181,0.000136
2021-09-08,0.00526,0.00297,-0.000352
2021-09-09,0.000938,0.000584,0.000558
2021-09-10,0.000244,0.001249,0.001271
2021-09-13,0.001837,-3.1e-05,0.000149
2021-09-14,0.000395,0.000183,0.000154
2021-09-15,0.000164,0.000463,-0.000819
2021-09-16,-0.002147,-0.000306,0.001199
2021-09-17,-0.015349,-0.007015,8.2e-05
2021-09-20,-0.001387,-0.003826,-0.001986
2021-09-21,0.000682,-0.005578,0.00825
2021-09-22,-0.001355,0.000621,5e-05
2021-09-23,0.00186,7.3e-05,-0.00363
2021-09-24,0.000413,0.00308,-0.001247
2021-09-27,-0.006248,0.001229,0.006254
2021-09-28,0.002891,-0.007345,-0.004397
2021-09-29,-0.000127,0.000814,6.9e-05
2021-09-30,-0.00186,-0.003518,-0.005632
2021-10-01,0.010723,0.004503,-0.005095
2021-10-04,0.002054,-0.001276,0.000882
2021-10-05,-0.003913,0.001984,0.000724
2021-10-06,0.019447,-0.002212,0.001196
2021-10-07,-0.008235,-0.001294,-0.00411
2021-10-08,-0.000293,-0.00109,-0.001202
2021-10-11,0.000953,0.002462,-0.000663
2021-10-12,0.004854,-0.000182,-0.005292
2021-10-13,-0.00369,0.002386,-3.3e-05
2021-10-14,-0.004343,-0.001434,0.000317
2021-10-15,-0.004812,0.019728,0.004257
2021-10-18,0.002092,0.000353,0.006692
2021-10-19,-0.00104,0.003927,-0.001079
2021-10-20,0.012092,0.001377,0.003967
2021-10-21,-0.003215,0.001853,0.006342
2021-10-22,0.001229,2.1e-05,-0.002503
2021-10-25,0.004878,0.005353,0.003626
2021-10-26,-0.002166,0.002116,6.4e-05
2021-10-27,-0.010049,0.004949,0.007021
2021-10-28,0.000285,0.001711,-0.000279
2021-10-29,-0.004647,-0.005775,-0.005738
2021-11-01,0.006677,-0.001776,0.003877
2021-11-02,-0.001744,0.003247,0.000538
2021-11-03,-0.006024,0.019342,0.001884
2021-11-04,-0.011154,-0.000708,-0.000393
2021-11-05,0.000244,0.000191,0.000151
2021-11-08,0.00485,0.001683,0.004173
2021-11-09,0.002596,-0.001323,-0.000866
2021-11-10,-9.9e-05,0.000286,0.000679
2021-11-11,0.004182,0.00123,-0.002097
2021-11-12,0.003863,-0.0011,0.000892
2021-11-15,0.014626,-0.001161,0.003212
2021-11-16,0.002206,-0.00114,0.001522
2021-11-17,-0.005683,-0.002692,-0.000802
2021-11-18,-0.004709,0.012523,0.00174
2021-11-19,0.018264,-0.002622,0.011353
2021-11-22,0.003938,0.007083,0.014901
2021-11-23,-0.006406,0.004254,-0.002658
2021-11-24,0.003524,0.001805,-0.000279
2021-11-25,-0.00064,0.004578,0.003482
2021-11-26,-0.003241,0.000938,0.00192
2021-11-29,-0.010491,0.005438,-0.000499
2021-11-30,-0.000977,7.9e-05,-0.00073
2021-12-01,0.001639,0.004651,0.001581
2021-12-02,-0.006616,0.003553,-0.002836
2021-12-03,-0.001915,-0.00049,0.000255
2021-12-06,-0.002036,0.000524,0.000176
2021-12-07,-0.003344,-0.002951,0.004055
2021-12-08,0.002875,0.00104,-5.7e-05
2021-12-09,0.034452,0.004193,-0.00324
2021-12-10,-0.007922,0.000942,-0.013241
2021-12-13,0.009991,0.015327,0.001638
2021-12-14,0.000742,0.003484,-0.00024
2021-12-15,-0.017297,0.007777,-0.009207
2021-12-16,0.024582,0.013827,0.009047
2021-12-17,-0.017087,-0.000447,-0.007623
2021-12-20,0.003638,0.000993,-0.001102
2021-12-21,0.005732,0.001416,0.002002
2021-12-22,0.000774,0.00046,0.00058
2021-12-23,-0.004374,-0.002761,-0.002686
2021-12-24,0.005258,-0.002436,-0.005395
2021-12-27,0.002351,-0.002947,-0.00577
2021-12-28,0.002075,0.003486,-0.002477
2021-12-29,-0.003895,0.007611,0.000231
2021-12-30,0.00022,-0.000182,6e-05
2021-12-31,0.000725,0.000267,0.000489
2022-01-03,0.001591,0.000837,0.000464
2022-01-04,-0.004191,0.000901,0.017029
2022-01-05,-0.005296,0.005993,0.00038
2022-01-06,-0.005585,0.002187,-0.003702
2022-01-07,0.002672,8.4e-05,0.001612
2022-01-10,-0.000683,0.001988,0.001037
2022-01-11,0.000606,-0.000274,-0.000104
2022-01-12,0.008388,0.003592,0.006915
2022-01-13,-0.012415,0.024142,0.024701
2022-01-14,0.011807,0.002081,-0.002466
2022-01-17,-0.003278,-0.001664,-0.002991
2022-01-18,-0.003557,0.000846,0.00386
2022-01-19,-0.003018,0.00138,0.014388
2022-01-20,-0.00058,-0.000722,0.000921
2022-01-21,0.000611,-0.000585,0.000322
2022-01-24,0.003166,0.026989,0.012801
2022-01-25,-0.009385,-0.000656,-0.005706
2022-01-26,0.000546,0.001274,-2.4e-05
2022-01-27,0.011184,-0.007684,0.004092
2022-01-28,-0.001163,-0.001552,-0.000588
2022-01-31,-0.003001,0.000442,0.000796
2022-02-01,0.013416,0.000136,-0.004514
2022-02-02,0.001687,-0.003079,-0.002252
2022-02-03,0.019302,0.019873,0.012914
2022-02-04,0.003596,0.007792,0.003606
2022-02-07,-0.002431,0.008537,0.010202
2022-02-08,0.000794,-0.000348,-0.002397
2022-02-09,-0.00172,-0.00329,0.001585
2022-02-10,0.00702,-0.001631,0.009434
2022-02-11,0.00504,0.001274,0.00141
2022-02-14,0.008358,-0.006376,-0.010616
2022-02-15,0.007386,-0.006839,-0.002206
2022-02-16,0.001408,-0.001192,0.000161
2022-02-17,0.001244,0.004541,0.003982
2022-02-18,0.003091,-0.002535,0.000296
2022-02-21,0.011807,0.002926,0.00067
2022-02-22,-0.001762,-0.007871,-0.00594
2022-02-23,-0.005541,0.001293,-0.001113
2022-02-24,0.000814,-0.00079,0.000106
2022-02-25,0.004207,-0.00088,0.002848
2022-02-28,0.000958,-0.001277,-6e-05
2022-03-01,-0.000307,0.001045,0.000468
2022-03-02,-0.002585,0.002444,-0.005084
2022-03-03,0.012921,-0.013052,-0.019723
2022-03-04,0.003487,0.000525,0.005826
2022-03-07,0.009526,-0.010894,0.001279
2022-03-08,-0.00707,0.001406,-0.000573
2022-03-09,-0.00068,0.00082,-1.2e-05
2022-03-10,-4.1e-05,0.004106,0.000363
2022-03-11,-0.003181,-0.003584,-0.002208
2022-03-14,0.002499,0.001679,-0.002052
2022-03-15,-0.003337,-0.004064,4.6e-05
2022-03-16,-0.002099,-0.001445,-0.001523
2022-03-17,-0.00477,0.004666,-0.006376
2022-03-18,0.000466,-0.000879,0.002145
2022-03-21,-0.004322,-0.003026,0.006571
2022-03-22,0.009501,0.002472,0.003296
2022-03-23,-0.001874,-0.000258,0.000699
2022-03-24,0.002763,0.013572,0.006529
2022-03-25,0.007615,-0.013502,0.001617
2022-03-28,0.001207,0.000288,-0.000139
2022-03-29,5.1e-05,0.000201,0.000217
2022-03-30,-0.009872,0.004228,0.001416
2022-03-31,0.009782,-0.003087,-0.000545
2022-04-01,0.007822,0.004208,0.005795
2022-04-04,0.025054,0.026291,0.014587
2022-04-05,-0.012745,-0.003268,-0.002251
2022-04-06,0.004416,-0.002194,0.001962
2022-04-07,0.002768,0.001121,8.9e-05
2022-04-08,0.000656,0.000491,-0.000203
2022-04-11,-0.004213,-0.001411,0.004519
2022-04-12,0.00486,-0.002966,-0.005951
2022-04-13,-0.001847,-0.003924,0.00248
2022-04-14,-0.001325,-0.001322,-0.00124
2022-04-15,0.010017,0.005288,0.003404
2022-04-18,0.000925,0.000917,0.001218
2022-04-19,-0.002408,0.00108,9.1e-05
2022-04-20,0.006288,-0.006315,0.00291
2022-04-21,0.000475,0.00032,-4e-06
2022-04-22,-0.000868,0.003706,0.002364
2022-04-25,0.000238,0.000198,0.000159
2022-04-26,0.001017,0.000185,-0.000359
2022-04-27,0.002619,-0.00089,-0.002118
2022-04-28,0.001155,-0.001195,-0.001058
2022-04-29,0.00037,0.004046,0.003564
2022-05-02,-0.006595,0.005219,-0.005433
2022-05-03,0.00087,-0.003651,-0.000382
2022-05-04,0.003171,0.001068,0.00178
2022-05-05,-0.004837,-0.012546,-0.002381
2022-05-06,-0.001459,-0.001293,-0.001493
2022-05-09,0.005167,-0.001516,0.003264
2022-05-10,0.000837,0.001737,1e-06
2022-05-11,0.005078,-0.00091,-0.001133
2022-05-12,-0.007704,0.011747,-0.001482
2022-05-13,0.001524,-0.000704,-0.001834
2022-05-16,2.4e-05,0.0006,0.005172
2022-05-17,-0.00268,0.002408,-0.000432
2022-05-18,0.00097,0.008621,0.005201
2022-05-19,-0.006414,0.015966,-0.001288
2022-05-20,0.012933,-0.005058,-0.003534
2022-05-23,-0.007223,-0.013002,-0.004152
2022-05-24,0.001835,-0.003815,-0.008
2022-05-25,0.000839,-0.001256,-0.000467
2022-05-26,-0.004303,0.007693,8.2e-05
2022-05-27,-0.00052,-0.001705,0.003483
2022-05-30,-0.004365,-0.003116,0.000507
2022-05-31,0.005589,-0.000351,-0.000408
2022-06-01,-0.005228,0.001498,0.001347
2022-06-02,0.000455,-0.001761,0.001242
2022-06-03,0.004785,0.000292,0.002845
2022-06-06,-0.001777,-0.001054,-0.001994
2022-06-07,-0.004307,-0.000914,-0.002602
2022-06-08,0.002788,0.000423,0.001615
2022-06-09,0.01267,-0.00829,-0.010947
2022-06-10,0.000773,0.000188,0.000253
2022-06-13,0.005663,0.00382,0.001723
2022-06-14,-0.001581,0.000834,0.000786
2022-06-15,0.000422,-0.000135,0.000366
2022-06-16,-0.000167,0.007093,0.01365
2022-06-17,-0.002048,6e-06,-0.000825
2022-06-20,0.001476,0.001537,-0.000371
2022-06-21,0.026713,-0.016605,-0.002673
2022-06-22,0.003148,-0.000996,-0.001821
2022-06-23,-0.001384,-0.001155,0.001168
2022-06-24,0.009816,-0.003633,0.002347
2022-06-27,0.002096,-0.001604,-0.001255
2022-06-28,-0.010133,0.001243,0.004095
2022-06-29,5.7e-05,0.000516,0.000353
2022-06-30,-0.006498,-0.002856,0.003964
2022-07-01,-0.006131,-0.002673,-0.007443
2022-07-04,-0.013613,0.003406,-0.004417
2022-07-05,0.000342,0.000524,0.000154
2022-07-06,-0.000175,9.9e-05,-5.2e-05
2022-07-07,0.00837,-0.000998,0.003364
2022-07-08,-0.000492,0.000539,-0.001494
2022-07-11,0.001967,-0.004243,0.001654
2022-07-12,0.003931,-0.000754,0.002479
2022-07-13,0.001329,0.000436,0.001055
2022-07-14,0.000828,0.00273,0.004954
2022-07-15,-0.005366,0.001323,-0.001204
2022-07-18,6.1e-05,8.8e-05,-0.000245
2022-07-19,-0.000878,0.00845,0.002983
2022-07-20,0.003162,6.5e-05,0.000259
2022-07-21,0.012699,-0.00586,0.001477
2022-07-22,-0.011807,-0.001082,-0.003244
2022-07-25,0.009322,-0.012659,-0.005958
2022-07-26,0.005625,0.0001,0.000934
2022-07-27,-0.003666,-0.002019,0.005836
2022-07-28,0.007561,-0.000163,-0.00248
2022-07-29,0.005429,-0.006734,-0.001966
2022-08-01,-0.014053,-0.00191,-0.000158
2022-08-02,-0.004071,0.011917,-0.000282
2022-08-03,0.001181,0.000927,0.000536
2022-08-04,-0.012749,0.004395,-0.002537
2022-08-05,0.001245,-0.002293,0.002828
2022-08-08,0.000142,0.000165,0.0006
2022-08-09,0.013748,0.013616,0.00097
2022-08-10,0.003843,0.001955,0.00245
2022-08-11,-0.05551,0.052462,-0.038603
2022-08-12,-0.001145,-8e-06,-0.001768
2022-08-15,0.002095,-0.007276,0.004748
2022-08-16,-0.002555,-0.016959,0.001131
2022-08-17,0.000175,0.001051,-0.000682
2022-08-18,5.6e-05,0.000867,0.001649
2022-08-19,0.001045,-0.004211,-0.004472
2022-08-22,-0.000735,0.00072,0.001139
2022-08-23,0.004996,0.000573,-0.000353
2022-08-24,-0.007037,-0.020636,-0.008883
2022-08-25,0.008657,-0.005324,0.051634
2022-08-26,-0.000562,0.000689,-0.000134
2022-08-29,0.000531,-0.000189,0.00025
2022-08-30,0.001739,-0.000654,0.00062
2022-08-31,-0.003441,0.015995,0.001437
2022-09-01,0.011189,0.006666,0.008734
2022-09-02,0.00167,-0.017536,-0.004119
2022-09-05,0.003201,0.000521,-0.000862
2022-09-06,-0.013988,0.009175,-0.002725
2022-09-07,0.000415,0.000331,8.7e-05
2022-09-08,-0.000844,0.000202,0.000123
2022-09-09,-0.000722,2.1e-05,-0.000385
2022-09-12,-0.021876,0.004272,-0.004326
2022-09-13,-0.000629,0.00162,-0.001971
2022-09-14,0.003642,0.005616,0.005626
2022-09-15,0.001165,-0.00033,0.000228
2022-09-16,0.001159,-0.001075,-0.000729
2022-09-19,0.000211,0.000313,0.000381
2022-09-20,-0.007465,0.000934,0.000533
2022-09-21,0.002079,-0.001096,-0.000718
2022-09-22,-0.006037,0.004372,0.002624
2022-09-23,-0.001923,-0.002992,-0.000437
2022-09-26,0.002486,-0.00191,-0.00125
2022-09-27,9.5e-05,0.000858,0.000447
2022-09-28,0.002904,0.018168,0.001108
2022-09-29,-0.032679,0.009309,0.014751
2022-09-30,0.000277,0.000871,0.000146
2022-10-03,0.002377,-0.001267,0.002934
2022-10-04,-0.001032,-0.002829,-0.001557
2022-10-05,0.005983,-0.004568,-0.002612
2022-10-06,-0.001343,0.000853,-0.00051
2022-10-07,-1.7e-05,0.001013,0.000462
2022-10-10,0.00237,-0.007768,-0.00396
2022-10-11,0.009064,0.004563,0.010166
2022-10-12,0.000115,0.000251,0.000111
2022-10-13,0.000313,0.000727,-4.1e-05
2022-10-14,-0.00142,5.6e-05,-0.002041
2022-10-17,-0.002867,0.011851,-0.011298
2022-10-18,0.002534,-0.002045,-0.000109
2022-10-19,-0.012284,-0.003431,0.005695
2022-10-20,0.000742,-0.001427,0.001007
2022-10-21,0.013183,0.012588,0.007898
2022-10-24,-0.001358,-0.000743,0.000222
2022-10-25,-0.003615,0.003207,-8.3e-05
2022-10-26,-0.000339,0.001137,9.1e-05
2022-10-27,-0.002952,-0.005715,-0.006162
2022-10-28,0.004451,-0.003253,0.000705
2022-10-31,-0.003839,0.002058,-0.000102
2022-11-01,0.000634,0.000341,-0.000271
2022-11-02,0.001634,0.003272,0.003871
2022-11-03,0.000411,4.5e-05,-0.000918
2022-11-04,0.000204,0.00014,0.001015
2022-11-07,-0.003485,0.002005,0.002733
2022-11-08,0.00015,0.000282,3.2e-05
2022-11-09,-0.016466,0.00903,-0.00229
2022-11-10,0.002799,-0.006588,-0.004927
2022-11-11,-0.001792,-6.5e-05,0.000646
2022-11-14,-0.001516,0.003774,-0.001933
2022-11-15,0.002871,-0.00319,0.001684
2022-11-16,0.000232,0.000265,0.000168
2022-11-17,0.006592,0.009428,-0.001838
2022-11-18,-0.0017,0.003288,0.000965
2022-11-21,0.002266,-0.000255,6e-05
2022-11-22,0.002356,0.001487,0.000907
2022-11-23,-0.005214,0.00193,-0.00121
2022-11-24,-0.003678,-0.001126,-0.003917
2022-11-25,6.2e-05,-0.000892,-0.000987
2022-11-28,0.002286,-0.004471,-0.002446
2022-11-29,0.001369,0.000271,0.001205
2022-11-30,-0.002802,0.001486,0.00317
2022-12-01,0.000816,-0.00011,0.000257
2022-12-02,-0.002138,0.000498,-0.001781
2022-12-05,0.000877,0.000699,-0.001526
2022-12-06,0.02559,0.003325,0.000324
2022-12-07,-0.00073,0.002471,-0.004179
2022-12-08,0.004987,0.002318,0.005994
2022-12-09,0.002755,0.000318,0.000834
2022-12-12,0.000331,-0.000802,-5.2e-05
2022-12-13,-0.008106,0.004304,0.004537
2022-12-14,0.001163,-0.001292,-0.000137
2022-12-15,-0.003724,0.004426,0.001691
2022-12-16,0.032787,7.2e-05,0.007888
2022-12-19,0.001354,-0.000945,0.001771
2022-12-20,0.004949,-0.00544,-0.005528
2022-12-21,0.000219,-0.000323,-0.000607
2022-12-22,0.00063,-0.00335,0.001263
2022-12-23,0.000636,0.000124,0.000294
2022-12-26,-0.009245,-0.003545,-0.004495
2022-12-27,-0.007971,-0.001468,-0.005118
2022-12-28,0.000342,0.000429,0.000988
2022-12-29,0.004887,-0.008619,-0.020604
2022-12-30,0.002182,-0.000852,-5.1e-05
2023-01-02,-0.00986,-0.000399,0.002734
2023-01-03,-0.004898,0.001994,-0.010003
2023-01-04,0.003219,0.000933,0.000984
2023-01-05,-0.009873,-0.010743,-0.004606
2023-01-06,0.001638,-0.001463,-0.000314
2023-01-09,-0.00151,0.000867,0.003723
2023-01-10,-0.001322,0.006586,0.001689
2023-01-11,-0.006521,-0.003324,0.00287
2023-01-12,0.001862,-0.003403,-0.001572
2023-01-13,-0.002401,0.001095,0.008266
2023-01-16,0.011065,-0.003088,-0.006323
2023-01-17,-0.005165,-0.002792,0.007509
2023-01-18,-2.3e-05,-0.004329,-0.002651
2023-01-19,-0.004604,0.001079,-0.00499
2023-01-20,-0.00033,-0.000407,-0.001522
2023-01-23,-0.00774,0.011816,0.006662
2023-01-24,0.001944,0.00018,0.001626
2023-01-25,-0.001489,0.000217,-0.000593
2023-01-26,-0.004887,0.000727,0.005374
2023-01-27,0.000738,-0.000201,0.000365
2023-01-30,0.000541,0.000406,-1.4e-05
2023-01-31,0.000233,0.000202,0.000193
2023-02-01,0.003002,-0.001117,-0.000943
2023-02-02,0.011096,0.003597,-0.002819
2023-02-03,0.020867,-0.009066,0.014151
2023-02-06,0.002439,-0.000904,-0.000781
2023-02-07,0.002044,-0.000205,-0.001166
2023-02-08,-0.000255,0.00056,0.000834
2023-02-09,-0.001864,0.000733,-0.000288
2023-02-10,0.00301,-0.000373,0.002509
2023-02-13,-0.0089,0.003259,-0.004631
2023-02-14,-0.001807,0.002491,0.007195
2023-02-15,0.002031,-0.002544,-0.002278
2023-02-16,-0.006313,0.000825,0.001591
2023-02-17,-0.007002,0.007085,-0.0026
2023-02-20,-0.001551,-0.0041,0.002437
2023-02-21,0.028054,0.035582,0.008009
2023-02-22,-0.013083,-0.004104,0.005475
2023-02-23,-0.01741,-0.013407,-0.00145
2023-02-24,-0.004713,-0.004546,-0.001928
2023-02-27,-0.003132,-0.002443,-0.00769
2023-02-28,0.001533,0.000264,0.001148
2023-03-01,-1.3e-05,0.006913,0.011024
2023-03-02,0.000218,0.003411,0.002372
2023-03-03,0.004586,0.002379,5.2e-05
2023-03-06,-0.002469,0.001845,0.001105
2023-03-07,-0.030925,-0.049622,-0.022818
2023-03-08,0.000423,-0.007689,0.003262
2023-03-09,-0.001552,-0.001717,-0.004093
2023-03-10,0.009486,-0.01303,-0.003852
2023-03-13,-0.005349,0.015194,-0.005304
2023-03-14,0.0097,0.003743,0.000618
2023-03-15,0.00047,0.000285,0.000396
2023-03-16,0.004817,0.004074,0.003232
2023-03-17,-0.000547,4.8e-05,0.000165
2023-03-20,0.007053,0.006732,-0.002825
2023-03-21,-0.000188,-0.001589,0.006719
2023-03-22,-0.006011,0.010032,0.001801
2023-03-23,0.001292,-0.001082,0.000392
2023-03-24,0.000472,-0.001324,-0.002621
2023-03-27,-0.018595,-0.00361,0.002958
2023-03-28,0.000163,0.000289,4.9e-05
2023-03-29,-0.005408,0.006597,0.000626
2023-03-30,-0.00782,0.002692,5.1e-05
2023-03-31,-0.00847,0.019359,0.01387
2023-04-03,0.008404,-0.004135,0.005346
2023-04-04,4.9e-05,0.000334,-0.000294
2023-04-05,0.000281,0.000664,0.0001
2023-04-06,-0.00085,0.000614,0.000385
2023-04-07,0.001852,-0.001762,-0.005773
2023-04-10,0.000377,0.000205,8.7e-05
2023-04-11,-0.001151,-0.000587,-0.001234
2023-04-12,0.000206,0.00017,0.000226
2023-04-13,-0.00067,0.005117,0.004477
2023-04-14,0.018976,-0.041305,0.008853
2023-04-17,0.002978,-0.000498,-0.000287
2023-04-18,0.001051,0.000448,0.000992
2023-04-19,0.003362,0.014215,-0.011522
2023-04-20,0.000956,-0.000252,0.009899
2023-04-21,0.001306,-0.001723,-0.006543
2023-04-24,0.00149,2.1e-05,-0.000246
2023-04-25,-0.004521,-0.000651,0.002671
2023-04-26,0.001734,-0.002503,0.005783
2023-04-27,-0.000179,0.000239,0.000188
2023-04-28,0.009618,0.005931,0.00437
2023-05-01,0.004541,0.003458,0.000634
2023-05-02,0.007114,0.005495,0.003672
2023-05-03,-0.002552,0.005495,0.002985
2023-05-04,0.009666,0.004544,0.004926
2023-05-05,0.001335,-0.000341,-0.000113
2023-05-08,0.000383,-0.000112,0.000593
2023-05-09,0.000462,-0.000215,-0.000589
2023-05-10,0.001719,-0.000434,0.000901
2023-05-11,-0.001951,3e-05,0.004293
2023-05-12,-0.011077,-0.028709,-0.034136
2023-05-15,0.000748,0.000909,0.000542
2023-05-16,-0.000711,0.000549,-0.00143
2023-05-17,0.017847,0.000614,4.9e-05
2023-05-18,0.000839,-0.000217,-0.000906
2023-05-19,-0.000165,0.0011,-0.00045
2023-05-22,-0.001942,0.000205,-0.000717
2023-05-23,0.000227,0.008664,0.002997
2023-05-24,0.008474,-0.00303,-0.000326
2023-05-25,0.002024,0.001473,-0.001783
2023-05-26,0.001148,0.001139,0.000873
2023-05-29,0.000301,0.000364,0.000773
2023-05-30,0.000377,0.000217,0.000118
2023-05-31,0.003454,-0.001322,0.001359
2023-06-01,-0.007147,0.00308,0.005434
2023-06-02,0.000209,0.004105,-0.003534
2023-06-05,-0.015418,-0.006465,-0.002837
2023-06-06,0.001146,-0.00169,6e-06
2023-06-07,0.000905,0.000371,-0.000173
2023-06-08,-0.000919,0.006265,-0.003068
2023-06-09,-0.004282,-0.000525,0.003319
2023-06-12,0.001517,-0.003155,0.002951
2023-06-13,0.002102,0.001704,0.000292
2023-06-14,-0.002887,0.004041,0.001201
2023-06-15,-0.00019,-0.002025,-0.000787
2023-06-16,-0.000108,0.000466,0.000903
2023-06-19,-0.04005,0.016172,-0.003111
2023-06-20,0.003403,-0.002664,-0.002207
2023-06-21,-0.00792,-0.00511,-5.7e-05
2023-06-22,0.000132,0.000403,0.000109
2023-06-23,-0.000767,0.000467,0.000225
2023-06-26,0.003276,0.001555,-0.00035
2023-06-27,0.015289,-0.016856,0.003529
2023-06-28,-0.000321,-4.7e-05,-0.000331
2023-06-29,0.007995,-0.001839,0.004236
2023-06-30,0.000112,0.000319,0.000187
2023-07-03,-0.002181,0.001919,-0.001347
2023-07-04,0.005688,-0.002576,-0.003511
2023-07-05,-0.006814,0.004829,0.004001
2023-07-06,0.005465,-0.005395,0.002571
2023-07-07,-0.001648,-0.001279,0.001718
2023-07-10,-0.001678,0.001241,0.000966
2023-07-11,0.015878,-0.002144,-0.001422
2023-07-12,0.00015,0.000193,0.000206
2023-07-13,0.000158,0.000408,0.000301
2023-07-14,0.0003,0.000117,0.000177
2023-07-17,0.002432,0.002825,-0.001396
2023-07-18,-0.000198,0.000984,0.001389
2023-07-19,-0.001282,0.000499,0.00046
2023-07-20,-0.007916,0.001228,-0.00147
2023-07-21,0.007091,-0.005113,0.002167
2023-07-24,0.000246,0.000421,-0.002372
2023-07-25,0.017549,0.003529,0.006742
2023-07-26,0.009165,-0.003517,0.013528
2023-07-27,-0.001335,0.001002,-0.000249
2023-07-28,0.006879,0.000224,-0.006056
2023-07-31,-0.000474,0.001514,0.003864
2023-08-01,0.005898,0.001233,-0.003102
2023-08-02,-0.002535,0.007849,0.003268
2023-08-03,0.001046,-3e-06,0.000121
2023-08-04,0.000145,-0.000314,1.7e-05
2023-08-07,0.000421,0.000699,-6.6e-05
2023-08-08,0.004462,0.002246,-0.001952
2023-08-09,0.004179,0.002908,0.000304
2023-08-10,-0.003425,-0.001092,-0.004699
2023-08-11,0.00136,3.7e-05,0.001817
2023-08-14,0.008821,0.011301,0.00147
2023-08-15,-0.006996,0.00086,-0.001003
2023-08-16,0.002476,0.010882,0.001368
2023-08-17,-0.010557,0.010696,0.002134
2023-08-18,-0.000829,0.001795,0.001213
2023-08-21,0.013817,-0.00162,-0.001617
2023-08-22,0.014081,0.00322,0.001036
2023-08-23,0.002304,-0.000915,-0.000483
2023-08-24,-0.036385,0.010049,-0.000398
2023-08-25,-0.002521,0.001449,0.00157
2023-08-28,0.005911,-0.003519,-0.003488
2023-08-29,-0.003026,-0.002501,-0.00026
2023-08-30,0.000516,-9.3e-05,-0.00025
2023-08-31,-0.001381,0.000142,0.001897
2023-09-01,-0.002576,0.00249,-0.00143
2023-09-04,0.010737,0.001292,-1.9e-05
2023-09-05,0.002991,0.001479,-0.001787
2023-09-06,0.003832,0.002761,0.001296
2023-09-07,-6.7e-05,0.000742,0.000279
2023-09-08,0.013364,0.008383,0.006623
2023-09-11,-0.000829,-0.014434,0.013578
2023-09-12,0.000995,-0.008201,-0.002423
2023-09-13,-0.004343,-0.002941,-0.001334
2023-09-14,-0.001577,0.004296,-0.001193
2023-09-15,0.003427,-0.001063,0.000514
2023-09-18,0.000429,-0.006607,-0.000255
2023-09-19,-0.002087,-0.000537,-6.7e-05
2023-09-20,-0.002233,0.001926,0.001896
2023-09-21,-0.001329,0.006208,0.001906
2023-09-22,0.000135,-2.8e-05,3.9e-05
2023-09-25,0.000289,0.000437,0.00021
2023-09-26,-0.003065,0.003459,-0.001178
2023-09-27,0.000996,0.000787,-0.000887
2023-09-28,0.003592,-0.001916,0.001169
2023-09-29,0.00024,-0.000212,-0.000746
2023-10-02,0.00033,0.001184,-0.001978
2023-10-03,-0.004793,0.000791,-5.4e-05
2023-10-04,0.000134,0.004026,-0.000844
2023-10-05,0.023127,-0.004683,0.014706
2023-10-06,-0.000299,0.00066,-0.000152
2023-10-09,-0.000461,0.002839,0.002957
2023-10-10,0.003443,-0.003366,-0.001536
2023-10-11,0.008906,-0.017341,0.012209
2023-10-12,0.000599,0.003298,-0.002937
2023-10-13,0.000797,-0.001268,-0.007266
2023-10-16,0.000205,0.000686,0.000602
2023-10-17,-0.004229,0.00621,-0.00366
2023-10-18,0.001373,-0.002659,-0.002713
2023-10-19,0.00534,-0.000705,0.007748
2023-10-20,0.000168,0.001392,-0.002964
2023-10-23,-0.026682,0.00486,-0.018941
2023-10-24,0.004978,-0.001508,-0.00011
2023-10-25,-0.00729,-4.3e-05,0.008226
2023-10-26,-0.005209,0.002869,-0.000297
2023-10-27,-0.010188,0.003803,-0.000369
2023-10-30,-0.005646,-0.003749,0.004428
2023-10-31,0.003168,0.000184,-7.3e-05
2023-11-01,-0.124354,0.022924,-0.016494
2023-11-02,-0.000343,0.004518,0.001644
2023-11-03,0.002912,0.003486,0.00201
2023-11-06,0.01342,-0.000572,0.009389
2023-11-07,-0.001391,0.000529,0.000398
2023-11-08,0.002589,-0.005138,2.3e-05
2023-11-09,0.004869,0.002126,0.004771
2023-11-10,0.006661,-0.005098,0.009346
2023-11-13,-0.003336,-0.010946,-0.006956
2023-11-14,0.001478,-0.000698,-7.2e-05
2023-11-15,0.00604,-0.00207,-0.00024
2023-11-16,0.000172,-0.008448,-0.012901
2023-11-17,0.001454,0.001251,-0.000153
2023-11-20,-0.003427,-0.004217,0.001555
2023-11-21,0.001074,0.002546,0.001515
2023-11-22,0.000577,0.00149,0.000801
2023-11-23,-0.00204,0.000108,-0.000615
2023-11-24,0.00119,0.000265,-0.000255
2023-11-27,-0.000386,0.002618,0.000947
2023-11-28,0.000367,0.002234,0.00462
2023-11-29,-0.008676,-0.007988,-0.002171
2023-11-30,0.000975,0.000113,0.000957
2023-12-01,0.001192,-0.008333,-0.000717
2023-12-04,0.001704,-0.003548,0.004378
2023-12-05,0.000225,0.000218,0.000462
2023-12-06,-0.002164,-0.001544,-0.001854
2023-12-07,0.000305,0.006871,-0.001817
2023-12-08,0.005409,0.003069,0.004372
2023-12-11,-0.001943,-0.003422,-0.000278
2023-12-12,0.001807,-0.000995,0.000588
2023-12-13,0.010795,-0.002992,0.00076
2023-12-14,0.000171,-0.001446,-0.001023
2023-12-15,-0.003099,0.004892,0.002128
2023-12-18,-0.000544,-0.003768,-0.003633
2023-12-19,0.008126,-0.011072,-0.012891
2023-12-20,0.000231,0.000231,0.000172
2023-12-21,0.000246,0.002156,0.001802
2023-12-22,-0.000173,-0.002298,-0.001698
2023-12-25,-0.018779,0.007537,-0.007515
2023-12-26,-0.006351,-0.000833,-0.003067
2023-12-27,0.011859,0.004481,0.000117
2023-12-28,0.005241,0.002321,-0.00127
2023-12-29,0.001866,0.000143,0.003142
